Serial_number:,,,,
2091499,,,,
Project ID:,,,,
S2,,,,
Location:,,,,
42,,,,
LEVEL,,,,
UNIT: m,,,,
Offset: 0.000000 m,,,,
TEMPERATURE,,,,
UNIT: °C,,,,
Date,Time,ms,LEVEL,TEMPERATURE
6/6/19,11:39:21 AM,0,9.792,27.2
6/6/19,12:09:21 PM,0,10.586,1.9
6/6/19,12:39:21 PM,0,10.587,1.6
6/6/19,1:09:21 PM,0,10.589,1.5
6/6/19,1:39:21 PM,0,10.586,1.5
6/6/19,2:09:21 PM,0,10.583,1.4
6/6/19,2:39:21 PM,0,10.581,1.4
6/6/19,3:09:21 PM,0,10.581,1.4
6/6/19,3:39:21 PM,0,10.581,1.4
6/6/19,4:09:21 PM,0,10.58,1.4
6/6/19,4:39:21 PM,0,10.58,1.4
6/6/19,5:09:21 PM,0,10.578,1.4
6/6/19,5:39:21 PM,0,10.578,1.4
6/6/19,6:09:21 PM,0,10.578,1.4
6/6/19,6:39:21 PM,0,10.578,1.4
6/6/19,7:09:21 PM,0,10.58,1.4
6/6/19,7:39:21 PM,0,10.581,1.4
6/6/19,8:09:21 PM,0,10.583,1.4
6/6/19,8:39:21 PM,0,10.584,1.4
6/6/19,9:09:21 PM,0,10.586,1.4
6/6/19,9:39:21 PM,0,10.587,1.4
6/6/19,10:09:21 PM,0,10.59,1.4
6/6/19,10:39:21 PM,0,10.592,1.4
6/6/19,11:09:21 PM,0,10.592,1.4
6/6/19,11:39:21 PM,0,10.59,1.4
6/7/19,12:09:21 AM,0,10.59,1.4
6/7/19,12:39:21 AM,0,10.59,1.4
6/7/19,1:09:21 AM,0,10.592,1.4
6/7/19,1:39:21 AM,0,10.592,1.4
6/7/19,2:09:21 AM,0,10.592,1.4
6/7/19,2:39:21 AM,0,10.592,1.4
6/7/19,3:09:21 AM,0,10.595,1.4
6/7/19,3:39:21 AM,0,10.593,1.4
6/7/19,4:09:21 AM,0,10.595,1.4
6/7/19,4:39:21 AM,0,10.595,1.4
6/7/19,5:09:21 AM,0,10.596,1.4
6/7/19,5:39:21 AM,0,10.596,1.4
6/7/19,6:09:21 AM,0,10.599,1.4
6/7/19,6:39:21 AM,0,10.599,1.4
6/7/19,7:09:21 AM,0,10.599,1.4
6/7/19,7:39:21 AM,0,10.599,1.4
6/7/19,8:09:21 AM,0,10.599,1.4
6/7/19,8:39:21 AM,0,10.598,1.4
6/7/19,9:09:21 AM,0,10.596,1.4
6/7/19,9:39:21 AM,0,10.595,1.4
6/7/19,10:09:21 AM,0,10.592,1.4
6/7/19,10:39:21 AM,0,10.593,1.4
6/7/19,11:09:21 AM,0,10.592,1.4
6/7/19,11:39:21 AM,0,10.59,1.4
6/7/19,12:09:21 PM,0,10.589,1.4
6/7/19,12:39:21 PM,0,10.586,1.4
6/7/19,1:09:21 PM,0,10.583,1.4
6/7/19,1:39:21 PM,0,10.581,1.4
6/7/19,2:09:21 PM,0,10.58,1.4
6/7/19,2:39:21 PM,0,10.575,1.4
6/7/19,3:09:21 PM,0,10.574,1.4
6/7/19,3:39:21 PM,0,10.572,1.4
6/7/19,4:09:21 PM,0,10.571,1.4
6/7/19,4:39:21 PM,0,10.569,1.4
6/7/19,5:09:21 PM,0,10.569,1.4
6/7/19,5:39:21 PM,0,10.568,1.4
6/7/19,6:09:21 PM,0,10.569,1.4
6/7/19,6:39:21 PM,0,10.569,1.4
6/7/19,7:09:21 PM,0,10.569,1.4
6/7/19,7:39:21 PM,0,10.569,1.4
6/7/19,8:09:21 PM,0,10.569,1.4
6/7/19,8:39:21 PM,0,10.572,1.4
6/7/19,9:09:21 PM,0,10.574,1.4
6/7/19,9:39:21 PM,0,10.575,1.4
6/7/19,10:09:21 PM,0,10.577,1.4
6/7/19,10:39:21 PM,0,10.58,1.4
6/7/19,11:09:21 PM,0,10.583,1.4
6/7/19,11:39:21 PM,0,10.586,1.4
6/8/19,12:09:21 AM,0,10.587,1.4
6/8/19,12:39:21 AM,0,10.586,1.4
6/8/19,1:09:21 AM,0,10.586,1.4
6/8/19,1:39:21 AM,0,10.586,1.4
6/8/19,2:09:21 AM,0,10.589,1.4
6/8/19,2:39:21 AM,0,10.592,1.4
6/8/19,3:09:21 AM,0,10.595,1.4
6/8/19,3:39:21 AM,0,10.595,1.4
6/8/19,4:09:21 AM,0,10.595,1.4
6/8/19,4:39:21 AM,0,10.595,1.4
6/8/19,5:09:21 AM,0,10.595,1.4
6/8/19,5:39:21 AM,0,10.598,1.4
6/8/19,6:09:21 AM,0,10.598,1.4
6/8/19,6:39:21 AM,0,10.599,1.4
6/8/19,7:09:21 AM,0,10.598,1.4
6/8/19,7:39:21 AM,0,10.598,1.4
6/8/19,8:09:21 AM,0,10.602,1.4
6/8/19,8:39:21 AM,0,10.601,1.4
6/8/19,9:09:21 AM,0,10.599,1.4
6/8/19,9:39:21 AM,0,10.598,1.4
6/8/19,10:09:21 AM,0,10.598,1.4
6/8/19,10:39:21 AM,0,10.598,1.4
6/8/19,11:09:21 AM,0,10.595,1.4
6/8/19,11:39:21 AM,0,10.595,1.4
6/8/19,12:09:21 PM,0,10.595,1.4
6/8/19,12:39:21 PM,0,10.593,1.4
6/8/19,1:09:21 PM,0,10.59,1.4
6/8/19,1:39:21 PM,0,10.589,1.4
6/8/19,2:09:21 PM,0,10.586,1.4
6/8/19,2:39:21 PM,0,10.584,1.4
6/8/19,3:09:21 PM,0,10.58,1.4
6/8/19,3:39:21 PM,0,10.577,1.4
6/8/19,4:09:21 PM,0,10.577,1.4
6/8/19,4:39:21 PM,0,10.575,1.4
6/8/19,5:09:21 PM,0,10.575,1.4
6/8/19,5:39:21 PM,0,10.575,1.4
6/8/19,6:09:21 PM,0,10.574,1.4
6/8/19,6:39:21 PM,0,10.575,1.4
6/8/19,7:09:21 PM,0,10.574,1.4
6/8/19,7:39:21 PM,0,10.577,1.4
6/8/19,8:09:21 PM,0,10.577,1.4
6/8/19,8:39:21 PM,0,10.577,1.4
6/8/19,9:09:21 PM,0,10.578,1.4
6/8/19,9:39:21 PM,0,10.58,1.4
6/8/19,10:09:21 PM,0,10.584,1.4
6/8/19,10:39:21 PM,0,10.589,1.4
6/8/19,11:09:21 PM,0,10.596,1.4
6/8/19,11:39:21 PM,0,10.602,1.4
6/9/19,12:09:21 AM,0,10.604,1.4
6/9/19,12:39:21 AM,0,10.599,1.4
6/9/19,1:09:21 AM,0,10.596,1.4
6/9/19,1:39:21 AM,0,10.592,1.4
6/9/19,2:09:21 AM,0,10.589,1.4
6/9/19,2:39:21 AM,0,10.589,1.4
6/9/19,3:09:21 AM,0,10.587,1.4
6/9/19,3:39:21 AM,0,10.589,1.4
6/9/19,4:09:21 AM,0,10.587,1.4
6/9/19,4:39:21 AM,0,10.589,1.4
6/9/19,5:09:21 AM,0,10.592,1.4
6/9/19,5:39:21 AM,0,10.596,1.4
6/9/19,6:09:21 AM,0,10.604,1.4
6/9/19,6:39:21 AM,0,10.611,1.4
6/9/19,7:09:21 AM,0,10.613,1.4
6/9/19,7:39:21 AM,0,10.61,1.4
6/9/19,8:09:21 AM,0,10.617,1.4
6/9/19,8:39:21 AM,0,10.617,1.4
6/9/19,9:09:21 AM,0,10.622,1.4
6/9/19,9:39:21 AM,0,10.623,1.4
6/9/19,10:09:21 AM,0,10.628,1.4
6/9/19,10:39:21 AM,0,10.632,1.4
6/9/19,11:09:21 AM,0,10.637,1.4
6/9/19,11:39:21 AM,0,10.64,1.4
6/9/19,12:09:21 PM,0,10.643,1.4
6/9/19,12:39:21 PM,0,10.646,1.4
6/9/19,1:09:21 PM,0,10.655,1.4
6/9/19,1:39:21 PM,0,10.659,1.4
6/9/19,2:09:21 PM,0,10.658,1.4
6/9/19,2:39:21 PM,0,10.656,1.4
6/9/19,3:09:21 PM,0,10.659,1.4
6/9/19,3:39:21 PM,0,10.661,1.4
6/9/19,4:09:21 PM,0,10.662,1.4
6/9/19,4:39:21 PM,0,10.662,1.4
6/9/19,5:09:21 PM,0,10.664,1.4
6/9/19,5:39:21 PM,0,10.661,1.4
6/9/19,6:09:21 PM,0,10.661,1.4
6/9/19,6:39:21 PM,0,10.662,1.4
6/9/19,7:09:21 PM,0,10.662,1.4
6/9/19,7:39:21 PM,0,10.664,1.4
6/9/19,8:09:21 PM,0,10.665,1.5
6/9/19,8:39:21 PM,0,10.665,1.5
6/9/19,9:09:21 PM,0,10.668,1.5
6/9/19,9:39:21 PM,0,10.671,1.5
6/9/19,10:09:21 PM,0,10.673,1.5
6/9/19,10:39:21 PM,0,10.676,1.5
6/9/19,11:09:21 PM,0,10.674,1.5
6/9/19,11:39:21 PM,0,10.676,1.5
6/10/19,12:09:21 AM,0,10.676,1.5
6/10/19,12:39:21 AM,0,10.676,1.5
6/10/19,1:09:21 AM,0,10.674,1.5
6/10/19,1:39:21 AM,0,10.674,1.5
6/10/19,2:09:21 AM,0,10.671,1.5
6/10/19,2:39:21 AM,0,10.673,1.5
6/10/19,3:09:21 AM,0,10.671,1.5
6/10/19,3:39:21 AM,0,10.673,1.5
6/10/19,4:09:21 AM,0,10.673,1.5
6/10/19,4:39:21 AM,0,10.673,1.5
6/10/19,5:09:21 AM,0,10.674,1.5
6/10/19,5:39:21 AM,0,10.674,1.5
6/10/19,6:09:21 AM,0,10.674,1.5
6/10/19,6:39:21 AM,0,10.673,1.5
6/10/19,7:09:21 AM,0,10.674,1.5
6/10/19,7:39:21 AM,0,10.674,1.5
6/10/19,8:09:21 AM,0,10.673,1.5
6/10/19,8:39:21 AM,0,10.67,1.5
6/10/19,9:09:21 AM,0,10.668,1.5
6/10/19,9:39:21 AM,0,10.667,1.5
6/10/19,10:09:21 AM,0,10.664,1.5
6/10/19,10:39:21 AM,0,10.661,1.5
6/10/19,11:09:21 AM,0,10.656,1.5
6/10/19,11:39:21 AM,0,10.655,1.5
6/10/19,12:09:21 PM,0,10.656,1.5
6/10/19,12:39:21 PM,0,10.658,1.5
6/10/19,1:09:21 PM,0,10.655,1.5
6/10/19,1:39:21 PM,0,10.656,1.5
6/10/19,2:09:21 PM,0,10.653,1.5
6/10/19,2:39:21 PM,0,10.652,1.5
6/10/19,3:09:21 PM,0,10.652,1.5
6/10/19,3:39:21 PM,0,10.653,1.5
6/10/19,4:09:21 PM,0,10.652,1.5
6/10/19,4:39:21 PM,0,10.649,1.5
6/10/19,5:09:21 PM,0,10.649,1.5
6/10/19,5:39:21 PM,0,10.649,1.5
6/10/19,6:09:21 PM,0,10.647,1.5
6/10/19,6:39:21 PM,0,10.647,1.5
6/10/19,7:09:21 PM,0,10.647,1.5
6/10/19,7:39:21 PM,0,10.649,1.5
6/10/19,8:09:21 PM,0,10.649,1.5
6/10/19,8:39:21 PM,0,10.649,1.5
6/10/19,9:09:21 PM,0,10.649,1.5
6/10/19,9:39:21 PM,0,10.652,1.5
6/10/19,10:09:21 PM,0,10.653,1.5
6/10/19,10:39:21 PM,0,10.655,1.5
6/10/19,11:09:21 PM,0,10.656,1.5
6/10/19,11:39:21 PM,0,10.656,1.5
6/11/19,12:09:21 AM,0,10.656,1.5
6/11/19,12:39:21 AM,0,10.656,1.5
6/11/19,1:09:21 AM,0,10.655,1.5
6/11/19,1:39:21 AM,0,10.653,1.5
6/11/19,2:09:21 AM,0,10.652,1.5
6/11/19,2:39:21 AM,0,10.65,1.5
6/11/19,3:09:21 AM,0,10.65,1.5
6/11/19,3:39:21 AM,0,10.65,1.5
6/11/19,4:09:21 AM,0,10.649,1.5
6/11/19,4:39:21 AM,0,10.647,1.5
6/11/19,5:09:21 AM,0,10.647,1.5
6/11/19,5:39:21 AM,0,10.646,1.5
6/11/19,6:09:21 AM,0,10.649,1.5
6/11/19,6:39:21 AM,0,10.647,1.5
6/11/19,7:09:21 AM,0,10.646,1.5
6/11/19,7:39:21 AM,0,10.646,1.5
6/11/19,8:09:21 AM,0,10.644,1.5
6/11/19,8:39:21 AM,0,10.643,1.5
6/11/19,9:09:21 AM,0,10.638,1.5
6/11/19,9:39:21 AM,0,10.634,1.5
6/11/19,10:09:21 AM,0,10.631,1.5
6/11/19,10:39:21 AM,0,10.628,1.5
6/11/19,11:09:21 AM,0,10.622,1.5
6/11/19,11:39:21 AM,0,10.62,1.5
6/11/19,12:09:21 PM,0,10.617,1.5
6/11/19,12:39:21 PM,0,10.613,1.5
6/11/19,1:09:21 PM,0,10.605,1.5
6/11/19,1:39:21 PM,0,10.596,1.5
6/11/19,2:09:21 PM,0,10.598,1.5
6/11/19,2:39:21 PM,0,10.593,1.5
6/11/19,3:09:21 PM,0,10.593,1.5
6/11/19,3:39:21 PM,0,10.604,1.5
6/11/19,4:09:21 PM,0,10.598,1.5
6/11/19,4:39:21 PM,0,10.593,1.5
6/11/19,5:09:21 PM,0,10.589,1.5
6/11/19,5:39:21 PM,0,10.598,1.5
6/11/19,6:09:21 PM,0,10.608,1.5
6/11/19,6:39:21 PM,0,10.61,1.5
6/11/19,7:09:21 PM,0,10.604,1.5
6/11/19,7:39:21 PM,0,10.607,1.5
6/11/19,8:09:21 PM,0,10.61,1.5
6/11/19,8:39:21 PM,0,10.608,1.5
6/11/19,9:09:21 PM,0,10.61,1.5
6/11/19,9:39:21 PM,0,10.608,1.5
6/11/19,10:09:21 PM,0,10.613,1.5
6/11/19,10:39:21 PM,0,10.614,1.5
6/11/19,11:09:21 PM,0,10.614,1.5
6/11/19,11:39:21 PM,0,10.617,1.5
6/12/19,12:09:21 AM,0,10.617,1.5
6/12/19,12:39:21 AM,0,10.617,1.5
6/12/19,1:09:21 AM,0,10.617,1.5
6/12/19,1:39:21 AM,0,10.614,1.5
6/12/19,2:09:21 AM,0,10.614,1.5
6/12/19,2:39:21 AM,0,10.614,1.5
6/12/19,3:09:21 AM,0,10.616,1.5
6/12/19,3:39:21 AM,0,10.616,1.5
6/12/19,4:09:21 AM,0,10.617,1.5
6/12/19,4:39:21 AM,0,10.622,1.5
6/12/19,5:09:21 AM,0,10.622,1.5
6/12/19,5:39:21 AM,0,10.625,1.5
6/12/19,6:09:21 AM,0,10.626,1.5
6/12/19,6:39:21 AM,0,10.629,1.5
6/12/19,7:09:21 AM,0,10.634,1.5
6/12/19,7:39:21 AM,0,10.635,1.5
6/12/19,8:09:21 AM,0,10.635,1.5
6/12/19,8:39:21 AM,0,10.64,1.5
6/12/19,9:09:21 AM,0,10.64,1.5
6/12/19,9:39:21 AM,0,10.64,1.5
6/12/19,10:09:21 AM,0,10.64,1.5
6/12/19,10:39:21 AM,0,10.643,1.5
6/12/19,11:09:21 AM,0,10.641,1.5
6/12/19,11:39:21 AM,0,10.641,1.5
6/12/19,12:09:21 PM,0,10.641,1.5
6/12/19,12:39:21 PM,0,10.641,1.5
6/12/19,1:09:21 PM,0,10.641,1.5
6/12/19,1:39:21 PM,0,10.643,1.5
6/12/19,2:09:21 PM,0,10.64,1.5
6/12/19,2:39:21 PM,0,10.635,1.5
6/12/19,3:09:21 PM,0,10.634,1.5
6/12/19,3:39:21 PM,0,10.632,1.5
6/12/19,4:09:21 PM,0,10.631,1.5
6/12/19,4:39:21 PM,0,10.629,1.5
6/12/19,5:09:21 PM,0,10.626,1.5
6/12/19,5:39:21 PM,0,10.625,1.5
6/12/19,6:09:21 PM,0,10.625,1.5
6/12/19,6:39:21 PM,0,10.625,1.5
6/12/19,7:09:21 PM,0,10.625,1.5
6/12/19,7:39:21 PM,0,10.625,1.5
6/12/19,8:09:21 PM,0,10.628,1.6
6/12/19,8:39:21 PM,0,10.628,1.6
6/12/19,9:09:21 PM,0,10.629,1.6
6/12/19,9:39:21 PM,0,10.631,1.6
6/12/19,10:09:21 PM,0,10.632,1.6
6/12/19,10:39:21 PM,0,10.631,1.6
6/12/19,11:09:21 PM,0,10.631,1.6
6/12/19,11:39:21 PM,0,10.629,1.6
6/13/19,12:09:21 AM,0,10.629,1.6
6/13/19,12:39:21 AM,0,10.628,1.6
6/13/19,1:09:21 AM,0,10.626,1.6
6/13/19,1:39:21 AM,0,10.623,1.6
6/13/19,2:09:21 AM,0,10.622,1.6
6/13/19,2:39:21 AM,0,10.62,1.6
6/13/19,3:09:21 AM,0,10.622,1.6
6/13/19,3:39:21 AM,0,10.62,1.6
6/13/19,4:09:21 AM,0,10.619,1.6
6/13/19,4:39:21 AM,0,10.619,1.6
6/13/19,5:09:21 AM,0,10.622,1.6
6/13/19,5:39:21 AM,0,10.622,1.6
6/13/19,6:09:21 AM,0,10.623,1.6
6/13/19,6:39:21 AM,0,10.625,1.6
6/13/19,7:09:21 AM,0,10.625,1.6
6/13/19,7:39:21 AM,0,10.625,1.6
6/13/19,8:09:21 AM,0,10.623,1.6
6/13/19,8:39:21 AM,0,10.623,1.6
6/13/19,9:09:21 AM,0,10.62,1.6
6/13/19,9:39:21 AM,0,10.62,1.6
6/13/19,10:09:21 AM,0,10.617,1.6
6/13/19,10:39:21 AM,0,10.613,1.6
6/13/19,11:09:21 AM,0,10.611,1.6
6/13/19,11:39:21 AM,0,10.605,1.6
6/13/19,12:09:21 PM,0,10.604,1.6
6/13/19,12:39:21 PM,0,10.599,1.6
6/13/19,1:09:21 PM,0,10.596,1.6
6/13/19,1:39:21 PM,0,10.592,1.6
6/13/19,2:09:21 PM,0,10.589,1.6
6/13/19,2:39:21 PM,0,10.587,1.6
6/13/19,3:09:21 PM,0,10.583,1.6
6/13/19,3:39:21 PM,0,10.58,1.6
6/13/19,4:09:21 PM,0,10.58,1.6
6/13/19,4:39:21 PM,0,10.577,1.6
6/13/19,5:09:21 PM,0,10.574,1.6
6/13/19,5:39:21 PM,0,10.571,1.6
6/13/19,6:09:21 PM,0,10.569,1.6
6/13/19,6:39:21 PM,0,10.565,1.6
6/13/19,7:09:21 PM,0,10.562,1.6
6/13/19,7:39:21 PM,0,10.559,1.6
6/13/19,8:09:21 PM,0,10.556,1.6
6/13/19,8:39:21 PM,0,10.553,1.6
6/13/19,9:09:21 PM,0,10.551,1.6
6/13/19,9:39:21 PM,0,10.55,1.6
6/13/19,10:09:21 PM,0,10.55,1.6
6/13/19,10:39:21 PM,0,10.548,1.6
6/13/19,11:09:21 PM,0,10.545,1.6
6/13/19,11:39:21 PM,0,10.541,1.6
6/14/19,12:09:21 AM,0,10.539,1.6
6/14/19,12:39:21 AM,0,10.536,1.6
6/14/19,1:09:21 AM,0,10.53,1.6
6/14/19,1:39:21 AM,0,10.529,1.6
6/14/19,2:09:21 AM,0,10.527,1.6
6/14/19,2:39:21 AM,0,10.524,1.6
6/14/19,3:09:21 AM,0,10.515,1.6
6/14/19,3:39:21 AM,0,10.511,1.6
6/14/19,4:09:21 AM,0,10.506,1.6
6/14/19,4:39:21 AM,0,10.503,1.6
6/14/19,5:09:21 AM,0,10.506,1.6
6/14/19,5:39:21 AM,0,10.505,1.6
6/14/19,6:09:21 AM,0,10.5,1.6
6/14/19,6:39:21 AM,0,10.494,1.6
6/14/19,7:09:21 AM,0,10.496,1.6
6/14/19,7:39:21 AM,0,10.491,1.6
6/14/19,8:09:21 AM,0,10.49,1.6
6/14/19,8:39:21 AM,0,10.487,1.6
6/14/19,9:09:21 AM,0,10.484,1.6
6/14/19,9:39:21 AM,0,10.482,1.6
6/14/19,10:09:21 AM,0,10.482,1.6
6/14/19,10:39:21 AM,0,10.478,1.6
6/14/19,11:09:21 AM,0,10.476,1.6
6/14/19,11:39:21 AM,0,10.476,1.6
6/14/19,12:09:21 PM,0,10.473,1.6
6/14/19,12:39:21 PM,0,10.473,1.6
6/14/19,1:09:21 PM,0,10.473,1.6
6/14/19,1:39:21 PM,0,10.475,1.6
6/14/19,2:09:21 PM,0,10.475,1.6
6/14/19,2:39:21 PM,0,10.473,1.6
6/14/19,3:09:21 PM,0,10.472,1.6
6/14/19,3:39:21 PM,0,10.47,1.6
6/14/19,4:09:21 PM,0,10.469,1.6
6/14/19,4:39:21 PM,0,10.466,1.6
6/14/19,5:09:21 PM,0,10.464,1.6
6/14/19,5:39:21 PM,0,10.463,1.6
6/14/19,6:09:21 PM,0,10.463,1.6
6/14/19,6:39:21 PM,0,10.467,1.6
6/14/19,7:09:21 PM,0,10.47,1.6
6/14/19,7:39:21 PM,0,10.473,1.6
6/14/19,8:09:21 PM,0,10.475,1.6
6/14/19,8:39:21 PM,0,10.476,1.6
6/14/19,9:09:21 PM,0,10.478,1.6
6/14/19,9:39:21 PM,0,10.484,1.6
6/14/19,10:09:21 PM,0,10.49,1.6
6/14/19,10:39:21 PM,0,10.497,1.6
6/14/19,11:09:21 PM,0,10.502,1.6
6/14/19,11:39:21 PM,0,10.505,1.6
6/15/19,12:09:21 AM,0,10.508,1.6
6/15/19,12:39:21 AM,0,10.511,1.6
6/15/19,1:09:21 AM,0,10.512,1.6
6/15/19,1:39:21 AM,0,10.514,1.6
6/15/19,2:09:21 AM,0,10.517,1.6
6/15/19,2:39:21 AM,0,10.52,1.6
6/15/19,3:09:21 AM,0,10.523,1.6
6/15/19,3:39:21 AM,0,10.526,1.6
6/15/19,4:09:21 AM,0,10.527,1.6
6/15/19,4:39:21 AM,0,10.529,1.6
6/15/19,5:09:21 AM,0,10.532,1.6
6/15/19,5:39:21 AM,0,10.536,1.6
6/15/19,6:09:21 AM,0,10.538,1.6
6/15/19,6:39:21 AM,0,10.538,1.6
6/15/19,7:09:21 AM,0,10.545,1.6
6/15/19,7:39:21 AM,0,10.548,1.6
6/15/19,8:09:21 AM,0,10.55,1.6
6/15/19,8:39:21 AM,0,10.55,1.6
6/15/19,9:09:21 AM,0,10.551,1.6
6/15/19,9:39:21 AM,0,10.547,1.6
6/15/19,10:09:21 AM,0,10.545,1.6
6/15/19,10:39:21 AM,0,10.544,1.6
6/15/19,11:09:21 AM,0,10.542,1.6
6/15/19,11:39:21 AM,0,10.542,1.6
6/15/19,12:09:21 PM,0,10.541,1.6
6/15/19,12:39:21 PM,0,10.538,1.6
6/15/19,1:09:21 PM,0,10.539,1.6
6/15/19,1:39:21 PM,0,10.541,1.6
6/15/19,2:09:21 PM,0,10.536,1.6
6/15/19,2:39:21 PM,0,10.536,1.6
6/15/19,3:09:21 PM,0,10.536,1.6
6/15/19,3:39:21 PM,0,10.535,1.6
6/15/19,4:09:21 PM,0,10.535,1.6
6/15/19,4:39:21 PM,0,10.536,1.6
6/15/19,5:09:21 PM,0,10.533,1.6
6/15/19,5:39:21 PM,0,10.538,1.6
6/15/19,6:09:21 PM,0,10.539,1.6
6/15/19,6:39:21 PM,0,10.541,1.6
6/15/19,7:09:21 PM,0,10.539,1.6
6/15/19,7:39:21 PM,0,10.542,1.6
6/15/19,8:09:21 PM,0,10.544,1.6
6/15/19,8:39:21 PM,0,10.545,1.6
6/15/19,9:09:21 PM,0,10.548,1.6
6/15/19,9:39:21 PM,0,10.554,1.6
6/15/19,10:09:21 PM,0,10.557,1.6
6/15/19,10:39:21 PM,0,10.557,1.6
6/15/19,11:09:21 PM,0,10.554,1.6
6/15/19,11:39:21 PM,0,10.557,1.6
6/16/19,12:09:21 AM,0,10.556,1.6
6/16/19,12:39:21 AM,0,10.554,1.6
6/16/19,1:09:21 AM,0,10.55,1.6
6/16/19,1:39:21 AM,0,10.55,1.6
6/16/19,2:09:21 AM,0,10.554,1.6
6/16/19,2:39:21 AM,0,10.562,1.6
6/16/19,3:09:21 AM,0,10.563,1.6
6/16/19,3:39:21 AM,0,10.565,1.6
6/16/19,4:09:21 AM,0,10.565,1.6
6/16/19,4:39:21 AM,0,10.563,1.6
6/16/19,5:09:21 AM,0,10.562,1.6
6/16/19,5:39:21 AM,0,10.565,1.6
6/16/19,6:09:21 AM,0,10.565,1.6
6/16/19,6:39:21 AM,0,10.569,1.6
6/16/19,7:09:21 AM,0,10.568,1.6
6/16/19,7:39:21 AM,0,10.568,1.6
6/16/19,8:09:21 AM,0,10.568,1.6
6/16/19,8:39:21 AM,0,10.569,1.6
6/16/19,9:09:21 AM,0,10.568,1.6
6/16/19,9:39:21 AM,0,10.574,1.6
6/16/19,10:09:21 AM,0,10.58,1.6
6/16/19,10:39:21 AM,0,10.584,1.7
6/16/19,11:09:21 AM,0,10.59,1.7
6/16/19,11:39:21 AM,0,10.601,1.7
6/16/19,12:09:21 PM,0,10.602,1.7
6/16/19,12:39:21 PM,0,10.601,1.7
6/16/19,1:09:21 PM,0,10.596,1.7
6/16/19,1:39:21 PM,0,10.596,1.7
6/16/19,2:09:21 PM,0,10.595,1.7
6/16/19,2:39:21 PM,0,10.592,1.7
6/16/19,3:09:21 PM,0,10.589,1.7
6/16/19,3:39:21 PM,0,10.589,1.7
6/16/19,4:09:21 PM,0,10.587,1.7
6/16/19,4:39:21 PM,0,10.586,1.7
6/16/19,5:09:21 PM,0,10.583,1.7
6/16/19,5:39:21 PM,0,10.581,1.7
6/16/19,6:09:21 PM,0,10.577,1.7
6/16/19,6:39:21 PM,0,10.575,1.7
6/16/19,7:09:21 PM,0,10.575,1.7
6/16/19,7:39:21 PM,0,10.575,1.7
6/16/19,8:09:21 PM,0,10.575,1.7
6/16/19,8:39:21 PM,0,10.575,1.7
6/16/19,9:09:21 PM,0,10.575,1.7
6/16/19,9:39:21 PM,0,10.578,1.7
6/16/19,10:09:21 PM,0,10.58,1.7
6/16/19,10:39:21 PM,0,10.581,1.7
6/16/19,11:09:21 PM,0,10.583,1.7
6/16/19,11:39:21 PM,0,10.584,1.7
6/17/19,12:09:21 AM,0,10.584,1.7
6/17/19,12:39:21 AM,0,10.589,1.7
6/17/19,1:09:21 AM,0,10.589,1.7
6/17/19,1:39:21 AM,0,10.589,1.7
6/17/19,2:09:21 AM,0,10.586,1.7
6/17/19,2:39:21 AM,0,10.584,1.7
6/17/19,3:09:21 AM,0,10.583,1.7
6/17/19,3:39:21 AM,0,10.583,1.7
6/17/19,4:09:21 AM,0,10.584,1.7
6/17/19,4:39:21 AM,0,10.581,1.7
6/17/19,5:09:21 AM,0,10.583,1.7
6/17/19,5:39:21 AM,0,10.587,1.7
6/17/19,6:09:21 AM,0,10.586,1.7
6/17/19,6:39:21 AM,0,10.587,1.7
6/17/19,7:09:21 AM,0,10.587,1.7
6/17/19,7:39:21 AM,0,10.589,1.7
6/17/19,8:09:21 AM,0,10.587,1.7
6/17/19,8:39:21 AM,0,10.586,1.7
6/17/19,9:09:21 AM,0,10.587,1.7
6/17/19,9:39:21 AM,0,10.589,1.7
6/17/19,10:09:21 AM,0,10.589,1.7
6/17/19,10:39:21 AM,0,10.587,1.7
6/17/19,11:09:21 AM,0,10.589,1.7
6/17/19,11:39:21 AM,0,10.59,1.7
6/17/19,12:09:21 PM,0,10.59,1.7
6/17/19,12:39:21 PM,0,10.592,1.7
6/17/19,1:09:21 PM,0,10.595,1.7
6/17/19,1:39:21 PM,0,10.593,1.7
6/17/19,2:09:21 PM,0,10.593,1.7
6/17/19,2:39:21 PM,0,10.593,1.7
6/17/19,3:09:21 PM,0,10.593,1.7
6/17/19,3:39:21 PM,0,10.593,1.7
6/17/19,4:09:21 PM,0,10.592,1.7
6/17/19,4:39:21 PM,0,10.59,1.7
6/17/19,5:09:21 PM,0,10.587,1.7
6/17/19,5:39:21 PM,0,10.587,1.7
6/17/19,6:09:21 PM,0,10.587,1.7
6/17/19,6:39:21 PM,0,10.587,1.7
6/17/19,7:09:21 PM,0,10.589,1.7
6/17/19,7:39:21 PM,0,10.587,1.7
6/17/19,8:09:21 PM,0,10.587,1.7
6/17/19,8:39:21 PM,0,10.589,1.7
6/17/19,9:09:21 PM,0,10.59,1.7
6/17/19,9:39:21 PM,0,10.592,1.7
6/17/19,10:09:21 PM,0,10.593,1.7
6/17/19,10:39:21 PM,0,10.592,1.7
6/17/19,11:09:21 PM,0,10.592,1.7
6/17/19,11:39:21 PM,0,10.59,1.7
6/18/19,12:09:21 AM,0,10.59,1.7
6/18/19,12:39:21 AM,0,10.592,1.7
6/18/19,1:09:21 AM,0,10.592,1.7
6/18/19,1:39:21 AM,0,10.592,1.7
6/18/19,2:09:21 AM,0,10.59,1.7
6/18/19,2:39:21 AM,0,10.589,1.7
6/18/19,3:09:21 AM,0,10.587,1.7
6/18/19,3:39:21 AM,0,10.587,1.7
6/18/19,4:09:21 AM,0,10.587,1.7
6/18/19,4:39:21 AM,0,10.586,1.7
6/18/19,5:09:21 AM,0,10.587,1.7
6/18/19,5:39:21 AM,0,10.586,1.7
6/18/19,6:09:21 AM,0,10.587,1.7
6/18/19,6:39:21 AM,0,10.587,1.7
6/18/19,7:09:21 AM,0,10.587,1.7
6/18/19,7:39:21 AM,0,10.587,1.7
6/18/19,8:09:21 AM,0,10.59,1.7
6/18/19,8:39:21 AM,0,10.593,1.7
6/18/19,9:09:21 AM,0,10.595,1.7
6/18/19,9:39:21 AM,0,10.595,1.7
6/18/19,10:09:21 AM,0,10.593,1.7
6/18/19,10:39:21 AM,0,10.596,1.7
6/18/19,11:09:21 AM,0,10.593,1.7
6/18/19,11:39:21 AM,0,10.592,1.7
6/18/19,12:09:21 PM,0,10.589,1.7
6/18/19,12:39:21 PM,0,10.584,1.7
6/18/19,1:09:21 PM,0,10.584,1.7
6/18/19,1:39:21 PM,0,10.581,1.7
6/18/19,2:09:21 PM,0,10.58,1.7
6/18/19,2:39:21 PM,0,10.575,1.7
6/18/19,3:09:21 PM,0,10.577,1.7
6/18/19,3:39:21 PM,0,10.577,1.7
6/18/19,4:09:21 PM,0,10.578,1.7
6/18/19,4:39:21 PM,0,10.578,1.7
6/18/19,5:09:21 PM,0,10.575,1.7
6/18/19,5:39:21 PM,0,10.572,1.7
6/18/19,6:09:21 PM,0,10.571,1.7
6/18/19,6:39:21 PM,0,10.568,1.7
6/18/19,7:09:21 PM,0,10.569,1.7
6/18/19,7:39:21 PM,0,10.569,1.7
6/18/19,8:09:21 PM,0,10.571,1.7
6/18/19,8:39:21 PM,0,10.571,1.7
6/18/19,9:09:21 PM,0,10.572,1.7
6/18/19,9:39:21 PM,0,10.571,1.7
6/18/19,10:09:21 PM,0,10.574,1.7
6/18/19,10:39:21 PM,0,10.575,1.7
6/18/19,11:09:21 PM,0,10.575,1.7
6/18/19,11:39:21 PM,0,10.575,1.7
6/19/19,12:09:21 AM,0,10.575,1.7
6/19/19,12:39:21 AM,0,10.572,1.7
6/19/19,1:09:21 AM,0,10.572,1.7
6/19/19,1:39:21 AM,0,10.572,1.7
6/19/19,2:09:21 AM,0,10.571,1.7
6/19/19,2:39:21 AM,0,10.568,1.7
6/19/19,3:09:21 AM,0,10.566,1.7
6/19/19,3:39:21 AM,0,10.565,1.7
6/19/19,4:09:21 AM,0,10.565,1.7
6/19/19,4:39:21 AM,0,10.565,1.7
6/19/19,5:09:21 AM,0,10.563,1.7
6/19/19,5:39:21 AM,0,10.565,1.7
6/19/19,6:09:21 AM,0,10.565,1.7
6/19/19,6:39:21 AM,0,10.565,1.7
6/19/19,7:09:21 AM,0,10.566,1.7
6/19/19,7:39:21 AM,0,10.565,1.7
6/19/19,8:09:21 AM,0,10.568,1.7
6/19/19,8:39:21 AM,0,10.568,1.7
6/19/19,9:09:21 AM,0,10.566,1.7
6/19/19,9:39:21 AM,0,10.563,1.7
6/19/19,10:09:21 AM,0,10.56,1.7
6/19/19,10:39:21 AM,0,10.556,1.7
6/19/19,11:09:21 AM,0,10.551,1.7
6/19/19,11:39:21 AM,0,10.55,1.7
6/19/19,12:09:21 PM,0,10.548,1.7
6/19/19,12:39:21 PM,0,10.545,1.7
6/19/19,1:09:21 PM,0,10.545,1.8
6/19/19,1:39:21 PM,0,10.542,1.8
6/19/19,2:09:21 PM,0,10.536,1.8
6/19/19,2:39:21 PM,0,10.535,1.8
6/19/19,3:09:21 PM,0,10.53,1.8
6/19/19,3:39:21 PM,0,10.527,1.8
6/19/19,4:09:21 PM,0,10.524,1.8
6/19/19,4:39:21 PM,0,10.521,1.8
6/19/19,5:09:21 PM,0,10.527,1.8
6/19/19,5:39:21 PM,0,10.524,1.8
6/19/19,6:09:21 PM,0,10.523,1.8
6/19/19,6:39:21 PM,0,10.523,1.8
6/19/19,7:09:21 PM,0,10.524,1.8
6/19/19,7:39:21 PM,0,10.524,1.8
6/19/19,8:09:21 PM,0,10.524,1.8
6/19/19,8:39:21 PM,0,10.524,1.8
6/19/19,9:09:21 PM,0,10.526,1.8
6/19/19,9:39:21 PM,0,10.527,1.8
6/19/19,10:09:21 PM,0,10.532,1.8
6/19/19,10:39:21 PM,0,10.532,1.8
6/19/19,11:09:21 PM,0,10.532,1.8
6/19/19,11:39:21 PM,0,10.532,1.8
6/20/19,12:09:21 AM,0,10.53,1.8
6/20/19,12:39:21 AM,0,10.529,1.8
6/20/19,1:09:21 AM,0,10.529,1.8
6/20/19,1:39:21 AM,0,10.529,1.8
6/20/19,2:09:21 AM,0,10.53,1.8
6/20/19,2:39:21 AM,0,10.532,1.8
6/20/19,3:09:21 AM,0,10.532,1.8
6/20/19,3:39:21 AM,0,10.533,1.8
6/20/19,4:09:21 AM,0,10.533,1.8
6/20/19,4:39:21 AM,0,10.536,1.8
6/20/19,5:09:21 AM,0,10.535,1.8
6/20/19,5:39:21 AM,0,10.538,1.8
6/20/19,6:09:21 AM,0,10.541,1.8
6/20/19,6:39:21 AM,0,10.541,1.8
6/20/19,7:09:21 AM,0,10.541,1.8
6/20/19,7:39:21 AM,0,10.536,1.8
6/20/19,8:09:21 AM,0,10.532,1.8
6/20/19,8:39:21 AM,0,10.532,1.8
6/20/19,9:09:21 AM,0,10.536,1.8
6/20/19,9:39:21 AM,0,10.536,1.8
6/20/19,10:09:21 AM,0,10.533,1.8
6/20/19,10:39:21 AM,0,10.53,1.8
6/20/19,11:09:21 AM,0,10.529,1.8
6/20/19,11:39:21 AM,0,10.529,1.8
6/20/19,12:09:21 PM,0,10.529,1.8
6/20/19,12:39:21 PM,0,10.529,1.8
6/20/19,1:09:21 PM,0,10.527,1.8
6/20/19,1:39:21 PM,0,10.526,1.8
6/20/19,2:09:21 PM,0,10.523,1.8
6/20/19,2:39:21 PM,0,10.523,1.8
6/20/19,3:09:21 PM,0,10.52,1.8
6/20/19,3:39:21 PM,0,10.521,1.8
6/20/19,4:09:21 PM,0,10.521,1.8
6/20/19,4:39:21 PM,0,10.523,1.8
6/20/19,5:09:21 PM,0,10.526,1.8
6/20/19,5:39:21 PM,0,10.524,1.8
6/20/19,6:09:21 PM,0,10.524,1.8
6/20/19,6:39:21 PM,0,10.526,1.8
6/20/19,7:09:21 PM,0,10.527,1.8
6/20/19,7:39:21 PM,0,10.529,1.8
6/20/19,8:09:21 PM,0,10.532,1.8
6/20/19,8:39:21 PM,0,10.535,1.8
6/20/19,9:09:21 PM,0,10.538,1.8
6/20/19,9:39:21 PM,0,10.542,1.8
6/20/19,10:09:21 PM,0,10.547,1.8
6/20/19,10:39:21 PM,0,10.547,1.8
6/20/19,11:09:21 PM,0,10.55,1.8
6/20/19,11:39:21 PM,0,10.548,1.8
6/21/19,12:09:21 AM,0,10.548,1.8
6/21/19,12:39:21 AM,0,10.542,1.8
6/21/19,1:09:21 AM,0,10.551,1.8
6/21/19,1:39:21 AM,0,10.551,1.8
6/21/19,2:09:21 AM,0,10.554,1.8
6/21/19,2:39:21 AM,0,10.553,1.8
6/21/19,3:09:21 AM,0,10.554,1.8
6/21/19,3:39:21 AM,0,10.557,1.8
6/21/19,4:09:21 AM,0,10.551,1.8
6/21/19,4:39:21 AM,0,10.554,1.8
6/21/19,5:09:21 AM,0,10.565,1.8
6/21/19,5:39:21 AM,0,10.565,1.8
6/21/19,6:09:21 AM,0,10.562,1.8
6/21/19,6:39:21 AM,0,10.563,1.8
6/21/19,7:09:21 AM,0,10.563,1.8
6/21/19,7:39:21 AM,0,10.565,1.8
6/21/19,8:09:21 AM,0,10.563,1.8
6/21/19,8:39:21 AM,0,10.563,1.8
6/21/19,9:09:21 AM,0,10.563,1.8
6/21/19,9:39:21 AM,0,10.562,1.8
6/21/19,10:09:21 AM,0,10.562,1.8
6/21/19,10:39:21 AM,0,10.565,1.8
6/21/19,11:09:21 AM,0,10.568,1.8
6/21/19,11:39:21 AM,0,10.571,1.8
6/21/19,12:09:21 PM,0,10.571,1.8
6/21/19,12:39:21 PM,0,10.568,1.8
6/21/19,1:09:21 PM,0,10.568,1.8
6/21/19,1:39:21 PM,0,10.566,1.8
6/21/19,2:09:21 PM,0,10.566,1.8
6/21/19,2:39:21 PM,0,10.568,1.8
6/21/19,3:09:21 PM,0,10.565,1.8
6/21/19,3:39:21 PM,0,10.563,1.8
6/21/19,4:09:21 PM,0,10.563,1.8
6/21/19,4:39:21 PM,0,10.563,1.8
6/21/19,5:09:21 PM,0,10.562,1.8
6/21/19,5:39:21 PM,0,10.562,1.8
6/21/19,6:09:21 PM,0,10.56,1.8
6/21/19,6:39:21 PM,0,10.56,1.8
6/21/19,7:09:21 PM,0,10.563,1.8
6/21/19,7:39:21 PM,0,10.566,1.8
6/21/19,8:09:21 PM,0,10.568,1.8
6/21/19,8:39:21 PM,0,10.572,1.8
6/21/19,9:09:21 PM,0,10.575,1.8
6/21/19,9:39:21 PM,0,10.578,1.8
6/21/19,10:09:21 PM,0,10.581,1.8
6/21/19,10:39:21 PM,0,10.583,1.8
6/21/19,11:09:21 PM,0,10.584,1.8
6/21/19,11:39:21 PM,0,10.583,1.8
6/22/19,12:09:21 AM,0,10.584,1.8
6/22/19,12:39:21 AM,0,10.581,1.8
6/22/19,1:09:21 AM,0,10.583,1.8
6/22/19,1:39:21 AM,0,10.58,1.8
6/22/19,2:09:21 AM,0,10.578,1.8
6/22/19,2:39:21 AM,0,10.578,1.8
6/22/19,3:09:21 AM,0,10.58,1.9
6/22/19,3:39:21 AM,0,10.58,1.9
6/22/19,4:09:21 AM,0,10.58,1.9
6/22/19,4:39:21 AM,0,10.584,1.9
6/22/19,5:09:21 AM,0,10.586,1.9
6/22/19,5:39:21 AM,0,10.587,1.9
6/22/19,6:09:21 AM,0,10.59,1.9
6/22/19,6:39:21 AM,0,10.589,1.9
6/22/19,7:09:21 AM,0,10.592,1.9
6/22/19,7:39:21 AM,0,10.59,1.9
6/22/19,8:09:21 AM,0,10.592,1.9
6/22/19,8:39:21 AM,0,10.596,1.9
6/22/19,9:09:21 AM,0,10.593,1.9
6/22/19,9:39:21 AM,0,10.596,1.9
6/22/19,10:09:21 AM,0,10.593,1.9
6/22/19,10:39:21 AM,0,10.592,1.9
6/22/19,11:09:21 AM,0,10.587,1.9
6/22/19,11:39:21 AM,0,10.584,1.9
6/22/19,12:09:21 PM,0,10.581,1.9
6/22/19,12:39:21 PM,0,10.575,1.9
6/22/19,1:09:21 PM,0,10.572,1.9
6/22/19,1:39:21 PM,0,10.568,1.9
6/22/19,2:09:21 PM,0,10.563,1.9
6/22/19,2:39:21 PM,0,10.56,1.9
6/22/19,3:09:21 PM,0,10.563,1.9
6/22/19,3:39:21 PM,0,10.565,1.9
6/22/19,4:09:21 PM,0,10.56,1.9
6/22/19,4:39:21 PM,0,10.559,1.9
6/22/19,5:09:21 PM,0,10.556,1.9
6/22/19,5:39:21 PM,0,10.553,1.9
6/22/19,6:09:21 PM,0,10.553,1.9
6/22/19,6:39:21 PM,0,10.553,1.9
6/22/19,7:09:21 PM,0,10.551,1.9
6/22/19,7:39:21 PM,0,10.551,1.9
6/22/19,8:09:21 PM,0,10.548,1.9
6/22/19,8:39:21 PM,0,10.548,1.9
6/22/19,9:09:21 PM,0,10.547,1.9
6/22/19,9:39:21 PM,0,10.547,1.9
6/22/19,10:09:21 PM,0,10.548,1.9
6/22/19,10:39:21 PM,0,10.544,1.9
6/22/19,11:09:21 PM,0,10.545,1.9
6/22/19,11:39:21 PM,0,10.544,1.9
6/23/19,12:09:21 AM,0,10.542,1.9
6/23/19,12:39:21 AM,0,10.538,1.9
6/23/19,1:09:21 AM,0,10.539,1.9
6/23/19,1:39:21 AM,0,10.536,1.9
6/23/19,2:09:21 AM,0,10.536,1.9
6/23/19,2:39:21 AM,0,10.535,1.9
6/23/19,3:09:21 AM,0,10.535,1.9
6/23/19,3:39:21 AM,0,10.533,1.9
6/23/19,4:09:21 AM,0,10.53,1.9
6/23/19,4:39:21 AM,0,10.529,1.9
6/23/19,5:09:21 AM,0,10.527,1.9
6/23/19,5:39:21 AM,0,10.523,1.9
6/23/19,6:09:21 AM,0,10.523,1.9
6/23/19,6:39:21 AM,0,10.523,1.9
6/23/19,7:09:21 AM,0,10.518,1.9
6/23/19,7:39:21 AM,0,10.514,1.9
6/23/19,8:09:21 AM,0,10.517,1.9
6/23/19,8:39:21 AM,0,10.517,1.9
6/23/19,9:09:21 AM,0,10.514,1.9
6/23/19,9:39:21 AM,0,10.512,1.9
6/23/19,10:09:21 AM,0,10.512,1.9
6/23/19,10:39:21 AM,0,10.512,1.9
6/23/19,11:09:21 AM,0,10.512,1.9
6/23/19,11:39:21 AM,0,10.509,1.9
6/23/19,12:09:21 PM,0,10.508,1.9
6/23/19,12:39:21 PM,0,10.502,1.9
6/23/19,1:09:21 PM,0,10.499,1.9
6/23/19,1:39:21 PM,0,10.494,1.9
6/23/19,2:09:21 PM,0,10.494,1.9
6/23/19,2:39:21 PM,0,10.49,1.9
6/23/19,3:09:21 PM,0,10.49,1.9
6/23/19,3:39:21 PM,0,10.487,1.9
6/23/19,4:09:21 PM,0,10.485,1.9
6/23/19,4:39:21 PM,0,10.481,1.9
6/23/19,5:09:21 PM,0,10.479,1.9
6/23/19,5:39:21 PM,0,10.478,1.9
6/23/19,6:09:21 PM,0,10.475,1.9
6/23/19,6:39:21 PM,0,10.472,1.9
6/23/19,7:09:21 PM,0,10.469,1.9
6/23/19,7:39:21 PM,0,10.469,1.9
6/23/19,8:09:21 PM,0,10.467,1.9
6/23/19,8:39:21 PM,0,10.467,1.9
6/23/19,9:09:21 PM,0,10.466,1.9
6/23/19,9:39:21 PM,0,10.463,1.9
6/23/19,10:09:21 PM,0,10.461,1.9
6/23/19,10:39:21 PM,0,10.458,1.9
6/23/19,11:09:21 PM,0,10.454,1.9
6/23/19,11:39:21 PM,0,10.454,1.9
6/24/19,12:09:21 AM,0,10.448,1.9
6/24/19,12:39:21 AM,0,10.445,1.9
6/24/19,1:09:21 AM,0,10.442,1.9
6/24/19,1:39:21 AM,0,10.439,1.9
6/24/19,2:09:21 AM,0,10.434,1.9
6/24/19,2:39:21 AM,0,10.436,1.9
6/24/19,3:09:21 AM,0,10.433,1.9
6/24/19,3:39:21 AM,0,10.433,1.9
6/24/19,4:09:21 AM,0,10.433,1.9
6/24/19,4:39:21 AM,0,10.437,1.9
6/24/19,5:09:21 AM,0,10.445,1.9
6/24/19,5:39:21 AM,0,10.452,1.9
6/24/19,6:09:21 AM,0,10.457,1.9
6/24/19,6:39:21 AM,0,10.464,1.9
6/24/19,7:09:21 AM,0,10.472,1.9
6/24/19,7:39:21 AM,0,10.505,1.9
6/24/19,8:09:21 AM,0,10.502,1.9
6/24/19,8:39:21 AM,0,10.497,1.9
6/24/19,9:09:21 AM,0,10.5,1.9
6/24/19,9:39:21 AM,0,10.499,1.9
6/24/19,10:09:21 AM,0,10.497,1.9
6/24/19,10:39:21 AM,0,10.5,2
6/24/19,11:09:21 AM,0,10.499,2
6/24/19,11:39:21 AM,0,10.496,2
6/24/19,12:09:21 PM,0,10.496,2
6/24/19,12:39:21 PM,0,10.499,2
6/24/19,1:09:21 PM,0,10.499,2
6/24/19,1:39:21 PM,0,10.497,2
6/24/19,2:09:21 PM,0,10.499,2
6/24/19,2:39:21 PM,0,10.497,2
6/24/19,3:09:21 PM,0,10.497,2
6/24/19,3:39:21 PM,0,10.502,2
6/24/19,4:09:21 PM,0,10.503,2
6/24/19,4:39:21 PM,0,10.506,2
6/24/19,5:09:21 PM,0,10.505,2
6/24/19,5:39:21 PM,0,10.506,2
6/24/19,6:09:21 PM,0,10.503,2
6/24/19,6:39:21 PM,0,10.506,2
6/24/19,7:09:21 PM,0,10.506,2
6/24/19,7:39:21 PM,0,10.505,2
6/24/19,8:09:21 PM,0,10.508,2
6/24/19,8:39:21 PM,0,10.508,2
6/24/19,9:09:21 PM,0,10.506,2
6/24/19,9:39:21 PM,0,10.509,2
6/24/19,10:09:21 PM,0,10.512,2
6/24/19,10:39:21 PM,0,10.511,2
6/24/19,11:09:21 PM,0,10.511,2
6/24/19,11:39:21 PM,0,10.511,2
6/25/19,12:09:21 AM,0,10.511,2
6/25/19,12:39:21 AM,0,10.509,2
6/25/19,1:09:21 AM,0,10.509,2
6/25/19,1:39:21 AM,0,10.508,2
6/25/19,2:09:21 AM,0,10.505,2
6/25/19,2:39:21 AM,0,10.506,2
6/25/19,3:09:21 AM,0,10.505,2
6/25/19,3:39:21 AM,0,10.506,2
6/25/19,4:09:21 AM,0,10.506,2
6/25/19,4:39:21 AM,0,10.508,2
6/25/19,5:09:21 AM,0,10.509,2
6/25/19,5:39:21 AM,0,10.512,2
6/25/19,6:09:21 AM,0,10.512,2
6/25/19,6:39:21 AM,0,10.514,2
6/25/19,7:09:21 AM,0,10.515,2
6/25/19,7:39:21 AM,0,10.514,2
6/25/19,8:09:21 AM,0,10.515,2
6/25/19,8:39:21 AM,0,10.517,2
6/25/19,9:09:21 AM,0,10.518,2
6/25/19,9:39:21 AM,0,10.518,2
6/25/19,10:09:21 AM,0,10.52,2
6/25/19,10:39:21 AM,0,10.521,2
6/25/19,11:09:21 AM,0,10.526,2
6/25/19,11:39:21 AM,0,10.529,2
6/25/19,12:09:21 PM,0,10.529,2
6/25/19,12:39:21 PM,0,10.53,2
6/25/19,1:09:21 PM,0,10.53,2
6/25/19,1:39:21 PM,0,10.532,2
6/25/19,2:09:21 PM,0,10.533,2
6/25/19,2:39:21 PM,0,10.535,2
6/25/19,3:09:21 PM,0,10.538,2
6/25/19,3:39:21 PM,0,10.538,2
6/25/19,4:09:21 PM,0,10.536,2
6/25/19,4:39:21 PM,0,10.539,2
6/25/19,5:09:21 PM,0,10.544,2
6/25/19,5:39:21 PM,0,10.545,2
6/25/19,6:09:21 PM,0,10.547,2
6/25/19,6:39:21 PM,0,10.547,2
6/25/19,7:09:21 PM,0,10.548,2
6/25/19,7:39:21 PM,0,10.551,2
6/25/19,8:09:21 PM,0,10.55,2
6/25/19,8:39:21 PM,0,10.553,2
6/25/19,9:09:21 PM,0,10.556,2
6/25/19,9:39:21 PM,0,10.56,2
6/25/19,10:09:21 PM,0,10.562,2
6/25/19,10:39:21 PM,0,10.563,2
6/25/19,11:09:21 PM,0,10.566,2
6/25/19,11:39:21 PM,0,10.569,2
6/26/19,12:09:21 AM,0,10.571,2
6/26/19,12:39:21 AM,0,10.575,2
6/26/19,1:09:21 AM,0,10.574,2
6/26/19,1:39:21 AM,0,10.575,2
6/26/19,2:09:21 AM,0,10.581,2
6/26/19,2:39:21 AM,0,10.583,2
6/26/19,3:09:21 AM,0,10.589,2
6/26/19,3:39:21 AM,0,10.592,2
6/26/19,4:09:21 AM,0,10.59,2
6/26/19,4:39:21 AM,0,10.59,2
6/26/19,5:09:21 AM,0,10.592,2
6/26/19,5:39:21 AM,0,10.599,2
6/26/19,6:09:21 AM,0,10.601,2
6/26/19,6:39:21 AM,0,10.604,2
6/26/19,7:09:21 AM,0,10.604,2
6/26/19,7:39:21 AM,0,10.602,2
6/26/19,8:09:21 AM,0,10.604,2
6/26/19,8:39:21 AM,0,10.605,2
6/26/19,9:09:21 AM,0,10.611,2
6/26/19,9:39:21 AM,0,10.614,2
6/26/19,10:09:21 AM,0,10.617,2.1
6/26/19,10:39:21 AM,0,10.614,2.1
6/26/19,11:09:21 AM,0,10.613,2.1
6/26/19,11:39:21 AM,0,10.611,2.1
6/26/19,12:09:21 PM,0,10.613,2.1
6/26/19,12:39:21 PM,0,10.61,2.1
6/26/19,1:09:21 PM,0,10.61,2.1
6/26/19,1:39:21 PM,0,10.608,2.1
6/26/19,2:09:21 PM,0,10.607,2.1
6/26/19,2:39:21 PM,0,10.607,2.1
6/26/19,3:09:21 PM,0,10.605,2.1
6/26/19,3:39:21 PM,0,10.607,2.1
6/26/19,4:09:21 PM,0,10.607,2.1
6/26/19,4:39:21 PM,0,10.605,2.1
6/26/19,5:09:21 PM,0,10.605,2.1
6/26/19,5:39:21 PM,0,10.607,2.1
6/26/19,6:09:21 PM,0,10.608,2.1
6/26/19,6:39:21 PM,0,10.61,2.1
6/26/19,7:09:21 PM,0,10.61,2.1
6/26/19,7:39:21 PM,0,10.611,2.1
6/26/19,8:09:21 PM,0,10.613,2.1
6/26/19,8:39:21 PM,0,10.614,2.1
6/26/19,9:09:21 PM,0,10.617,2.1
6/26/19,9:39:21 PM,0,10.62,2.1
6/26/19,10:09:21 PM,0,10.625,2.1
6/26/19,10:39:21 PM,0,10.626,2.1
6/26/19,11:09:21 PM,0,10.629,2.1
6/26/19,11:39:21 PM,0,10.631,2.1
6/27/19,12:09:21 AM,0,10.632,2.1
6/27/19,12:39:21 AM,0,10.632,2.1
6/27/19,1:09:21 AM,0,10.635,2.1
6/27/19,1:39:21 AM,0,10.638,2.1
6/27/19,2:09:21 AM,0,10.64,2.1
6/27/19,2:39:21 AM,0,10.638,2.1
6/27/19,3:09:21 AM,0,10.641,2.1
6/27/19,3:39:21 AM,0,10.64,2.1
6/27/19,4:09:21 AM,0,10.64,2.1
6/27/19,4:39:21 AM,0,10.644,2.1
6/27/19,5:09:21 AM,0,10.65,2.1
6/27/19,5:39:21 AM,0,10.647,2.1
6/27/19,6:09:21 AM,0,10.65,2.1
6/27/19,6:39:21 AM,0,10.647,2.1
6/27/19,7:09:21 AM,0,10.643,2.1
6/27/19,7:39:21 AM,0,10.637,2.1
6/27/19,8:09:21 AM,0,10.635,2.1
6/27/19,8:39:21 AM,0,10.64,2.1
6/27/19,9:09:21 AM,0,10.635,2.1
6/27/19,9:39:21 AM,0,10.632,2.1
6/27/19,10:09:21 AM,0,10.638,2.1
6/27/19,10:39:21 AM,0,10.637,2.1
6/27/19,11:09:21 AM,0,10.634,2.1
6/27/19,11:39:21 AM,0,10.632,2.1
6/27/19,12:09:21 PM,0,10.635,2.1
6/27/19,12:39:21 PM,0,10.644,2.1
6/27/19,1:09:21 PM,0,10.644,2.1
6/27/19,1:39:21 PM,0,10.641,2.1
6/27/19,2:09:21 PM,0,10.64,2.1
6/27/19,2:39:21 PM,0,10.64,2.1
6/27/19,3:09:21 PM,0,10.643,2.1
6/27/19,3:39:21 PM,0,10.65,2.1
6/27/19,4:09:21 PM,0,10.652,2.1
6/27/19,4:39:21 PM,0,10.656,2.1
6/27/19,5:09:21 PM,0,10.661,2.1
6/27/19,5:39:21 PM,0,10.661,2.1
6/27/19,6:09:21 PM,0,10.661,2.1
6/27/19,6:39:21 PM,0,10.661,2.1
6/27/19,7:09:21 PM,0,10.659,2.1
6/27/19,7:39:21 PM,0,10.659,2.1
6/27/19,8:09:21 PM,0,10.661,2.1
6/27/19,8:39:21 PM,0,10.661,2.1
6/27/19,9:09:21 PM,0,10.659,2.1
6/27/19,9:39:21 PM,0,10.662,2.1
6/27/19,10:09:21 PM,0,10.667,2.1
6/27/19,10:39:21 PM,0,10.665,2.1
6/27/19,11:09:21 PM,0,10.668,2.1
6/27/19,11:39:21 PM,0,10.67,2.1
6/28/19,12:09:21 AM,0,10.668,2.1
6/28/19,12:39:21 AM,0,10.664,2.1
6/28/19,1:09:21 AM,0,10.662,2.1
6/28/19,1:39:21 AM,0,10.665,2.1
6/28/19,2:09:21 AM,0,10.668,2.1
6/28/19,2:39:21 AM,0,10.67,2.2
6/28/19,3:09:21 AM,0,10.667,2.2
6/28/19,3:39:21 AM,0,10.664,2.2
6/28/19,4:09:21 AM,0,10.665,2.2
6/28/19,4:39:21 AM,0,10.668,2.2
6/28/19,5:09:21 AM,0,10.67,2.2
6/28/19,5:39:21 AM,0,10.671,2.2
6/28/19,6:09:21 AM,0,10.671,2.2
6/28/19,6:39:21 AM,0,10.674,2.2
6/28/19,7:09:21 AM,0,10.677,2.2
6/28/19,7:39:21 AM,0,10.682,2.2
6/28/19,8:09:21 AM,0,10.68,2.2
6/28/19,8:39:21 AM,0,10.676,2.2
6/28/19,9:09:21 AM,0,10.67,2.2
6/28/19,9:39:21 AM,0,10.676,2.2
6/28/19,10:09:21 AM,0,10.677,2.2
6/28/19,10:39:21 AM,0,10.683,2.2
6/28/19,11:09:21 AM,0,10.683,2.2
6/28/19,11:39:21 AM,0,10.682,2.2
6/28/19,12:09:21 PM,0,10.682,2.2
6/28/19,12:39:21 PM,0,10.68,2.2
6/28/19,1:09:21 PM,0,10.679,2.2
6/28/19,1:39:21 PM,0,10.677,2.2
6/28/19,2:09:21 PM,0,10.673,2.2
6/28/19,2:39:21 PM,0,10.667,2.2
6/28/19,3:09:21 PM,0,10.664,2.2
6/28/19,3:39:21 PM,0,10.661,2.2
6/28/19,4:09:21 PM,0,10.659,2.2
6/28/19,4:39:21 PM,0,10.658,2.2
6/28/19,5:09:21 PM,0,10.656,2.2
6/28/19,5:39:21 PM,0,10.658,2.2
6/28/19,6:09:21 PM,0,10.655,2.2
6/28/19,6:39:21 PM,0,10.656,2.2
6/28/19,7:09:21 PM,0,10.658,2.2
6/28/19,7:39:21 PM,0,10.659,2.2
6/28/19,8:09:21 PM,0,10.661,2.2
6/28/19,8:39:21 PM,0,10.662,2.2
6/28/19,9:09:21 PM,0,10.665,2.2
6/28/19,9:39:21 PM,0,10.667,2.2
6/28/19,10:09:21 PM,0,10.668,2.2
6/28/19,10:39:21 PM,0,10.668,2.2
6/28/19,11:09:21 PM,0,10.668,2.2
6/28/19,11:39:21 PM,0,10.668,2.2
6/29/19,12:09:21 AM,0,10.671,2.2
6/29/19,12:39:21 AM,0,10.673,2.2
6/29/19,1:09:21 AM,0,10.671,2.2
6/29/19,1:39:21 AM,0,10.67,2.2
6/29/19,2:09:21 AM,0,10.668,2.2
6/29/19,2:39:21 AM,0,10.667,2.2
6/29/19,3:09:21 AM,0,10.667,2.2
6/29/19,3:39:21 AM,0,10.665,2.2
6/29/19,4:09:21 AM,0,10.667,2.2
6/29/19,4:39:21 AM,0,10.67,2.2
6/29/19,5:09:21 AM,0,10.67,2.2
6/29/19,5:39:21 AM,0,10.671,2.2
6/29/19,6:09:21 AM,0,10.67,2.2
6/29/19,6:39:21 AM,0,10.665,2.2
6/29/19,7:09:21 AM,0,10.664,2.2
6/29/19,7:39:21 AM,0,10.67,2.2
6/29/19,8:09:21 AM,0,10.674,2.2
6/29/19,8:39:21 AM,0,10.673,2.2
6/29/19,9:09:21 AM,0,10.673,2.2
6/29/19,9:39:21 AM,0,10.674,2.2
6/29/19,10:09:21 AM,0,10.668,2.2
6/29/19,10:39:21 AM,0,10.664,2.2
6/29/19,11:09:21 AM,0,10.664,2.2
6/29/19,11:39:21 AM,0,10.667,2.2
6/29/19,12:09:21 PM,0,10.667,2.2
6/29/19,12:39:21 PM,0,10.664,2.2
6/29/19,1:09:21 PM,0,10.665,2.2
6/29/19,1:39:21 PM,0,10.665,2.2
6/29/19,2:09:21 PM,0,10.674,2.2
6/29/19,2:39:21 PM,0,10.676,2.2
6/29/19,3:09:21 PM,0,10.673,2.2
6/29/19,3:39:21 PM,0,10.677,2.3
6/29/19,4:09:21 PM,0,10.653,2.3
6/29/19,4:39:21 PM,0,10.599,2.3
6/29/19,5:09:21 PM,0,10.59,2.3
6/29/19,5:39:21 PM,0,10.605,2.3
6/29/19,6:09:21 PM,0,10.611,2.3
6/29/19,6:39:21 PM,0,10.622,2.3
6/29/19,7:09:21 PM,0,10.622,2.3
6/29/19,7:39:21 PM,0,10.625,2.3
6/29/19,8:09:21 PM,0,10.626,2.3
6/29/19,8:39:21 PM,0,10.626,2.3
6/29/19,9:09:21 PM,0,10.628,2.3
6/29/19,9:39:21 PM,0,10.631,2.3
6/29/19,10:09:21 PM,0,10.629,2.3
6/29/19,10:39:21 PM,0,10.625,2.3
6/29/19,11:09:21 PM,0,10.62,2.3
6/29/19,11:39:21 PM,0,10.607,2.3
6/30/19,12:09:21 AM,0,10.616,2.3
6/30/19,12:39:21 AM,0,10.614,2.3
6/30/19,1:09:21 AM,0,10.605,2.3
6/30/19,1:39:21 AM,0,10.608,2.3
6/30/19,2:09:21 AM,0,10.599,2.3
6/30/19,2:39:21 AM,0,10.674,2.3
6/30/19,3:09:21 AM,0,10.686,2.3
6/30/19,3:39:21 AM,0,10.703,2.3
6/30/19,4:09:21 AM,0,10.676,2.3
6/30/19,4:39:21 AM,0,10.656,2.3
6/30/19,5:09:21 AM,0,10.686,2.3
6/30/19,5:39:21 AM,0,10.665,2.3
6/30/19,6:09:21 AM,0,10.679,2.3
6/30/19,6:39:21 AM,0,10.676,2.3
6/30/19,7:09:21 AM,0,10.671,2.3
6/30/19,7:39:21 AM,0,10.673,2.3
6/30/19,8:09:21 AM,0,10.68,2.3
6/30/19,8:39:21 AM,0,10.676,2.3
6/30/19,9:09:21 AM,0,10.676,2.3
6/30/19,9:39:21 AM,0,10.673,2.3
6/30/19,10:09:21 AM,0,10.688,2.3
6/30/19,10:39:21 AM,0,10.685,2.3
6/30/19,11:09:21 AM,0,10.683,2.3
6/30/19,11:39:21 AM,0,10.68,2.3
6/30/19,12:09:21 PM,0,10.682,2.3
6/30/19,12:39:21 PM,0,10.688,2.3
6/30/19,1:09:21 PM,0,10.689,2.3
6/30/19,1:39:21 PM,0,10.691,2.3
6/30/19,2:09:21 PM,0,10.685,2.3
6/30/19,2:39:21 PM,0,10.683,2.3
6/30/19,3:09:21 PM,0,10.68,2.3
6/30/19,3:39:21 PM,0,10.68,2.3
6/30/19,4:09:21 PM,0,10.679,2.3
6/30/19,4:39:21 PM,0,10.676,2.3
6/30/19,5:09:21 PM,0,10.673,2.3
6/30/19,5:39:21 PM,0,10.665,2.3
6/30/19,6:09:21 PM,0,10.667,2.3
6/30/19,6:39:21 PM,0,10.67,2.3
6/30/19,7:09:21 PM,0,10.671,2.3
6/30/19,7:39:21 PM,0,10.674,2.3
6/30/19,8:09:21 PM,0,10.676,2.3
6/30/19,8:39:21 PM,0,10.674,2.3
6/30/19,9:09:21 PM,0,10.676,2.3
6/30/19,9:39:21 PM,0,10.671,2.3
6/30/19,10:09:21 PM,0,10.671,2.3
6/30/19,10:39:21 PM,0,10.673,2.3
6/30/19,11:09:21 PM,0,10.673,2.3
6/30/19,11:39:21 PM,0,10.679,2.3
7/1/19,12:09:21 AM,0,10.679,2.3
7/1/19,12:39:21 AM,0,10.682,2.3
7/1/19,1:09:21 AM,0,10.68,2.3
7/1/19,1:39:21 AM,0,10.689,2.3
7/1/19,2:09:21 AM,0,10.683,2.4
7/1/19,2:39:21 AM,0,10.683,2.4
7/1/19,3:09:21 AM,0,10.68,2.4
7/1/19,3:39:21 AM,0,10.677,2.4
7/1/19,4:09:21 AM,0,10.679,2.4
7/1/19,4:39:21 AM,0,10.677,2.4
7/1/19,5:09:21 AM,0,10.673,2.4
7/1/19,5:39:21 AM,0,10.676,2.4
7/1/19,6:09:21 AM,0,10.676,2.4
7/1/19,6:39:21 AM,0,10.679,2.4
7/1/19,7:09:21 AM,0,10.68,2.4
7/1/19,7:39:21 AM,0,10.68,2.4
7/1/19,8:09:21 AM,0,10.68,2.4
7/1/19,8:39:21 AM,0,10.679,2.4
7/1/19,9:09:21 AM,0,10.676,2.4
7/1/19,9:39:21 AM,0,10.673,2.4
7/1/19,10:09:21 AM,0,10.671,2.4
7/1/19,10:39:21 AM,0,10.673,2.4
7/1/19,11:09:21 AM,0,10.671,2.4
7/1/19,11:39:21 AM,0,10.671,2.4
7/1/19,12:09:21 PM,0,10.668,2.4
7/1/19,12:39:21 PM,0,10.668,2.4
7/1/19,1:09:21 PM,0,10.668,2.4
7/1/19,1:39:21 PM,0,10.667,2.4
7/1/19,2:09:21 PM,0,10.665,2.4
7/1/19,2:39:21 PM,0,10.662,2.4
7/1/19,3:09:21 PM,0,10.661,2.4
7/1/19,3:39:21 PM,0,10.659,2.4
7/1/19,4:09:21 PM,0,10.656,2.4
7/1/19,4:39:21 PM,0,10.652,2.4
7/1/19,5:09:21 PM,0,10.649,2.4
7/1/19,5:39:21 PM,0,10.65,2.4
7/1/19,6:09:21 PM,0,10.65,2.4
7/1/19,6:39:21 PM,0,10.649,2.4
7/1/19,7:09:21 PM,0,10.646,2.4
7/1/19,7:39:21 PM,0,10.646,2.4
7/1/19,8:09:21 PM,0,10.646,2.4
7/1/19,8:39:21 PM,0,10.643,2.4
7/1/19,9:09:21 PM,0,10.641,2.4
7/1/19,9:39:21 PM,0,10.643,2.4
7/1/19,10:09:21 PM,0,10.644,2.4
7/1/19,10:39:21 PM,0,10.644,2.4
7/1/19,11:09:21 PM,0,10.644,2.4
7/1/19,11:39:21 PM,0,10.646,2.4
7/2/19,12:09:21 AM,0,10.644,2.4
7/2/19,12:39:21 AM,0,10.643,2.4
7/2/19,1:09:21 AM,0,10.643,2.4
7/2/19,1:39:21 AM,0,10.643,2.4
7/2/19,2:09:21 AM,0,10.646,2.4
7/2/19,2:39:21 AM,0,10.646,2.4
7/2/19,3:09:21 AM,0,10.643,2.4
7/2/19,3:39:21 AM,0,10.638,2.4
7/2/19,4:09:21 AM,0,10.635,2.4
7/2/19,4:39:21 AM,0,10.635,2.4
7/2/19,5:09:21 AM,0,10.635,2.4
7/2/19,5:39:21 AM,0,10.634,2.4
7/2/19,6:09:21 AM,0,10.634,2.4
7/2/19,6:39:21 AM,0,10.631,2.4
7/2/19,7:09:21 AM,0,10.631,2.4
7/2/19,7:39:21 AM,0,10.631,2.4
7/2/19,8:09:21 AM,0,10.631,2.4
7/2/19,8:39:21 AM,0,10.629,2.4
7/2/19,9:09:21 AM,0,10.632,2.4
7/2/19,9:39:21 AM,0,10.635,2.5
7/2/19,10:09:21 AM,0,10.635,2.5
7/2/19,10:39:21 AM,0,10.632,2.5
7/2/19,11:09:21 AM,0,10.632,2.5
7/2/19,11:39:21 AM,0,10.632,2.5
7/2/19,12:09:21 PM,0,10.631,2.5
7/2/19,12:39:21 PM,0,10.632,2.5
7/2/19,1:09:21 PM,0,10.631,2.5
7/2/19,1:39:21 PM,0,10.629,2.5
7/2/19,2:09:21 PM,0,10.628,2.5
7/2/19,2:39:21 PM,0,10.626,2.5
7/2/19,3:09:21 PM,0,10.625,2.5
7/2/19,3:39:21 PM,0,10.622,2.5
7/2/19,4:09:21 PM,0,10.622,2.5
7/2/19,4:39:21 PM,0,10.62,2.5
7/2/19,5:09:21 PM,0,10.619,2.5
7/2/19,5:39:21 PM,0,10.616,2.5
7/2/19,6:09:21 PM,0,10.617,2.5
7/2/19,6:39:21 PM,0,10.616,2.5
7/2/19,7:09:21 PM,0,10.613,2.5
7/2/19,7:39:21 PM,0,10.61,2.5
7/2/19,8:09:21 PM,0,10.61,2.5
7/2/19,8:39:21 PM,0,10.614,2.5
7/2/19,9:09:21 PM,0,10.617,2.5
7/2/19,9:39:21 PM,0,10.62,2.5
7/2/19,10:09:21 PM,0,10.622,2.5
7/2/19,10:39:21 PM,0,10.62,2.5
7/2/19,11:09:21 PM,0,10.62,2.5
7/2/19,11:39:21 PM,0,10.628,2.5
7/3/19,12:09:21 AM,0,10.628,2.5
7/3/19,12:39:21 AM,0,10.628,2.5
7/3/19,1:09:21 AM,0,10.626,2.5
7/3/19,1:39:21 AM,0,10.625,2.5
7/3/19,2:09:21 AM,0,10.623,2.5
7/3/19,2:39:21 AM,0,10.626,2.5
7/3/19,3:09:21 AM,0,10.625,2.5
7/3/19,3:39:21 AM,0,10.623,2.5
7/3/19,4:09:21 AM,0,10.62,2.5
7/3/19,4:39:21 AM,0,10.623,2.5
7/3/19,5:09:21 AM,0,10.628,2.5
7/3/19,5:39:21 AM,0,10.628,2.5
7/3/19,6:09:21 AM,0,10.629,2.5
7/3/19,6:39:21 AM,0,10.631,2.5
7/3/19,7:09:21 AM,0,10.634,2.5
7/3/19,7:39:21 AM,0,10.637,2.5
7/3/19,8:09:21 AM,0,10.64,2.5
7/3/19,8:39:21 AM,0,10.638,2.5
7/3/19,9:09:21 AM,0,10.638,2.5
7/3/19,9:39:21 AM,0,10.635,2.5
7/3/19,10:09:21 AM,0,10.637,2.5
7/3/19,10:39:21 AM,0,10.637,2.5
7/3/19,11:09:21 AM,0,10.634,2.5
7/3/19,11:39:21 AM,0,10.629,2.5
7/3/19,12:09:21 PM,0,10.629,2.5
7/3/19,12:39:21 PM,0,10.628,2.5
7/3/19,1:09:21 PM,0,10.626,2.5
7/3/19,1:39:21 PM,0,10.623,2.6
7/3/19,2:09:21 PM,0,10.622,2.6
7/3/19,2:39:21 PM,0,10.62,2.6
7/3/19,3:09:21 PM,0,10.62,2.6
7/3/19,3:39:21 PM,0,10.616,2.6
7/3/19,4:09:21 PM,0,10.613,2.6
7/3/19,4:39:21 PM,0,10.611,2.6
7/3/19,5:09:21 PM,0,10.61,2.6
7/3/19,5:39:21 PM,0,10.605,2.6
7/3/19,6:09:21 PM,0,10.607,2.6
7/3/19,6:39:21 PM,0,10.607,2.6
7/3/19,7:09:21 PM,0,10.608,2.6
7/3/19,7:39:21 PM,0,10.607,2.6
7/3/19,8:09:21 PM,0,10.605,2.6
7/3/19,8:39:21 PM,0,10.611,2.6
7/3/19,9:09:21 PM,0,10.616,2.6
7/3/19,9:39:21 PM,0,10.613,2.6
7/3/19,10:09:21 PM,0,10.614,2.6
7/3/19,10:39:21 PM,0,10.611,2.6
7/3/19,11:09:21 PM,0,10.608,2.6
7/3/19,11:39:21 PM,0,10.613,2.6
7/4/19,12:09:21 AM,0,10.611,2.6
7/4/19,12:39:21 AM,0,10.608,2.6
7/4/19,1:09:21 AM,0,10.61,2.6
7/4/19,1:39:21 AM,0,10.608,2.6
7/4/19,2:09:21 AM,0,10.605,2.6
7/4/19,2:39:21 AM,0,10.602,2.6
7/4/19,3:09:21 AM,0,10.604,2.6
7/4/19,3:39:21 AM,0,10.607,2.6
7/4/19,4:09:21 AM,0,10.602,2.6
7/4/19,4:39:21 AM,0,10.599,2.6
7/4/19,5:09:21 AM,0,10.604,2.6
7/4/19,5:39:21 AM,0,10.605,2.6
7/4/19,6:09:21 AM,0,10.607,2.6
7/4/19,6:39:21 AM,0,10.608,2.6
7/4/19,7:09:21 AM,0,10.608,2.6
7/4/19,7:39:21 AM,0,10.61,2.6
7/4/19,8:09:21 AM,0,10.613,2.6
7/4/19,8:39:21 AM,0,10.617,2.6
7/4/19,9:09:21 AM,0,10.622,2.6
7/4/19,9:39:21 AM,0,10.616,2.6
7/4/19,10:09:21 AM,0,10.617,2.6
7/4/19,10:39:21 AM,0,10.617,2.6
7/4/19,11:09:21 AM,0,10.62,2.6
7/4/19,11:39:21 AM,0,10.617,2.6
7/4/19,12:09:21 PM,0,10.617,2.6
7/4/19,12:39:21 PM,0,10.619,2.6
7/4/19,1:09:21 PM,0,10.617,2.6
7/4/19,1:39:21 PM,0,10.619,2.6
7/4/19,2:09:21 PM,0,10.62,2.6
7/4/19,2:39:21 PM,0,10.622,2.6
7/4/19,3:09:21 PM,0,10.625,2.7
7/4/19,3:39:21 PM,0,10.623,2.7
7/4/19,4:09:21 PM,0,10.622,2.7
7/4/19,4:39:21 PM,0,10.623,2.7
7/4/19,5:09:21 PM,0,10.626,2.7
7/4/19,5:39:21 PM,0,10.626,2.7
7/4/19,6:09:21 PM,0,10.631,2.7
7/4/19,6:39:21 PM,0,10.631,2.7
7/4/19,7:09:21 PM,0,10.631,2.7
7/4/19,7:39:21 PM,0,10.631,2.7
7/4/19,8:09:21 PM,0,10.632,2.7
7/4/19,8:39:21 PM,0,10.635,2.7
7/4/19,9:09:21 PM,0,10.638,2.7
7/4/19,9:39:21 PM,0,10.641,2.7
7/4/19,10:09:21 PM,0,10.646,2.7
7/4/19,10:39:21 PM,0,10.65,2.7
7/4/19,11:09:21 PM,0,10.653,2.7
7/4/19,11:39:21 PM,0,10.655,2.7
7/5/19,12:09:21 AM,0,10.658,2.7
7/5/19,12:39:21 AM,0,10.659,2.7
7/5/19,1:09:21 AM,0,10.659,2.7
7/5/19,1:39:21 AM,0,10.656,2.7
7/5/19,2:09:21 AM,0,10.661,2.7
7/5/19,2:39:21 AM,0,10.662,2.7
7/5/19,3:09:21 AM,0,10.662,2.7
7/5/19,3:39:21 AM,0,10.661,2.7
7/5/19,4:09:21 AM,0,10.661,2.7
7/5/19,4:39:21 AM,0,10.662,2.7
7/5/19,5:09:21 AM,0,10.661,2.7
7/5/19,5:39:21 AM,0,10.664,2.7
7/5/19,6:09:21 AM,0,10.667,2.7
7/5/19,6:39:21 AM,0,10.665,2.7
7/5/19,7:09:21 AM,0,10.671,2.7
7/5/19,7:39:21 AM,0,10.677,2.7
7/5/19,8:09:21 AM,0,10.682,2.7
7/5/19,8:39:21 AM,0,10.68,2.7
7/5/19,9:09:21 AM,0,10.677,2.7
7/5/19,9:39:21 AM,0,10.679,2.7
7/5/19,10:09:21 AM,0,10.68,2.7
7/5/19,10:39:21 AM,0,10.682,2.7
7/5/19,11:09:21 AM,0,10.679,2.7
7/5/19,11:39:21 AM,0,10.68,2.7
7/5/19,12:09:21 PM,0,10.68,2.7
7/5/19,12:39:21 PM,0,10.679,2.7
7/5/19,1:09:21 PM,0,10.682,2.7
7/5/19,1:39:21 PM,0,10.682,2.7
7/5/19,2:09:21 PM,0,10.682,2.7
7/5/19,2:39:21 PM,0,10.68,2.7
7/5/19,3:09:21 PM,0,10.685,2.8
7/5/19,3:39:21 PM,0,10.685,2.8
7/5/19,4:09:21 PM,0,10.683,2.8
7/5/19,4:39:21 PM,0,10.685,2.8
7/5/19,5:09:21 PM,0,10.685,2.8
7/5/19,5:39:21 PM,0,10.686,2.8
7/5/19,6:09:21 PM,0,10.686,2.8
7/5/19,6:39:21 PM,0,10.686,2.8
7/5/19,7:09:21 PM,0,10.685,2.8
7/5/19,7:39:21 PM,0,10.688,2.8
7/5/19,8:09:21 PM,0,10.691,2.8
7/5/19,8:39:21 PM,0,10.691,2.8
7/5/19,9:09:21 PM,0,10.694,2.8
7/5/19,9:39:21 PM,0,10.698,2.8
7/5/19,10:09:21 PM,0,10.701,2.8
7/5/19,10:39:21 PM,0,10.701,2.8
7/5/19,11:09:21 PM,0,10.701,2.8
7/5/19,11:39:21 PM,0,10.703,2.8
7/6/19,12:09:21 AM,0,10.706,2.8
7/6/19,12:39:21 AM,0,10.704,2.8
7/6/19,1:09:21 AM,0,10.704,2.8
7/6/19,1:39:21 AM,0,10.704,2.8
7/6/19,2:09:21 AM,0,10.704,2.8
7/6/19,2:39:21 AM,0,10.706,2.8
7/6/19,3:09:21 AM,0,10.704,2.8
7/6/19,3:39:21 AM,0,10.706,2.8
7/6/19,4:09:21 AM,0,10.707,2.8
7/6/19,4:39:21 AM,0,10.71,2.8
7/6/19,5:09:21 AM,0,10.713,2.8
7/6/19,5:39:21 AM,0,10.715,2.8
7/6/19,6:09:21 AM,0,10.716,2.8
7/6/19,6:39:21 AM,0,10.718,2.8
7/6/19,7:09:21 AM,0,10.722,2.8
7/6/19,7:39:21 AM,0,10.724,2.8
7/6/19,8:09:21 AM,0,10.722,2.8
7/6/19,8:39:21 AM,0,10.724,2.8
7/6/19,9:09:21 AM,0,10.724,2.8
7/6/19,9:39:21 AM,0,10.722,2.8
7/6/19,10:09:21 AM,0,10.721,2.8
7/6/19,10:39:21 AM,0,10.718,2.8
7/6/19,11:09:21 AM,0,10.718,2.8
7/6/19,11:39:21 AM,0,10.715,2.8
7/6/19,12:09:21 PM,0,10.716,2.9
7/6/19,12:39:21 PM,0,10.715,2.9
7/6/19,1:09:21 PM,0,10.713,2.9
7/6/19,1:39:21 PM,0,10.71,2.9
7/6/19,2:09:21 PM,0,10.709,2.9
7/6/19,2:39:21 PM,0,10.706,2.9
7/6/19,3:09:21 PM,0,10.704,2.9
7/6/19,3:39:21 PM,0,10.701,2.9
7/6/19,4:09:21 PM,0,10.698,2.9
7/6/19,4:39:21 PM,0,10.694,2.9
7/6/19,5:09:21 PM,0,10.689,2.9
7/6/19,5:39:21 PM,0,10.686,2.9
7/6/19,6:09:21 PM,0,10.686,2.9
7/6/19,6:39:21 PM,0,10.685,2.9
7/6/19,7:09:21 PM,0,10.683,2.9
7/6/19,7:39:21 PM,0,10.683,2.9
7/6/19,8:09:21 PM,0,10.683,2.9
7/6/19,8:39:21 PM,0,10.685,2.9
7/6/19,9:09:21 PM,0,10.685,2.9
7/6/19,9:39:21 PM,0,10.686,2.9
7/6/19,10:09:21 PM,0,10.689,2.9
7/6/19,10:39:21 PM,0,10.689,2.9
7/6/19,11:09:21 PM,0,10.694,2.9
7/6/19,11:39:21 PM,0,10.692,2.9
7/7/19,12:09:21 AM,0,10.694,2.9
7/7/19,12:39:21 AM,0,10.692,2.9
7/7/19,1:09:21 AM,0,10.695,2.9
7/7/19,1:39:21 AM,0,10.694,2.9
7/7/19,2:09:21 AM,0,10.691,2.9
7/7/19,2:39:21 AM,0,10.691,2.9
7/7/19,3:09:21 AM,0,10.688,2.9
7/7/19,3:39:21 AM,0,10.686,2.9
7/7/19,4:09:21 AM,0,10.685,2.9
7/7/19,4:39:21 AM,0,10.686,2.9
7/7/19,5:09:21 AM,0,10.688,2.9
7/7/19,5:39:21 AM,0,10.685,2.9
7/7/19,6:09:21 AM,0,10.686,2.9
7/7/19,6:39:21 AM,0,10.688,2.9
7/7/19,7:09:21 AM,0,10.688,2.9
7/7/19,7:39:21 AM,0,10.688,2.9
7/7/19,8:09:21 AM,0,10.686,2.9
7/7/19,8:39:21 AM,0,10.688,3
7/7/19,9:09:21 AM,0,10.685,3
7/7/19,9:39:21 AM,0,10.682,3
7/7/19,10:09:21 AM,0,10.68,3
7/7/19,10:39:21 AM,0,10.677,3
7/7/19,11:09:21 AM,0,10.674,3
7/7/19,11:39:21 AM,0,10.674,3
7/7/19,12:09:21 PM,0,10.67,3
7/7/19,12:39:21 PM,0,10.668,3
7/7/19,1:09:21 PM,0,10.665,3
7/7/19,1:39:21 PM,0,10.661,3
7/7/19,2:09:21 PM,0,10.659,3
7/7/19,2:39:21 PM,0,10.655,3
7/7/19,3:09:21 PM,0,10.653,3
7/7/19,3:39:21 PM,0,10.652,3
7/7/19,4:09:21 PM,0,10.649,3
7/7/19,4:39:21 PM,0,10.646,3
7/7/19,5:09:21 PM,0,10.644,3
7/7/19,5:39:21 PM,0,10.641,3
7/7/19,6:09:21 PM,0,10.638,3
7/7/19,6:39:21 PM,0,10.638,3
7/7/19,7:09:21 PM,0,10.635,3
7/7/19,7:39:21 PM,0,10.635,3
7/7/19,8:09:21 PM,0,10.634,3
7/7/19,8:39:21 PM,0,10.632,3
7/7/19,9:09:21 PM,0,10.631,3
7/7/19,9:39:21 PM,0,10.632,3
7/7/19,10:09:21 PM,0,10.632,3
7/7/19,10:39:21 PM,0,10.634,3
7/7/19,11:09:21 PM,0,10.634,3
7/7/19,11:39:21 PM,0,10.635,3
7/8/19,12:09:21 AM,0,10.634,3
7/8/19,12:39:21 AM,0,10.635,3
7/8/19,1:09:21 AM,0,10.638,3
7/8/19,1:39:21 AM,0,10.64,3
7/8/19,2:09:21 AM,0,10.641,3
7/8/19,2:39:21 AM,0,10.643,3
7/8/19,3:09:21 AM,0,10.64,3.1
7/8/19,3:39:21 AM,0,10.635,3.1
7/8/19,4:09:21 AM,0,10.634,3.1
7/8/19,4:39:21 AM,0,10.637,3.1
7/8/19,5:09:21 AM,0,10.635,3.1
7/8/19,5:39:21 AM,0,10.638,3.1
7/8/19,6:09:21 AM,0,10.637,3.1
7/8/19,6:39:21 AM,0,10.637,3.1
7/8/19,7:09:21 AM,0,10.634,3.1
7/8/19,7:39:21 AM,0,10.629,3.1
7/8/19,8:09:21 AM,0,10.629,3.1
7/8/19,8:39:21 AM,0,10.628,3.1
7/8/19,9:09:21 AM,0,10.625,3.1
7/8/19,9:39:21 AM,0,10.625,3.1
7/8/19,10:09:21 AM,0,10.625,3.1
7/8/19,10:39:21 AM,0,10.623,3.1
7/8/19,11:09:21 AM,0,10.62,3.1
7/8/19,11:39:21 AM,0,10.617,3.1
7/8/19,12:09:21 PM,0,10.619,3.1
7/8/19,12:39:21 PM,0,10.619,3.1
7/8/19,1:09:21 PM,0,10.613,3.1
7/8/19,1:39:21 PM,0,10.61,3.1
7/8/19,2:09:21 PM,0,10.607,3.1
7/8/19,2:39:21 PM,0,10.604,3.1
7/8/19,3:09:21 PM,0,10.601,3.1
7/8/19,3:39:21 PM,0,10.596,3.1
7/8/19,4:09:21 PM,0,10.589,3.1
7/8/19,4:39:21 PM,0,10.584,3.1
7/8/19,5:09:21 PM,0,10.577,3.1
7/8/19,5:39:21 PM,0,10.58,3.1
7/8/19,6:09:21 PM,0,10.581,3.1
7/8/19,6:39:21 PM,0,10.578,3.1
7/8/19,7:09:21 PM,0,10.575,3.1
7/8/19,7:39:21 PM,0,10.578,3.1
7/8/19,8:09:21 PM,0,10.58,3.2
7/8/19,8:39:21 PM,0,10.575,3.2
7/8/19,9:09:21 PM,0,10.572,3.2
7/8/19,9:39:21 PM,0,10.571,3.2
7/8/19,10:09:21 PM,0,10.575,3.2
7/8/19,10:39:21 PM,0,10.58,3.2
7/8/19,11:09:21 PM,0,10.577,3.2
7/8/19,11:39:21 PM,0,10.574,3.2
7/9/19,12:09:21 AM,0,10.574,3.2
7/9/19,12:39:21 AM,0,10.572,3.2
7/9/19,1:09:21 AM,0,10.572,3.2
7/9/19,1:39:21 AM,0,10.58,3.2
7/9/19,2:09:21 AM,0,10.575,3.2
7/9/19,2:39:21 AM,0,10.575,3.2
7/9/19,3:09:21 AM,0,10.568,3.2
7/9/19,3:39:21 AM,0,10.563,3.2
7/9/19,4:09:21 AM,0,10.551,3.2
7/9/19,4:39:21 AM,0,10.545,3.2
7/9/19,5:09:21 AM,0,10.547,3.2
7/9/19,5:39:21 AM,0,10.56,3.2
7/9/19,6:09:21 AM,0,10.566,3.2
7/9/19,6:39:21 AM,0,10.569,3.2
7/9/19,7:09:21 AM,0,10.572,3.2
7/9/19,7:39:21 AM,0,10.574,3.2
7/9/19,8:09:21 AM,0,10.575,3.2
7/9/19,8:39:21 AM,0,10.574,3.2
7/9/19,9:09:21 AM,0,10.574,3.2
7/9/19,9:39:21 AM,0,10.571,3.2
7/9/19,10:09:21 AM,0,10.569,3.2
7/9/19,10:39:21 AM,0,10.566,3.2
7/9/19,11:09:21 AM,0,10.565,3.2
7/9/19,11:39:21 AM,0,10.566,3.2
7/9/19,12:09:21 PM,0,10.566,3.2
7/9/19,12:39:21 PM,0,10.568,3.2
7/9/19,1:09:21 PM,0,10.566,3.2
7/9/19,1:39:21 PM,0,10.58,3.2
7/9/19,2:09:21 PM,0,10.596,3.2
7/9/19,2:39:21 PM,0,10.596,3.3
7/9/19,3:09:21 PM,0,10.595,3.3
7/9/19,3:39:21 PM,0,10.596,3.3
7/9/19,4:09:21 PM,0,10.595,3.3
7/9/19,4:39:21 PM,0,10.592,3.3
7/9/19,5:09:21 PM,0,10.589,3.3
7/9/19,5:39:21 PM,0,10.586,3.3
7/9/19,6:09:21 PM,0,10.583,3.3
7/9/19,6:39:21 PM,0,10.583,3.3
7/9/19,7:09:21 PM,0,10.581,3.3
7/9/19,7:39:21 PM,0,10.578,3.3
7/9/19,8:09:21 PM,0,10.574,3.3
7/9/19,8:39:21 PM,0,10.574,3.3
7/9/19,9:09:21 PM,0,10.571,3.3
7/9/19,9:39:21 PM,0,10.571,3.3
7/9/19,10:09:21 PM,0,10.578,3.3
7/9/19,10:39:21 PM,0,10.569,3.3
7/9/19,11:09:21 PM,0,10.562,3.3
7/9/19,11:39:21 PM,0,10.556,3.3
7/10/19,12:09:21 AM,0,10.548,3.3
7/10/19,12:39:21 AM,0,10.565,3.3
7/10/19,1:09:21 AM,0,10.563,3.3
7/10/19,1:39:21 AM,0,10.559,3.3
7/10/19,2:09:21 AM,0,10.557,3.3
7/10/19,2:39:21 AM,0,10.557,3.3
7/10/19,3:09:21 AM,0,10.556,3.3
7/10/19,3:39:21 AM,0,10.551,3.3
7/10/19,4:09:21 AM,0,10.547,3.3
7/10/19,4:39:21 AM,0,10.56,3.3
7/10/19,5:09:21 AM,0,10.575,3.3
7/10/19,5:39:21 AM,0,10.578,3.3
7/10/19,6:09:21 AM,0,10.583,3.3
7/10/19,6:39:21 AM,0,10.581,3.3
7/10/19,7:09:21 AM,0,10.577,3.3
7/10/19,7:39:21 AM,0,10.572,3.3
7/10/19,8:09:21 AM,0,10.572,3.3
7/10/19,8:39:21 AM,0,10.577,3.3
7/10/19,9:09:21 AM,0,10.583,3.4
7/10/19,9:39:21 AM,0,10.584,3.4
7/10/19,10:09:21 AM,0,10.586,3.4
7/10/19,10:39:21 AM,0,10.581,3.4
7/10/19,11:09:21 AM,0,10.584,3.4
7/10/19,11:39:21 AM,0,10.586,3.4
7/10/19,12:09:21 PM,0,10.59,3.4
7/10/19,12:39:21 PM,0,10.592,3.4
7/10/19,1:09:21 PM,0,10.592,3.4
7/10/19,1:39:21 PM,0,10.595,3.4
7/10/19,2:09:21 PM,0,10.598,3.4
7/10/19,2:39:21 PM,0,10.601,3.4
7/10/19,3:09:21 PM,0,10.605,3.4
7/10/19,3:39:21 PM,0,10.608,3.4
7/10/19,4:09:21 PM,0,10.61,3.4
7/10/19,4:39:21 PM,0,10.616,3.4
7/10/19,5:09:21 PM,0,10.622,3.4
7/10/19,5:39:21 PM,0,10.629,3.4
7/10/19,6:09:21 PM,0,10.637,3.4
7/10/19,6:39:21 PM,0,10.641,3.4
7/10/19,7:09:21 PM,0,10.646,3.4
7/10/19,7:39:21 PM,0,10.652,3.4
7/10/19,8:09:21 PM,0,10.658,3.4
7/10/19,8:39:21 PM,0,10.664,3.4
7/10/19,9:09:21 PM,0,10.668,3.4
7/10/19,9:39:21 PM,0,10.673,3.4
7/10/19,10:09:21 PM,0,10.676,3.4
7/10/19,10:39:21 PM,0,10.679,3.4
7/10/19,11:09:21 PM,0,10.68,3.4
7/10/19,11:39:21 PM,0,10.682,3.4
7/11/19,12:09:21 AM,0,10.685,3.4
7/11/19,12:39:21 AM,0,10.686,3.4
7/11/19,1:09:21 AM,0,10.686,3.4
7/11/19,1:39:21 AM,0,10.686,3.4
7/11/19,2:09:21 AM,0,10.689,3.4
7/11/19,2:39:21 AM,0,10.688,3.4
7/11/19,3:09:21 AM,0,10.691,3.4
7/11/19,3:39:21 AM,0,10.692,3.4
7/11/19,4:09:21 AM,0,10.697,3.5
7/11/19,4:39:21 AM,0,10.697,3.5
7/11/19,5:09:21 AM,0,10.697,3.5
7/11/19,5:39:21 AM,0,10.7,3.5
7/11/19,6:09:21 AM,0,10.703,3.5
7/11/19,6:39:21 AM,0,10.703,3.5
7/11/19,7:09:21 AM,0,10.704,3.5
7/11/19,7:39:21 AM,0,10.706,3.5
7/11/19,8:09:21 AM,0,10.706,3.5
7/11/19,8:39:21 AM,0,10.704,3.5
7/11/19,9:09:21 AM,0,10.703,3.5
7/11/19,9:39:21 AM,0,10.7,3.5
7/11/19,10:09:21 AM,0,10.698,3.5
7/11/19,10:39:21 AM,0,10.695,3.5
7/11/19,11:09:21 AM,0,10.692,3.5
7/11/19,11:39:21 AM,0,10.686,4
7/11/19,12:09:21 PM,0,10.686,3.7
7/11/19,12:39:21 PM,0,10.682,3.6
7/11/19,1:09:21 PM,0,10.679,3.6
7/11/19,1:39:21 PM,0,10.676,3.6
7/11/19,2:09:21 PM,0,10.674,3.6
7/11/19,2:39:21 PM,0,10.671,3.6
7/11/19,3:09:21 PM,0,10.67,3.6
7/11/19,3:39:21 PM,0,10.664,3.6
7/11/19,4:09:21 PM,0,10.661,3.6
7/11/19,4:39:21 PM,0,10.658,3.6
7/11/19,5:09:21 PM,0,10.655,3.6
7/11/19,5:39:21 PM,0,10.65,3.6
7/11/19,6:09:21 PM,0,10.646,3.6
7/11/19,6:39:21 PM,0,10.643,3.6
7/11/19,7:09:21 PM,0,10.638,3.6
7/11/19,7:39:21 PM,0,10.635,3.6
7/11/19,8:09:21 PM,0,10.634,3.6
7/11/19,8:39:21 PM,0,10.629,3.6
7/11/19,9:09:21 PM,0,10.629,3.6
7/11/19,9:39:21 PM,0,10.629,3.6
7/11/19,10:09:21 PM,0,10.625,3.6
7/11/19,10:39:21 PM,0,10.62,3.6
7/11/19,11:09:21 PM,0,10.619,3.6
7/11/19,11:39:21 PM,0,10.619,3.6
7/12/19,12:09:21 AM,0,10.617,3.6
7/12/19,12:39:21 AM,0,10.616,3.6
7/12/19,1:09:21 AM,0,10.616,3.6
7/12/19,1:39:21 AM,0,10.614,3.6
7/12/19,2:09:21 AM,0,10.607,3.6
7/12/19,2:39:21 AM,0,10.605,3.6
7/12/19,3:09:21 AM,0,10.601,3.6
7/12/19,3:39:21 AM,0,10.598,3.6
7/12/19,4:09:21 AM,0,10.598,3.6
7/12/19,4:39:21 AM,0,10.601,3.6
7/12/19,5:09:21 AM,0,10.596,3.6
7/12/19,5:39:21 AM,0,10.593,3.6
7/12/19,6:09:21 AM,0,10.595,3.6
7/12/19,6:39:21 AM,0,10.596,3.6
7/12/19,7:09:21 AM,0,10.599,3.6
7/12/19,7:39:21 AM,0,10.598,3.6
7/12/19,8:09:21 AM,0,10.601,3.6
7/12/19,8:39:21 AM,0,10.599,3.6
7/12/19,9:09:21 AM,0,10.602,3.6
7/12/19,9:39:21 AM,0,10.604,3.6
7/12/19,10:09:21 AM,0,10.605,3.6
7/12/19,10:39:21 AM,0,10.605,3.6
7/12/19,11:09:21 AM,0,10.602,3.6
7/12/19,11:39:21 AM,0,10.605,3.7
7/12/19,12:09:21 PM,0,10.607,3.7
7/12/19,12:39:21 PM,0,10.607,3.7
7/12/19,1:09:21 PM,0,10.608,3.7
7/12/19,1:39:21 PM,0,10.607,3.7
7/12/19,2:09:21 PM,0,10.607,3.7
7/12/19,2:39:21 PM,0,10.608,3.7
7/12/19,3:09:21 PM,0,10.61,3.7
7/12/19,3:39:21 PM,0,10.611,3.7
7/12/19,4:09:21 PM,0,10.61,3.7
7/12/19,4:39:21 PM,0,10.608,3.7
7/12/19,5:09:21 PM,0,10.605,3.7
7/12/19,5:39:21 PM,0,10.604,3.7
7/12/19,6:09:21 PM,0,10.607,3.7
7/12/19,6:39:21 PM,0,10.607,3.7
7/12/19,7:09:21 PM,0,10.608,3.7
7/12/19,7:39:21 PM,0,10.613,3.7
7/12/19,8:09:21 PM,0,10.613,3.7
7/12/19,8:39:21 PM,0,10.617,3.7
7/12/19,9:09:21 PM,0,10.617,3.7
7/12/19,9:39:21 PM,0,10.622,3.7
7/12/19,10:09:21 PM,0,10.626,3.7
7/12/19,10:39:21 PM,0,10.628,3.7
7/12/19,11:09:21 PM,0,10.629,3.7
7/12/19,11:39:21 PM,0,10.629,3.7
7/13/19,12:09:21 AM,0,10.632,3.7
7/13/19,12:39:21 AM,0,10.632,3.7
7/13/19,1:09:21 AM,0,10.635,3.7
7/13/19,1:39:21 AM,0,10.637,3.7
7/13/19,2:09:21 AM,0,10.638,3.7
7/13/19,2:39:21 AM,0,10.64,3.7
7/13/19,3:09:21 AM,0,10.641,3.7
7/13/19,3:39:21 AM,0,10.641,3.7
7/13/19,4:09:21 AM,0,10.643,3.7
7/13/19,4:39:21 AM,0,10.647,3.7
7/13/19,5:09:21 AM,0,10.649,3.7
7/13/19,5:39:21 AM,0,10.652,3.7
7/13/19,6:09:21 AM,0,10.653,3.8
7/13/19,6:39:21 AM,0,10.658,3.8
7/13/19,7:09:21 AM,0,10.661,3.8
7/13/19,7:39:21 AM,0,10.661,3.8
7/13/19,8:09:21 AM,0,10.667,3.8
7/13/19,8:39:21 AM,0,10.67,3.8
7/13/19,9:09:21 AM,0,10.67,3.8
7/13/19,9:39:21 AM,0,10.67,3.8
7/13/19,10:09:21 AM,0,10.67,3.8
7/13/19,10:39:21 AM,0,10.671,3.8
7/13/19,11:09:21 AM,0,10.67,3.8
7/13/19,11:39:21 AM,0,10.671,3.8
7/13/19,12:09:21 PM,0,10.673,3.8
7/13/19,12:39:21 PM,0,10.67,3.8
7/13/19,1:09:21 PM,0,10.668,3.8
7/13/19,1:39:21 PM,0,10.665,3.8
7/13/19,2:09:21 PM,0,10.664,3.8
7/13/19,2:39:21 PM,0,10.662,3.8
7/13/19,3:09:21 PM,0,10.661,3.8
7/13/19,3:39:21 PM,0,10.659,3.8
7/13/19,4:09:21 PM,0,10.658,3.8
7/13/19,4:39:21 PM,0,10.659,3.8
7/13/19,5:09:21 PM,0,10.656,3.8
7/13/19,5:39:21 PM,0,10.655,3.8
7/13/19,6:09:21 PM,0,10.655,3.8
7/13/19,6:39:21 PM,0,10.653,3.8
7/13/19,7:09:21 PM,0,10.653,3.8
7/13/19,7:39:21 PM,0,10.653,3.8
7/13/19,8:09:21 PM,0,10.653,3.8
7/13/19,8:39:21 PM,0,10.656,3.8
7/13/19,9:09:21 PM,0,10.658,3.8
7/13/19,9:39:21 PM,0,10.659,3.8
7/13/19,10:09:21 PM,0,10.661,3.9
7/13/19,10:39:21 PM,0,10.659,3.9
7/13/19,11:09:21 PM,0,10.661,3.9
7/13/19,11:39:21 PM,0,10.659,3.9
7/14/19,12:09:21 AM,0,10.659,3.9
7/14/19,12:39:21 AM,0,10.659,3.9
7/14/19,1:09:21 AM,0,10.661,3.9
7/14/19,1:39:21 AM,0,10.662,3.9
7/14/19,2:09:21 AM,0,10.664,3.9
7/14/19,2:39:21 AM,0,10.662,3.9
7/14/19,3:09:21 AM,0,10.662,3.9
7/14/19,3:39:21 AM,0,10.664,3.9
7/14/19,4:09:21 AM,0,10.664,3.9
7/14/19,4:39:21 AM,0,10.662,3.9
7/14/19,5:09:21 AM,0,10.664,3.9
7/14/19,5:39:21 AM,0,10.662,3.9
7/14/19,6:09:21 AM,0,10.659,3.9
7/14/19,6:39:21 AM,0,10.658,3.9
7/14/19,7:09:21 AM,0,10.665,3.9
7/14/19,7:39:21 AM,0,10.668,3.9
7/14/19,8:09:21 AM,0,10.665,3.9
7/14/19,8:39:21 AM,0,10.656,3.9
7/14/19,9:09:21 AM,0,10.655,3.9
7/14/19,9:39:21 AM,0,10.659,3.9
7/14/19,10:09:21 AM,0,10.655,3.9
7/14/19,10:39:21 AM,0,10.652,3.9
7/14/19,11:09:21 AM,0,10.652,3.9
7/14/19,11:39:21 AM,0,10.65,3.9
7/14/19,12:09:21 PM,0,10.646,3.9
7/14/19,12:39:21 PM,0,10.643,3.9
7/14/19,1:09:21 PM,0,10.643,4
7/14/19,1:39:21 PM,0,10.637,4
7/14/19,2:09:21 PM,0,10.634,4
7/14/19,2:39:21 PM,0,10.629,4
7/14/19,3:09:21 PM,0,10.626,4
7/14/19,3:39:21 PM,0,10.623,4
7/14/19,4:09:21 PM,0,10.614,4
7/14/19,4:39:21 PM,0,10.613,4
7/14/19,5:09:21 PM,0,10.611,4
7/14/19,5:39:21 PM,0,10.608,4
7/14/19,6:09:21 PM,0,10.608,4
7/14/19,6:39:21 PM,0,10.611,4
7/14/19,7:09:21 PM,0,10.61,4
7/14/19,7:39:21 PM,0,10.611,4
7/14/19,8:09:21 PM,0,10.619,4
7/14/19,8:39:21 PM,0,10.617,4
7/14/19,9:09:21 PM,0,10.614,4
7/14/19,9:39:21 PM,0,10.614,4
7/14/19,10:09:21 PM,0,10.613,4
7/14/19,10:39:21 PM,0,10.61,4
7/14/19,11:09:21 PM,0,10.611,4
7/14/19,11:39:21 PM,0,10.611,4
7/15/19,12:09:21 AM,0,10.61,4
7/15/19,12:39:21 AM,0,10.61,4
7/15/19,1:09:21 AM,0,10.608,4
7/15/19,1:39:21 AM,0,10.605,4
7/15/19,2:09:21 AM,0,10.604,4
7/15/19,2:39:21 AM,0,10.601,4
7/15/19,3:09:21 AM,0,10.601,4
7/15/19,3:39:21 AM,0,10.599,4
7/15/19,4:09:21 AM,0,10.596,4
7/15/19,4:39:21 AM,0,10.595,4
7/15/19,5:09:21 AM,0,10.592,4
7/15/19,5:39:21 AM,0,10.592,4
7/15/19,6:09:21 AM,0,10.593,4.1
7/15/19,6:39:21 AM,0,10.592,4.1
7/15/19,7:09:21 AM,0,10.589,4.1
7/15/19,7:39:21 AM,0,10.587,4.1
7/15/19,8:09:21 AM,0,10.584,4.1
7/15/19,8:39:21 AM,0,10.578,4.1
7/15/19,9:09:21 AM,0,10.577,4.1
7/15/19,9:39:21 AM,0,10.575,4.1
7/15/19,10:09:21 AM,0,10.571,4.1
7/15/19,10:39:21 AM,0,10.565,4.1
7/15/19,11:09:21 AM,0,10.559,4.1
7/15/19,11:39:21 AM,0,10.559,4.1
7/15/19,12:09:21 PM,0,10.556,4.1
7/15/19,12:39:21 PM,0,10.556,4.1
7/15/19,1:09:21 PM,0,10.553,4.1
7/15/19,1:39:21 PM,0,10.554,4.1
7/15/19,2:09:21 PM,0,10.542,4.1
7/15/19,2:39:21 PM,0,10.553,4.1
7/15/19,3:09:21 PM,0,10.565,4.1
7/15/19,3:39:21 PM,0,10.578,4.1
7/15/19,4:09:21 PM,0,10.575,4.1
7/15/19,4:39:21 PM,0,10.569,4.1
7/15/19,5:09:21 PM,0,10.568,4.1
7/15/19,5:39:21 PM,0,10.565,4.1
7/15/19,6:09:21 PM,0,10.563,4.1
7/15/19,6:39:21 PM,0,10.562,4.1
7/15/19,7:09:21 PM,0,10.565,4.1
7/15/19,7:39:21 PM,0,10.563,4.1
7/15/19,8:09:21 PM,0,10.571,4.2
7/15/19,8:39:21 PM,0,10.575,4.2
7/15/19,9:09:21 PM,0,10.575,4.2
7/15/19,9:39:21 PM,0,10.583,4.2
7/15/19,10:09:21 PM,0,10.587,4.2
7/15/19,10:39:21 PM,0,10.59,4.2
7/15/19,11:09:21 PM,0,10.59,4.2
7/15/19,11:39:21 PM,0,10.595,4.2
7/16/19,12:09:21 AM,0,10.598,4.2
7/16/19,12:39:21 AM,0,10.598,4.2
7/16/19,1:09:21 AM,0,10.602,4.2
7/16/19,1:39:21 AM,0,10.601,4.2
7/16/19,2:09:21 AM,0,10.599,4.2
7/16/19,2:39:21 AM,0,10.601,4.2
7/16/19,3:09:21 AM,0,10.604,4.2
7/16/19,3:39:21 AM,0,10.607,4.2
7/16/19,4:09:21 AM,0,10.602,4.2
7/16/19,4:39:21 AM,0,10.604,4.2
7/16/19,5:09:21 AM,0,10.605,4.2
7/16/19,5:39:21 AM,0,10.607,4.2
7/16/19,6:09:21 AM,0,10.608,4.2
7/16/19,6:39:21 AM,0,10.61,4.2
7/16/19,7:09:21 AM,0,10.614,4.2
7/16/19,7:39:21 AM,0,10.616,4.2
7/16/19,8:09:21 AM,0,10.619,4.2
7/16/19,8:39:21 AM,0,10.62,4.2
7/16/19,9:09:21 AM,0,10.62,4.2
7/16/19,9:39:21 AM,0,10.623,4.2
7/16/19,10:09:21 AM,0,10.625,4.2
7/16/19,10:39:21 AM,0,10.626,4.2
7/16/19,11:09:21 AM,0,10.626,4.2
7/16/19,11:39:21 AM,0,10.626,4.2
7/16/19,12:09:21 PM,0,10.629,4.3
7/16/19,12:39:21 PM,0,10.629,4.3
7/16/19,1:09:21 PM,0,10.628,4.3
7/16/19,1:39:21 PM,0,10.628,4.3
7/16/19,2:09:21 PM,0,10.625,4.3
7/16/19,2:39:21 PM,0,10.625,4.3
7/16/19,3:09:21 PM,0,10.622,4.3
7/16/19,3:39:21 PM,0,10.622,4.3
7/16/19,4:09:21 PM,0,10.62,4.3
7/16/19,4:39:21 PM,0,10.619,4.3
7/16/19,5:09:21 PM,0,10.617,4.3
7/16/19,5:39:21 PM,0,10.616,4.3
7/16/19,6:09:21 PM,0,10.617,4.3
7/16/19,6:39:21 PM,0,10.617,4.3
7/16/19,7:09:21 PM,0,10.62,4.3
7/16/19,7:39:21 PM,0,10.62,4.3
7/16/19,8:09:21 PM,0,10.622,4.3
7/16/19,8:39:21 PM,0,10.62,4.3
7/16/19,9:09:21 PM,0,10.625,4.3
7/16/19,9:39:21 PM,0,10.626,4.3
7/16/19,10:09:21 PM,0,10.626,4.3
7/16/19,10:39:21 PM,0,10.626,4.3
7/16/19,11:09:21 PM,0,10.626,4.3
7/16/19,11:39:21 PM,0,10.626,4.3
7/17/19,12:09:21 AM,0,10.626,4.3
7/17/19,12:39:21 AM,0,10.629,4.3
7/17/19,1:09:21 AM,0,10.626,4.3
7/17/19,1:39:21 AM,0,10.626,4.3
7/17/19,2:09:21 AM,0,10.626,4.3
7/17/19,2:39:21 AM,0,10.623,4.3
7/17/19,3:09:21 AM,0,10.622,4.3
7/17/19,3:39:21 AM,0,10.625,4.3
7/17/19,4:09:21 AM,0,10.628,4.4
7/17/19,4:39:21 AM,0,10.628,4.4
7/17/19,5:09:21 AM,0,10.625,4.4
7/17/19,5:39:21 AM,0,10.619,4.4
7/17/19,6:09:21 AM,0,10.616,4.4
7/17/19,6:39:21 AM,0,10.614,4.4
7/17/19,7:09:21 AM,0,10.616,4.4
7/17/19,7:39:21 AM,0,10.619,4.4
7/17/19,8:09:21 AM,0,10.62,4.4
7/17/19,8:39:21 AM,0,10.616,4.4
7/17/19,9:09:21 AM,0,10.613,4.4
7/17/19,9:39:21 AM,0,10.611,4.4
7/17/19,10:09:21 AM,0,10.613,4.4
7/17/19,10:39:21 AM,0,10.613,4.4
7/17/19,11:09:21 AM,0,10.646,4.4
7/17/19,11:39:21 AM,0,10.647,4.4
7/17/19,12:09:21 PM,0,10.649,4.4
7/17/19,12:39:21 PM,0,10.644,4.4
7/17/19,1:09:21 PM,0,10.641,4.4
7/17/19,1:39:21 PM,0,10.638,4.4
7/17/19,2:09:21 PM,0,10.634,4.4
7/17/19,2:39:21 PM,0,10.632,4.4
7/17/19,3:09:21 PM,0,10.631,4.4
7/17/19,3:39:21 PM,0,10.626,4.4
7/17/19,4:09:21 PM,0,10.623,4.4
7/17/19,4:39:21 PM,0,10.62,4.4
7/17/19,5:09:21 PM,0,10.616,4.4
7/17/19,5:39:21 PM,0,10.61,4.4
7/17/19,6:09:21 PM,0,10.605,4.5
7/17/19,6:39:21 PM,0,10.604,4.5
7/17/19,7:09:21 PM,0,10.604,4.5
7/17/19,7:39:21 PM,0,10.602,4.5
7/17/19,8:09:21 PM,0,10.599,4.5
7/17/19,8:39:21 PM,0,10.595,4.5
7/17/19,9:09:21 PM,0,10.601,4.5
7/17/19,9:39:21 PM,0,10.607,4.5
7/17/19,10:09:21 PM,0,10.607,4.5
7/17/19,10:39:21 PM,0,10.605,4.5
7/17/19,11:09:21 PM,0,10.604,4.5
7/17/19,11:39:21 PM,0,10.604,4.5
7/18/19,12:09:21 AM,0,10.601,4.5
7/18/19,12:39:21 AM,0,10.598,4.5
7/18/19,1:09:21 AM,0,10.598,4.5
7/18/19,1:39:21 AM,0,10.598,4.5
7/18/19,2:09:21 AM,0,10.598,4.5
7/18/19,2:39:21 AM,0,10.592,4.5
7/18/19,3:09:21 AM,0,10.584,4.5
7/18/19,3:39:21 AM,0,10.587,4.5
7/18/19,4:09:21 AM,0,10.587,4.5
7/18/19,4:39:21 AM,0,10.59,4.5
7/18/19,5:09:21 AM,0,10.584,4.5
7/18/19,5:39:21 AM,0,10.586,4.5
7/18/19,6:09:21 AM,0,10.589,4.5
7/18/19,6:39:21 AM,0,10.589,4.5
7/18/19,7:09:21 AM,0,10.589,4.5
7/18/19,7:39:21 AM,0,10.583,4.5
7/18/19,8:09:21 AM,0,10.581,4.5
7/18/19,8:39:21 AM,0,10.581,4.5
7/18/19,9:09:21 AM,0,10.578,4.5
7/18/19,9:39:21 AM,0,10.575,4.6
7/18/19,10:09:21 AM,0,10.574,4.6
7/18/19,10:39:21 AM,0,10.574,4.6
7/18/19,11:09:21 AM,0,10.572,4.6
7/18/19,11:39:21 AM,0,10.571,4.6
7/18/19,12:09:21 PM,0,10.571,4.6
7/18/19,12:39:21 PM,0,10.568,4.6
7/18/19,1:09:21 PM,0,10.568,4.6
7/18/19,1:39:21 PM,0,10.565,4.6
7/18/19,2:09:21 PM,0,10.563,4.6
7/18/19,2:39:21 PM,0,10.559,4.6
7/18/19,3:09:21 PM,0,10.559,4.6
7/18/19,3:39:21 PM,0,10.557,4.6
7/18/19,4:09:21 PM,0,10.557,4.6
7/18/19,4:39:21 PM,0,10.553,4.6
7/18/19,5:09:21 PM,0,10.551,4.6
7/18/19,5:39:21 PM,0,10.551,4.6
7/18/19,6:09:21 PM,0,10.553,4.6
7/18/19,6:39:21 PM,0,10.553,4.6
7/18/19,7:09:21 PM,0,10.553,4.6
7/18/19,7:39:21 PM,0,10.553,4.6
7/18/19,8:09:21 PM,0,10.554,4.6
7/18/19,8:39:21 PM,0,10.554,4.6
7/18/19,9:09:21 PM,0,10.556,4.6
7/18/19,9:39:21 PM,0,10.557,4.6
7/18/19,10:09:21 PM,0,10.562,4.6
7/18/19,10:39:21 PM,0,10.566,4.6
7/18/19,11:09:21 PM,0,10.566,4.6
7/18/19,11:39:21 PM,0,10.566,4.6
7/19/19,12:09:21 AM,0,10.566,4.6
7/19/19,12:39:21 AM,0,10.568,4.7
7/19/19,1:09:21 AM,0,10.569,4.7
7/19/19,1:39:21 AM,0,10.569,4.7
7/19/19,2:09:21 AM,0,10.572,4.7
7/19/19,2:39:21 AM,0,10.575,4.7
7/19/19,3:09:21 AM,0,10.575,4.7
7/19/19,3:39:21 AM,0,10.575,4.7
7/19/19,4:09:21 AM,0,10.577,4.7
7/19/19,4:39:21 AM,0,10.578,4.7
7/19/19,5:09:21 AM,0,10.574,4.7
7/19/19,5:39:21 AM,0,10.574,4.7
7/19/19,6:09:21 AM,0,10.58,4.7
7/19/19,6:39:21 AM,0,10.581,4.7
7/19/19,7:09:21 AM,0,10.581,4.7
7/19/19,7:39:21 AM,0,10.59,4.7
7/19/19,8:09:21 AM,0,10.589,4.7
7/19/19,8:39:21 AM,0,10.586,4.7
7/19/19,9:09:21 AM,0,10.589,4.7
7/19/19,9:39:21 AM,0,10.586,4.7
7/19/19,10:09:21 AM,0,10.596,4.7
7/19/19,10:39:21 AM,0,10.599,4.7
7/19/19,11:09:21 AM,0,10.598,4.7
7/19/19,11:39:21 AM,0,10.599,4.7
7/19/19,12:09:21 PM,0,10.592,4.7
7/19/19,12:39:21 PM,0,10.584,4.7
7/19/19,1:09:21 PM,0,10.586,4.7
7/19/19,1:39:21 PM,0,10.587,4.7
7/19/19,2:09:21 PM,0,10.589,4.8
7/19/19,2:39:21 PM,0,10.59,4.8
7/19/19,3:09:21 PM,0,10.584,4.8
7/19/19,3:39:21 PM,0,10.586,4.8
7/19/19,4:09:21 PM,0,10.589,4.8
7/19/19,4:39:21 PM,0,10.58,4.8
7/19/19,5:09:21 PM,0,10.58,4.8
7/19/19,5:39:21 PM,0,10.58,4.8
7/19/19,6:09:21 PM,0,10.577,4.8
7/19/19,6:39:21 PM,0,10.584,4.8
7/19/19,7:09:21 PM,0,10.584,4.8
7/19/19,7:39:21 PM,0,10.586,4.8
7/19/19,8:09:21 PM,0,10.581,4.8
7/19/19,8:39:21 PM,0,10.584,4.8
7/19/19,9:09:21 PM,0,10.586,4.8
7/19/19,9:39:21 PM,0,10.592,4.8
7/19/19,10:09:21 PM,0,10.595,4.8
7/19/19,10:39:21 PM,0,10.599,4.8
7/19/19,11:09:21 PM,0,10.602,4.8
7/19/19,11:39:21 PM,0,10.604,4.8
7/20/19,12:09:21 AM,0,10.605,4.8
7/20/19,12:39:21 AM,0,10.607,4.8
7/20/19,1:09:21 AM,0,10.61,4.8
7/20/19,1:39:21 AM,0,10.608,4.8
7/20/19,2:09:21 AM,0,10.611,4.8
7/20/19,2:39:21 AM,0,10.616,4.8
7/20/19,3:09:21 AM,0,10.617,4.8
7/20/19,3:39:21 AM,0,10.617,4.8
7/20/19,4:09:21 AM,0,10.623,4.8
7/20/19,4:39:21 AM,0,10.625,4.8
7/20/19,5:09:21 AM,0,10.631,4.8
7/20/19,5:39:21 AM,0,10.637,4.9
7/20/19,6:09:21 AM,0,10.643,4.9
7/20/19,6:39:21 AM,0,10.635,4.9
7/20/19,7:09:21 AM,0,10.628,4.9
7/20/19,7:39:21 AM,0,10.625,4.9
7/20/19,8:09:21 AM,0,10.616,4.9
7/20/19,8:39:21 AM,0,10.623,4.9
7/20/19,9:09:21 AM,0,10.625,4.9
7/20/19,9:39:21 AM,0,10.626,4.9
7/20/19,10:09:21 AM,0,10.625,4.9
7/20/19,10:39:21 AM,0,10.628,4.9
7/20/19,11:09:21 AM,0,10.626,4.9
7/20/19,11:39:21 AM,0,10.628,4.9
7/20/19,12:09:21 PM,0,10.629,4.9
7/20/19,12:39:21 PM,0,10.632,4.9
7/20/19,1:09:21 PM,0,10.629,4.9
7/20/19,1:39:21 PM,0,10.626,4.9
7/20/19,2:09:21 PM,0,10.628,4.9
7/20/19,2:39:21 PM,0,10.629,4.9
7/20/19,3:09:21 PM,0,10.629,4.9
7/20/19,3:39:21 PM,0,10.632,4.9
7/20/19,4:09:21 PM,0,10.632,4.9
7/20/19,4:39:21 PM,0,10.634,4.9
7/20/19,5:09:21 PM,0,10.634,4.9
7/20/19,5:39:21 PM,0,10.637,5
7/20/19,6:09:21 PM,0,10.64,5
7/20/19,6:39:21 PM,0,10.641,5
7/20/19,7:09:21 PM,0,10.643,5
7/20/19,7:39:21 PM,0,10.644,5
7/20/19,8:09:21 PM,0,10.644,5
7/20/19,8:39:21 PM,0,10.646,5
7/20/19,9:09:21 PM,0,10.649,5
7/20/19,9:39:21 PM,0,10.653,5
7/20/19,10:09:21 PM,0,10.658,5
7/20/19,10:39:21 PM,0,10.659,5
7/20/19,11:09:21 PM,0,10.661,5
7/20/19,11:39:21 PM,0,10.664,5
7/21/19,12:09:21 AM,0,10.665,5
7/21/19,12:39:21 AM,0,10.668,5
7/21/19,1:09:21 AM,0,10.67,5
7/21/19,1:39:21 AM,0,10.673,5
7/21/19,2:09:21 AM,0,10.674,5
7/21/19,2:39:21 AM,0,10.676,5
7/21/19,3:09:21 AM,0,10.677,5
7/21/19,3:39:21 AM,0,10.677,5
7/21/19,4:09:21 AM,0,10.677,5
7/21/19,4:39:21 AM,0,10.677,5
7/21/19,5:09:21 AM,0,10.68,5
7/21/19,5:39:21 AM,0,10.683,5
7/21/19,6:09:21 AM,0,10.683,5
7/21/19,6:39:21 AM,0,10.685,5
7/21/19,7:09:21 AM,0,10.689,5
7/21/19,7:39:21 AM,0,10.692,5
7/21/19,8:09:21 AM,0,10.695,5
7/21/19,8:39:21 AM,0,10.698,5
7/21/19,9:09:21 AM,0,10.7,5.1
7/21/19,9:39:21 AM,0,10.701,5.1
7/21/19,10:09:21 AM,0,10.701,5.1
7/21/19,10:39:21 AM,0,10.701,5.1
7/21/19,11:09:21 AM,0,10.706,5.1
7/21/19,11:39:21 AM,0,10.71,5.1
7/21/19,12:09:21 PM,0,10.71,5.1
7/21/19,12:39:21 PM,0,10.709,5.1
7/21/19,1:09:21 PM,0,10.71,5.1
7/21/19,1:39:21 PM,0,10.709,5.1
7/21/19,2:09:21 PM,0,10.704,5.1
7/21/19,2:39:21 PM,0,10.704,5.1
7/21/19,3:09:21 PM,0,10.7,5.1
7/21/19,3:39:21 PM,0,10.7,5.1
7/21/19,4:09:21 PM,0,10.698,5.1
7/21/19,4:39:21 PM,0,10.7,5.1
7/21/19,5:09:21 PM,0,10.698,5.1
7/21/19,5:39:21 PM,0,10.697,5.1
7/21/19,6:09:21 PM,0,10.698,5.1
7/21/19,6:39:21 PM,0,10.698,5.1
7/21/19,7:09:21 PM,0,10.7,5.1
7/21/19,7:39:21 PM,0,10.704,5.1
7/21/19,8:09:21 PM,0,10.707,5.1
7/21/19,8:39:21 PM,0,10.709,5.1
7/21/19,9:09:21 PM,0,10.712,5.1
7/21/19,9:39:21 PM,0,10.713,5.1
7/21/19,10:09:21 PM,0,10.715,5.1
7/21/19,10:39:21 PM,0,10.715,5.1
7/21/19,11:09:21 PM,0,10.716,5.1
7/21/19,11:39:21 PM,0,10.718,5.2
7/22/19,12:09:21 AM,0,10.719,5.2
7/22/19,12:39:21 AM,0,10.719,5.2
7/22/19,1:09:21 AM,0,10.721,5.2
7/22/19,1:39:21 AM,0,10.721,5.2
7/22/19,2:09:21 AM,0,10.722,5.2
7/22/19,2:39:21 AM,0,10.722,5.2
7/22/19,3:09:21 AM,0,10.722,5.2
7/22/19,3:39:21 AM,0,10.721,5.2
7/22/19,4:09:21 AM,0,10.724,5.2
7/22/19,4:39:21 AM,0,10.725,5.2
7/22/19,5:09:21 AM,0,10.725,5.2
7/22/19,5:39:21 AM,0,10.725,5.2
7/22/19,6:09:21 AM,0,10.727,5.2
7/22/19,6:39:21 AM,0,10.73,5.2
7/22/19,7:09:21 AM,0,10.731,5.2
7/22/19,7:39:21 AM,0,10.731,5.2
7/22/19,8:09:21 AM,0,10.731,5.2
7/22/19,8:39:21 AM,0,10.73,5.2
7/22/19,9:09:21 AM,0,10.731,5.2
7/22/19,9:39:21 AM,0,10.731,5.2
7/22/19,10:09:21 AM,0,10.728,5.2
7/22/19,10:39:21 AM,0,10.727,5.2
7/22/19,11:09:21 AM,0,10.728,5.2
7/22/19,11:39:21 AM,0,10.727,5.2
7/22/19,12:09:21 PM,0,10.727,5.3
7/22/19,12:39:21 PM,0,10.725,5.3
7/22/19,1:09:21 PM,0,10.725,5.3
7/22/19,1:39:21 PM,0,10.724,5.3
7/22/19,2:09:21 PM,0,10.721,5.3
7/22/19,2:39:21 PM,0,10.718,5.3
7/22/19,3:09:21 PM,0,10.718,5.3
7/22/19,3:39:21 PM,0,10.716,5.3
7/22/19,4:09:21 PM,0,10.713,5.3
7/22/19,4:39:21 PM,0,10.71,5.3
7/22/19,5:09:21 PM,0,10.709,5.3
7/22/19,5:39:21 PM,0,10.706,5.3
7/22/19,6:09:21 PM,0,10.707,5.3
7/22/19,6:39:21 PM,0,10.706,5.3
7/22/19,7:09:21 PM,0,10.706,5.3
7/22/19,7:39:21 PM,0,10.707,5.3
7/22/19,8:09:21 PM,0,10.709,5.3
7/22/19,8:39:21 PM,0,10.709,5.3
7/22/19,9:09:21 PM,0,10.707,5.3
7/22/19,9:39:21 PM,0,10.71,5.3
7/22/19,10:09:21 PM,0,10.712,5.3
7/22/19,10:39:21 PM,0,10.712,5.3
7/22/19,11:09:21 PM,0,10.715,5.3
7/22/19,11:39:21 PM,0,10.712,5.3
7/23/19,12:09:21 AM,0,10.712,5.3
7/23/19,12:39:21 AM,0,10.713,5.3
7/23/19,1:09:21 AM,0,10.713,5.3
7/23/19,1:39:21 AM,0,10.712,5.3
7/23/19,2:09:21 AM,0,10.71,5.3
7/23/19,2:39:21 AM,0,10.712,5.3
7/23/19,3:09:21 AM,0,10.715,5.3
7/23/19,3:39:21 AM,0,10.715,5.3
7/23/19,4:09:21 AM,0,10.716,5.4
7/23/19,4:39:21 AM,0,10.718,5.4
7/23/19,5:09:21 AM,0,10.719,5.4
7/23/19,5:39:21 AM,0,10.719,5.4
7/23/19,6:09:21 AM,0,10.719,5.4
7/23/19,6:39:21 AM,0,10.719,5.4
7/23/19,7:09:21 AM,0,10.721,5.4
7/23/19,7:39:21 AM,0,10.721,5.4
7/23/19,8:09:21 AM,0,10.721,5.4
7/23/19,8:39:21 AM,0,10.721,5.4
7/23/19,9:09:21 AM,0,10.721,5.4
7/23/19,9:39:21 AM,0,10.719,5.4
7/23/19,10:09:21 AM,0,10.718,5.4
7/23/19,10:39:21 AM,0,10.716,5.4
7/23/19,11:09:21 AM,0,10.715,5.4
7/23/19,11:39:21 AM,0,10.713,5.4
7/23/19,12:09:21 PM,0,10.71,5.4
7/23/19,12:39:21 PM,0,10.709,5.4
7/23/19,1:09:21 PM,0,10.707,5.4
7/23/19,1:39:21 PM,0,10.706,5.4
7/23/19,2:09:21 PM,0,10.703,5.4
7/23/19,2:39:21 PM,0,10.698,5.4
7/23/19,3:09:21 PM,0,10.697,5.4
7/23/19,3:39:21 PM,0,10.695,5.5
7/23/19,4:09:21 PM,0,10.694,5.5
7/23/19,4:39:21 PM,0,10.691,5.5
7/23/19,5:09:21 PM,0,10.689,5.5
7/23/19,5:39:21 PM,0,10.689,5.5
7/23/19,6:09:21 PM,0,10.688,5.5
7/23/19,6:39:21 PM,0,10.685,5.5
7/23/19,7:09:21 PM,0,10.685,5.5
7/23/19,7:39:21 PM,0,10.683,5.5
7/23/19,8:09:21 PM,0,10.685,5.5
7/23/19,8:39:21 PM,0,10.686,5.5
7/23/19,9:09:21 PM,0,10.689,5.5
7/23/19,9:39:21 PM,0,10.689,5.5
7/23/19,10:09:21 PM,0,10.691,5.5
7/23/19,10:39:21 PM,0,10.691,5.5
7/23/19,11:09:21 PM,0,10.691,5.5
7/23/19,11:39:21 PM,0,10.691,5.5
7/24/19,12:09:21 AM,0,10.692,5.5
7/24/19,12:39:21 AM,0,10.692,5.5
7/24/19,1:09:21 AM,0,10.694,5.5
7/24/19,1:39:21 AM,0,10.694,5.5
7/24/19,2:09:21 AM,0,10.694,5.5
7/24/19,2:39:21 AM,0,10.694,5.5
7/24/19,3:09:21 AM,0,10.694,5.5
7/24/19,3:39:21 AM,0,10.694,5.5
7/24/19,4:09:21 AM,0,10.694,5.5
7/24/19,4:39:21 AM,0,10.694,5.5
7/24/19,5:09:21 AM,0,10.695,5.5
7/24/19,5:39:21 AM,0,10.697,5.5
7/24/19,6:09:21 AM,0,10.698,5.5
7/24/19,6:39:21 AM,0,10.7,5.5
7/24/19,7:09:21 AM,0,10.7,5.5
7/24/19,7:39:21 AM,0,10.7,5.5
7/24/19,8:09:21 AM,0,10.7,5.5
7/24/19,8:39:21 AM,0,10.698,5.5
7/24/19,9:09:21 AM,0,10.697,5.6
7/24/19,9:39:21 AM,0,10.695,5.6
7/24/19,10:09:21 AM,0,10.694,5.6
7/24/19,10:39:21 AM,0,10.692,5.6
7/24/19,11:09:21 AM,0,10.688,5.6
7/24/19,11:39:21 AM,0,10.683,5.6
7/24/19,12:09:21 PM,0,10.683,5.6
7/24/19,12:39:21 PM,0,10.68,5.6
7/24/19,1:09:21 PM,0,10.676,5.6
7/24/19,1:39:21 PM,0,10.674,5.6
7/24/19,2:09:21 PM,0,10.67,5.6
7/24/19,2:39:21 PM,0,10.67,5.6
7/24/19,3:09:21 PM,0,10.668,5.6
7/24/19,3:39:21 PM,0,10.662,5.6
7/24/19,4:09:21 PM,0,10.661,5.6
7/24/19,4:39:21 PM,0,10.658,5.6
7/24/19,5:09:21 PM,0,10.655,5.6
7/24/19,5:39:21 PM,0,10.652,5.6
7/24/19,6:09:21 PM,0,10.652,5.6
7/24/19,6:39:21 PM,0,10.65,5.6
7/24/19,7:09:21 PM,0,10.649,5.6
7/24/19,7:39:21 PM,0,10.649,5.6
7/24/19,8:09:21 PM,0,10.647,5.6
7/24/19,8:39:21 PM,0,10.649,5.6
7/24/19,9:09:21 PM,0,10.647,5.6
7/24/19,9:39:21 PM,0,10.647,5.6
7/24/19,10:09:21 PM,0,10.646,5.6
7/24/19,10:39:21 PM,0,10.644,5.6
7/24/19,11:09:21 PM,0,10.643,5.6
7/24/19,11:39:21 PM,0,10.643,5.6
7/25/19,12:09:21 AM,0,10.643,5.6
7/25/19,12:39:21 AM,0,10.644,5.7
7/25/19,1:09:21 AM,0,10.644,5.7
7/25/19,1:39:21 AM,0,10.643,5.7
7/25/19,2:09:21 AM,0,10.644,5.7
7/25/19,2:39:21 AM,0,10.646,5.7
7/25/19,3:09:21 AM,0,10.646,5.7
7/25/19,3:39:21 AM,0,10.646,5.7
7/25/19,4:09:21 AM,0,10.643,5.7
7/25/19,4:39:21 AM,0,10.638,5.7
7/25/19,5:09:21 AM,0,10.635,5.7
7/25/19,5:39:21 AM,0,10.634,5.7
7/25/19,6:09:21 AM,0,10.632,5.7
7/25/19,6:39:21 AM,0,10.637,5.7
7/25/19,7:09:21 AM,0,10.634,5.7
7/25/19,7:39:21 AM,0,10.632,5.7
7/25/19,8:09:21 AM,0,10.628,5.7
7/25/19,8:39:21 AM,0,10.625,5.7
7/25/19,9:09:21 AM,0,10.622,5.7
7/25/19,9:39:21 AM,0,10.617,5.7
7/25/19,10:09:21 AM,0,10.61,5.7
7/25/19,10:39:21 AM,0,10.611,5.7
7/25/19,11:09:21 AM,0,10.611,5.7
7/25/19,11:39:21 AM,0,10.611,5.7
7/25/19,12:09:21 PM,0,10.605,5.7
7/25/19,12:39:21 PM,0,10.607,5.7
7/25/19,1:09:21 PM,0,10.605,5.7
7/25/19,1:39:21 PM,0,10.604,5.7
7/25/19,2:09:21 PM,0,10.605,5.7
7/25/19,2:39:21 PM,0,10.607,5.7
7/25/19,3:09:21 PM,0,10.604,5.7
7/25/19,3:39:21 PM,0,10.607,5.8
7/25/19,4:09:21 PM,0,10.604,5.8
7/25/19,4:39:21 PM,0,10.604,5.8
7/25/19,5:09:21 PM,0,10.617,5.8
7/25/19,5:39:21 PM,0,10.613,5.8
7/25/19,6:09:21 PM,0,10.611,5.8
7/25/19,6:39:21 PM,0,10.61,5.8
7/25/19,7:09:21 PM,0,10.61,5.8
7/25/19,7:39:21 PM,0,10.613,5.8
7/25/19,8:09:21 PM,0,10.616,5.8
7/25/19,8:39:21 PM,0,10.616,5.8
7/25/19,9:09:21 PM,0,10.619,5.8
7/25/19,9:39:21 PM,0,10.62,5.8
7/25/19,10:09:21 PM,0,10.617,5.8
7/25/19,10:39:21 PM,0,10.62,5.8
7/25/19,11:09:21 PM,0,10.622,5.8
7/25/19,11:39:21 PM,0,10.619,5.8
7/26/19,12:09:21 AM,0,10.619,5.8
7/26/19,12:39:21 AM,0,10.622,5.8
7/26/19,1:09:21 AM,0,10.62,5.8
7/26/19,1:39:21 AM,0,10.619,5.8
7/26/19,2:09:21 AM,0,10.616,5.8
7/26/19,2:39:21 AM,0,10.613,5.8
7/26/19,3:09:21 AM,0,10.611,5.8
7/26/19,3:39:21 AM,0,10.613,5.8
7/26/19,4:09:21 AM,0,10.611,5.8
7/26/19,4:39:21 AM,0,10.611,5.8
7/26/19,5:09:21 AM,0,10.608,5.8
7/26/19,5:39:21 AM,0,10.608,5.8
7/26/19,6:09:21 AM,0,10.608,5.8
7/26/19,6:39:21 AM,0,10.611,5.8
7/26/19,7:09:21 AM,0,10.611,5.8
7/26/19,7:39:21 AM,0,10.611,5.8
7/26/19,8:09:21 AM,0,10.613,5.8
7/26/19,8:39:21 AM,0,10.611,5.8
7/26/19,9:09:21 AM,0,10.61,5.8
7/26/19,9:39:21 AM,0,10.608,5.9
7/26/19,10:09:21 AM,0,10.607,5.9
7/26/19,10:39:21 AM,0,10.604,5.9
7/26/19,11:09:21 AM,0,10.599,5.9
7/26/19,11:39:21 AM,0,10.598,5.9
7/26/19,12:09:21 PM,0,10.598,5.9
7/26/19,12:39:21 PM,0,10.595,5.9
7/26/19,1:09:21 PM,0,10.592,5.9
7/26/19,1:39:21 PM,0,10.587,5.9
7/26/19,2:09:21 PM,0,10.583,5.9
7/26/19,2:39:21 PM,0,10.578,5.9
7/26/19,3:09:21 PM,0,10.571,5.9
7/26/19,3:39:21 PM,0,10.568,5.9
7/26/19,4:09:21 PM,0,10.566,5.9
7/26/19,4:39:21 PM,0,10.563,5.9
7/26/19,5:09:21 PM,0,10.562,5.9
7/26/19,5:39:21 PM,0,10.566,5.9
7/26/19,6:09:21 PM,0,10.568,5.9
7/26/19,6:39:21 PM,0,10.571,5.9
7/26/19,7:09:21 PM,0,10.574,5.9
7/26/19,7:39:21 PM,0,10.577,5.9
7/26/19,8:09:21 PM,0,10.58,5.9
7/26/19,8:39:21 PM,0,10.58,5.9
7/26/19,9:09:21 PM,0,10.583,5.9
7/26/19,9:39:21 PM,0,10.587,5.9
7/26/19,10:09:21 PM,0,10.593,5.9
7/26/19,10:39:21 PM,0,10.596,5.9
7/26/19,11:09:21 PM,0,10.598,5.9
7/26/19,11:39:21 PM,0,10.601,5.9
7/27/19,12:09:21 AM,0,10.602,5.9
7/27/19,12:39:21 AM,0,10.604,5.9
7/27/19,1:09:21 AM,0,10.604,5.9
7/27/19,1:39:21 AM,0,10.604,5.9
7/27/19,2:09:21 AM,0,10.604,5.9
7/27/19,2:39:21 AM,0,10.604,5.9
7/27/19,3:09:21 AM,0,10.605,6
7/27/19,3:39:21 AM,0,10.607,6
7/27/19,4:09:21 AM,0,10.608,6
7/27/19,4:39:21 AM,0,10.61,6
7/27/19,5:09:21 AM,0,10.611,6
7/27/19,5:39:21 AM,0,10.614,6
7/27/19,6:09:21 AM,0,10.616,6
7/27/19,6:39:21 AM,0,10.617,6
7/27/19,7:09:21 AM,0,10.619,6
7/27/19,7:39:21 AM,0,10.62,6
7/27/19,8:09:21 AM,0,10.62,6
7/27/19,8:39:21 AM,0,10.623,6
7/27/19,9:09:21 AM,0,10.625,6
7/27/19,9:39:21 AM,0,10.625,6
7/27/19,10:09:21 AM,0,10.625,6
7/27/19,10:39:21 AM,0,10.625,6
7/27/19,11:09:21 AM,0,10.626,6
7/27/19,11:39:21 AM,0,10.625,6
7/27/19,12:09:21 PM,0,10.623,6
7/27/19,12:39:21 PM,0,10.623,6
7/27/19,1:09:21 PM,0,10.622,6
7/27/19,1:39:21 PM,0,10.62,6
7/27/19,2:09:21 PM,0,10.62,6
7/27/19,2:39:21 PM,0,10.62,6
7/27/19,3:09:21 PM,0,10.619,6
7/27/19,3:39:21 PM,0,10.619,6
7/27/19,4:09:21 PM,0,10.617,6
7/27/19,4:39:21 PM,0,10.617,6
7/27/19,5:09:21 PM,0,10.617,6.1
7/27/19,5:39:21 PM,0,10.616,6.1
7/27/19,6:09:21 PM,0,10.617,6.1
7/27/19,6:39:21 PM,0,10.616,6.1
7/27/19,7:09:21 PM,0,10.616,6.1
7/27/19,7:39:21 PM,0,10.616,6.1
7/27/19,8:09:21 PM,0,10.616,6.1
7/27/19,8:39:21 PM,0,10.614,6.1
7/27/19,9:09:21 PM,0,10.617,6.1
7/27/19,9:39:21 PM,0,10.62,6.1
7/27/19,10:09:21 PM,0,10.622,6.1
7/27/19,10:39:21 PM,0,10.623,6.1
7/27/19,11:09:21 PM,0,10.623,6.1
7/27/19,11:39:21 PM,0,10.623,6.1
7/28/19,12:09:21 AM,0,10.623,6.1
7/28/19,12:39:21 AM,0,10.622,6.1
7/28/19,1:09:21 AM,0,10.62,6.1
7/28/19,1:39:21 AM,0,10.619,6.1
7/28/19,2:09:21 AM,0,10.617,6.1
7/28/19,2:39:21 AM,0,10.614,6.1
7/28/19,3:09:21 AM,0,10.614,6.1
7/28/19,3:39:21 AM,0,10.614,6.1
7/28/19,4:09:21 AM,0,10.613,6.1
7/28/19,4:39:21 AM,0,10.611,6.1
7/28/19,5:09:21 AM,0,10.608,6.1
7/28/19,5:39:21 AM,0,10.61,6.1
7/28/19,6:09:21 AM,0,10.611,6.1
7/28/19,6:39:21 AM,0,10.613,6.1
7/28/19,7:09:21 AM,0,10.611,6.1
7/28/19,7:39:21 AM,0,10.608,6.1
7/28/19,8:09:21 AM,0,10.607,6.1
7/28/19,8:39:21 AM,0,10.607,6.1
7/28/19,9:09:21 AM,0,10.607,6.1
7/28/19,9:39:21 AM,0,10.605,6.1
7/28/19,10:09:21 AM,0,10.601,6.1
7/28/19,10:39:21 AM,0,10.598,6.1
7/28/19,11:09:21 AM,0,10.595,6.1
7/28/19,11:39:21 AM,0,10.595,6.1
7/28/19,12:09:21 PM,0,10.593,6.1
7/28/19,12:39:21 PM,0,10.593,6.1
7/28/19,1:09:21 PM,0,10.593,6.2
7/28/19,1:39:21 PM,0,10.59,6.2
7/28/19,2:09:21 PM,0,10.589,6.2
7/28/19,2:39:21 PM,0,10.586,6.2
7/28/19,3:09:21 PM,0,10.58,6.2
7/28/19,3:39:21 PM,0,10.58,6.2
7/28/19,4:09:21 PM,0,10.571,6.2
7/28/19,4:39:21 PM,0,10.568,6.2
7/28/19,5:09:21 PM,0,10.568,6.2
7/28/19,5:39:21 PM,0,10.568,6.2
7/28/19,6:09:21 PM,0,10.569,6.2
7/28/19,6:39:21 PM,0,10.565,6.2
7/28/19,7:09:21 PM,0,10.563,6.2
7/28/19,7:39:21 PM,0,10.563,6.2
7/28/19,8:09:21 PM,0,10.559,6.2
7/28/19,8:39:21 PM,0,10.548,6.2
7/28/19,9:09:21 PM,0,10.547,6.2
7/28/19,9:39:21 PM,0,10.55,6.2
7/28/19,10:09:21 PM,0,10.55,6.2
7/28/19,10:39:21 PM,0,10.553,6.2
7/28/19,11:09:21 PM,0,10.55,6.2
7/28/19,11:39:21 PM,0,10.55,6.2
7/29/19,12:09:21 AM,0,10.548,6.2
7/29/19,12:39:21 AM,0,10.547,6.2
7/29/19,1:09:21 AM,0,10.544,6.2
7/29/19,1:39:21 AM,0,10.542,6.2
7/29/19,2:09:21 AM,0,10.542,6.2
7/29/19,2:39:21 AM,0,10.542,6.2
7/29/19,3:09:21 AM,0,10.542,6.2
7/29/19,3:39:21 AM,0,10.539,6.2
7/29/19,4:09:21 AM,0,10.541,6.2
7/29/19,4:39:21 AM,0,10.542,6.2
7/29/19,5:09:21 AM,0,10.544,6.2
7/29/19,5:39:21 AM,0,10.547,6.2
7/29/19,6:09:21 AM,0,10.55,6.2
7/29/19,6:39:21 AM,0,10.554,6.2
7/29/19,7:09:21 AM,0,10.557,6.2
7/29/19,7:39:21 AM,0,10.562,6.2
7/29/19,8:09:21 AM,0,10.565,6.2
7/29/19,8:39:21 AM,0,10.569,6.3
7/29/19,9:09:21 AM,0,10.572,6.3
7/29/19,9:39:21 AM,0,10.575,6.3
7/29/19,10:09:21 AM,0,10.577,6.3
7/29/19,10:39:21 AM,0,10.578,6.3
7/29/19,11:09:21 AM,0,10.583,6.3
7/29/19,11:39:21 AM,0,10.584,6.3
7/29/19,12:09:21 PM,0,10.589,6.3
7/29/19,12:39:21 PM,0,10.592,6.3
7/29/19,1:09:21 PM,0,10.592,6.3
7/29/19,1:39:21 PM,0,10.593,6.3
7/29/19,2:09:21 PM,0,10.595,6.3
7/29/19,2:39:21 PM,0,10.595,6.3
7/29/19,3:09:21 PM,0,10.598,6.3
7/29/19,3:39:21 PM,0,10.598,6.3
7/29/19,4:09:21 PM,0,10.599,6.3
7/29/19,4:39:21 PM,0,10.604,6.3
7/29/19,5:09:21 PM,0,10.604,6.3
7/29/19,5:39:21 PM,0,10.605,6.3
7/29/19,6:09:21 PM,0,10.607,6.3
7/29/19,6:39:21 PM,0,10.61,6.3
7/29/19,7:09:21 PM,0,10.611,6.3
7/29/19,7:39:21 PM,0,10.613,6.3
7/29/19,8:09:21 PM,0,10.614,6.3
7/29/19,8:39:21 PM,0,10.617,6.3
7/29/19,9:09:21 PM,0,10.622,6.3
7/29/19,9:39:21 PM,0,10.628,6.3
7/29/19,10:09:21 PM,0,10.632,6.3
7/29/19,10:39:21 PM,0,10.632,6.3
7/29/19,11:09:21 PM,0,10.632,6.3
7/29/19,11:39:21 PM,0,10.634,6.3
7/30/19,12:09:21 AM,0,10.637,6.3
7/30/19,12:39:21 AM,0,10.638,6.3
7/30/19,1:09:21 AM,0,10.64,6.3
7/30/19,1:39:21 AM,0,10.644,6.3
7/30/19,2:09:21 AM,0,10.644,6.3
7/30/19,2:39:21 AM,0,10.644,6.3
7/30/19,3:09:21 AM,0,10.644,6.3
7/30/19,3:39:21 AM,0,10.649,6.4
7/30/19,4:09:21 AM,0,10.65,6.4
7/30/19,4:39:21 AM,0,10.652,6.4
7/30/19,5:09:21 AM,0,10.655,6.4
7/30/19,5:39:21 AM,0,10.658,6.4
7/30/19,6:09:21 AM,0,10.659,6.4
7/30/19,6:39:21 AM,0,10.662,6.4
7/30/19,7:09:21 AM,0,10.664,6.4
7/30/19,7:39:21 AM,0,10.665,6.4
7/30/19,8:09:21 AM,0,10.668,6.4
7/30/19,8:39:21 AM,0,10.668,6.4
7/30/19,9:09:21 AM,0,10.668,6.4
7/30/19,9:39:21 AM,0,10.668,6.4
7/30/19,10:09:21 AM,0,10.667,6.4
7/30/19,10:39:21 AM,0,10.664,6.4
7/30/19,11:09:21 AM,0,10.665,6.4
7/30/19,11:39:21 AM,0,10.662,6.4
7/30/19,12:09:21 PM,0,10.661,6.4
7/30/19,12:39:21 PM,0,10.659,6.4
7/30/19,1:09:21 PM,0,10.656,6.4
7/30/19,1:39:21 PM,0,10.656,6.4
7/30/19,2:09:21 PM,0,10.653,6.4
7/30/19,2:39:21 PM,0,10.65,6.4
7/30/19,3:09:21 PM,0,10.647,6.4
7/30/19,3:39:21 PM,0,10.646,6.4
7/30/19,4:09:21 PM,0,10.644,6.4
7/30/19,4:39:21 PM,0,10.643,6.4
7/30/19,5:09:21 PM,0,10.643,6.5
7/30/19,5:39:21 PM,0,10.641,6.5
7/30/19,6:09:21 PM,0,10.641,6.5
7/30/19,6:39:21 PM,0,10.641,6.4
7/30/19,7:09:21 PM,0,10.641,6.4
7/30/19,7:39:21 PM,0,10.643,6.5
7/30/19,8:09:21 PM,0,10.644,6.5
7/30/19,8:39:21 PM,0,10.646,6.5
7/30/19,9:09:21 PM,0,10.647,6.5
7/30/19,9:39:21 PM,0,10.649,6.5
7/30/19,10:09:21 PM,0,10.65,6.5
7/30/19,10:39:21 PM,0,10.652,6.5
7/30/19,11:09:21 PM,0,10.653,6.5
7/30/19,11:39:21 PM,0,10.653,6.5
7/31/19,12:09:21 AM,0,10.655,6.5
7/31/19,12:39:21 AM,0,10.655,6.5
7/31/19,1:09:21 AM,0,10.658,6.5
7/31/19,1:39:21 AM,0,10.659,6.5
7/31/19,2:09:21 AM,0,10.656,6.5
7/31/19,2:39:21 AM,0,10.659,6.5
7/31/19,3:09:21 AM,0,10.658,6.5
7/31/19,3:39:21 AM,0,10.659,6.5
7/31/19,4:09:21 AM,0,10.659,6.5
7/31/19,4:39:21 AM,0,10.661,6.5
7/31/19,5:09:21 AM,0,10.662,6.5
7/31/19,5:39:21 AM,0,10.664,6.5
7/31/19,6:09:21 AM,0,10.664,6.5
7/31/19,6:39:21 AM,0,10.665,6.5
7/31/19,7:09:21 AM,0,10.667,6.5
7/31/19,7:39:21 AM,0,10.668,6.5
7/31/19,8:09:21 AM,0,10.668,6.5
7/31/19,8:39:21 AM,0,10.67,6.5
7/31/19,9:09:21 AM,0,10.67,6.5
7/31/19,9:39:21 AM,0,10.667,6.5
7/31/19,10:09:21 AM,0,10.665,6.5
7/31/19,10:39:21 AM,0,10.665,6.5
7/31/19,11:09:21 AM,0,10.664,6.5
7/31/19,11:39:21 AM,0,10.659,6.5
7/31/19,12:09:21 PM,0,10.656,6.5
7/31/19,12:39:21 PM,0,10.656,6.5
7/31/19,1:09:21 PM,0,10.655,6.6
7/31/19,1:39:21 PM,0,10.65,6.6
7/31/19,2:09:21 PM,0,10.647,6.6
7/31/19,2:39:21 PM,0,10.644,6.6
7/31/19,3:09:21 PM,0,10.644,6.6
7/31/19,3:39:21 PM,0,10.643,6.6
7/31/19,4:09:21 PM,0,10.644,6.6
7/31/19,4:39:21 PM,0,10.641,6.6
7/31/19,5:09:21 PM,0,10.641,6.6
7/31/19,5:39:21 PM,0,10.641,6.6
7/31/19,6:09:21 PM,0,10.64,6.6
7/31/19,6:39:21 PM,0,10.638,6.6
7/31/19,7:09:21 PM,0,10.635,6.6
7/31/19,7:39:21 PM,0,10.634,6.6
7/31/19,8:09:21 PM,0,10.632,6.6
7/31/19,8:39:21 PM,0,10.632,6.6
7/31/19,9:09:21 PM,0,10.631,6.6
7/31/19,9:39:21 PM,0,10.637,6.6
7/31/19,10:09:21 PM,0,10.64,6.6
7/31/19,10:39:21 PM,0,10.64,6.6
7/31/19,11:09:21 PM,0,10.64,6.6
7/31/19,11:39:21 PM,0,10.64,6.6
8/1/19,12:09:21 AM,0,10.64,6.6
8/1/19,12:39:21 AM,0,10.638,6.6
8/1/19,1:09:21 AM,0,10.641,6.6
8/1/19,1:39:21 AM,0,10.641,6.6
8/1/19,2:09:21 AM,0,10.641,6.6
8/1/19,2:39:21 AM,0,10.641,6.6
8/1/19,3:09:21 AM,0,10.64,6.6
8/1/19,3:39:21 AM,0,10.64,6.6
8/1/19,4:09:21 AM,0,10.638,6.6
8/1/19,4:39:21 AM,0,10.637,6.6
8/1/19,5:09:21 AM,0,10.637,6.6
8/1/19,5:39:21 AM,0,10.64,6.6
8/1/19,6:09:21 AM,0,10.64,6.6
8/1/19,6:39:21 AM,0,10.643,6.6
8/1/19,7:09:21 AM,0,10.644,6.6
8/1/19,7:39:21 AM,0,10.644,6.6
8/1/19,8:09:21 AM,0,10.646,6.6
8/1/19,8:39:21 AM,0,10.647,6.6
8/1/19,9:09:21 AM,0,10.649,6.6
8/1/19,9:39:21 AM,0,10.649,6.7
8/1/19,10:09:21 AM,0,10.647,6.7
8/1/19,10:39:21 AM,0,10.646,6.7
8/1/19,11:09:21 AM,0,10.644,6.7
8/1/19,11:39:21 AM,0,10.641,6.7
8/1/19,12:09:21 PM,0,10.64,6.7
8/1/19,12:39:21 PM,0,10.635,6.7
8/1/19,1:09:21 PM,0,10.634,6.7
8/1/19,1:39:21 PM,0,10.632,6.7
8/1/19,2:09:21 PM,0,10.628,6.7
8/1/19,2:39:21 PM,0,10.628,6.7
8/1/19,3:09:21 PM,0,10.626,6.7
8/1/19,3:39:21 PM,0,10.623,6.7
8/1/19,4:09:21 PM,0,10.622,6.7
8/1/19,4:39:21 PM,0,10.622,6.7
8/1/19,5:09:21 PM,0,10.623,6.7
8/1/19,5:39:21 PM,0,10.62,6.7
8/1/19,6:09:21 PM,0,10.617,6.7
8/1/19,6:39:21 PM,0,10.614,6.7
8/1/19,7:09:21 PM,0,10.613,6.7
8/1/19,7:39:21 PM,0,10.611,6.7
8/1/19,8:09:21 PM,0,10.613,6.7
8/1/19,8:39:21 PM,0,10.616,6.7
8/1/19,9:09:21 PM,0,10.619,6.7
8/1/19,9:39:21 PM,0,10.619,6.7
8/1/19,10:09:21 PM,0,10.62,6.7
8/1/19,10:39:21 PM,0,10.62,6.7
8/1/19,11:09:21 PM,0,10.619,6.7
8/1/19,11:39:21 PM,0,10.62,6.7
8/2/19,12:09:21 AM,0,10.622,6.7
8/2/19,12:39:21 AM,0,10.622,6.7
8/2/19,1:09:21 AM,0,10.622,6.7
8/2/19,1:39:21 AM,0,10.622,6.7
8/2/19,2:09:21 AM,0,10.623,6.7
8/2/19,2:39:21 AM,0,10.625,6.7
8/2/19,3:09:21 AM,0,10.623,6.7
8/2/19,3:39:21 AM,0,10.623,6.7
8/2/19,4:09:21 AM,0,10.622,6.7
8/2/19,4:39:21 AM,0,10.62,6.7
8/2/19,5:09:21 AM,0,10.619,6.7
8/2/19,5:39:21 AM,0,10.62,6.7
8/2/19,6:09:21 AM,0,10.62,6.7
8/2/19,6:39:21 AM,0,10.622,6.7
8/2/19,7:09:21 AM,0,10.626,6.8
8/2/19,7:39:21 AM,0,10.626,6.8
8/2/19,8:09:21 AM,0,10.628,6.8
8/2/19,8:39:21 AM,0,10.629,6.8
8/2/19,9:09:21 AM,0,10.628,6.8
8/2/19,9:39:21 AM,0,10.629,6.8
8/2/19,10:09:21 AM,0,10.628,6.8
8/2/19,10:39:21 AM,0,10.629,6.8
8/2/19,11:09:21 AM,0,10.628,6.8
8/2/19,11:39:21 AM,0,10.626,6.8
8/2/19,12:09:21 PM,0,10.625,6.8
8/2/19,12:39:21 PM,0,10.62,6.8
8/2/19,1:09:21 PM,0,10.62,6.8
8/2/19,1:39:21 PM,0,10.622,6.8
8/2/19,2:09:21 PM,0,10.616,6.8
8/2/19,2:39:21 PM,0,10.614,6.8
8/2/19,3:09:21 PM,0,10.616,6.8
8/2/19,3:39:21 PM,0,10.61,6.8
8/2/19,4:09:21 PM,0,10.607,6.8
8/2/19,4:39:21 PM,0,10.61,6.8
8/2/19,5:09:21 PM,0,10.608,6.8
8/2/19,5:39:21 PM,0,10.607,6.8
8/2/19,6:09:21 PM,0,10.61,6.8
8/2/19,6:39:21 PM,0,10.604,6.8
8/2/19,7:09:21 PM,0,10.604,6.8
8/2/19,7:39:21 PM,0,10.602,6.8
8/2/19,8:09:21 PM,0,10.605,6.8
8/2/19,8:39:21 PM,0,10.608,6.8
8/2/19,9:09:21 PM,0,10.61,6.8
8/2/19,9:39:21 PM,0,10.611,6.8
8/2/19,10:09:21 PM,0,10.611,6.8
8/2/19,10:39:21 PM,0,10.61,6.8
8/2/19,11:09:21 PM,0,10.61,6.8
8/2/19,11:39:21 PM,0,10.608,6.8
8/3/19,12:09:21 AM,0,10.61,6.8
8/3/19,12:39:21 AM,0,10.613,6.8
8/3/19,1:09:21 AM,0,10.613,6.8
8/3/19,1:39:21 AM,0,10.614,6.8
8/3/19,2:09:21 AM,0,10.613,6.8
8/3/19,2:39:21 AM,0,10.611,6.8
8/3/19,3:09:21 AM,0,10.613,6.8
8/3/19,3:39:21 AM,0,10.616,6.8
8/3/19,4:09:21 AM,0,10.617,6.8
8/3/19,4:39:21 AM,0,10.617,6.8
8/3/19,5:09:21 AM,0,10.619,6.8
8/3/19,5:39:21 AM,0,10.619,6.8
8/3/19,6:09:21 AM,0,10.62,6.8
8/3/19,6:39:21 AM,0,10.622,6.8
8/3/19,7:09:21 AM,0,10.622,6.8
8/3/19,7:39:21 AM,0,10.622,6.8
8/3/19,8:09:21 AM,0,10.62,6.8
8/3/19,8:39:21 AM,0,10.622,6.9
8/3/19,9:09:21 AM,0,10.622,6.9
8/3/19,9:39:21 AM,0,10.62,6.9
8/3/19,10:09:21 AM,0,10.617,6.9
8/3/19,10:39:21 AM,0,10.616,6.9
8/3/19,11:09:21 AM,0,10.614,6.9
8/3/19,11:39:21 AM,0,10.611,6.9
8/3/19,12:09:21 PM,0,10.608,6.9
8/3/19,12:39:21 PM,0,10.605,6.9
8/3/19,1:09:21 PM,0,10.601,6.9
8/3/19,1:39:21 PM,0,10.596,6.9
8/3/19,2:09:21 PM,0,10.592,6.9
8/3/19,2:39:21 PM,0,10.59,6.9
8/3/19,3:09:21 PM,0,10.586,6.9
8/3/19,3:39:21 PM,0,10.583,6.9
8/3/19,4:09:21 PM,0,10.58,6.9
8/3/19,4:39:21 PM,0,10.577,6.9
8/3/19,5:09:21 PM,0,10.59,6.9
8/3/19,5:39:21 PM,0,10.587,6.9
8/3/19,6:09:21 PM,0,10.584,6.9
8/3/19,6:39:21 PM,0,10.578,6.9
8/3/19,7:09:21 PM,0,10.575,6.9
8/3/19,7:39:21 PM,0,10.58,6.9
8/3/19,8:09:21 PM,0,10.58,6.9
8/3/19,8:39:21 PM,0,10.584,6.9
8/3/19,9:09:21 PM,0,10.587,6.9
8/3/19,9:39:21 PM,0,10.59,6.9
8/3/19,10:09:21 PM,0,10.59,6.9
8/3/19,10:39:21 PM,0,10.589,6.9
8/3/19,11:09:21 PM,0,10.59,6.9
8/3/19,11:39:21 PM,0,10.592,6.9
8/4/19,12:09:21 AM,0,10.59,6.9
8/4/19,12:39:21 AM,0,10.589,6.9
8/4/19,1:09:21 AM,0,10.587,6.9
8/4/19,1:39:21 AM,0,10.587,6.9
8/4/19,2:09:21 AM,0,10.589,6.9
8/4/19,2:39:21 AM,0,10.587,6.9
8/4/19,3:09:21 AM,0,10.587,6.9
8/4/19,3:39:21 AM,0,10.589,6.9
8/4/19,4:09:21 AM,0,10.589,6.9
8/4/19,4:39:21 AM,0,10.589,6.9
8/4/19,5:09:21 AM,0,10.587,6.9
8/4/19,5:39:21 AM,0,10.587,6.9
8/4/19,6:09:21 AM,0,10.586,6.9
8/4/19,6:39:21 AM,0,10.586,6.9
8/4/19,7:09:21 AM,0,10.584,6.9
8/4/19,7:39:21 AM,0,10.583,6.9
8/4/19,8:09:21 AM,0,10.584,6.9
8/4/19,8:39:21 AM,0,10.583,6.9
8/4/19,9:09:21 AM,0,10.581,7
8/4/19,9:39:21 AM,0,10.581,7
8/4/19,10:09:21 AM,0,10.577,7
8/4/19,10:39:21 AM,0,10.575,7
8/4/19,11:09:21 AM,0,10.572,7
8/4/19,11:39:21 AM,0,10.566,7
8/4/19,12:09:21 PM,0,10.565,7
8/4/19,12:39:21 PM,0,10.562,7
8/4/19,1:09:21 PM,0,10.559,7
8/4/19,1:39:21 PM,0,10.559,7
8/4/19,2:09:21 PM,0,10.551,7
8/4/19,2:39:21 PM,0,10.55,7
8/4/19,3:09:21 PM,0,10.55,7
8/4/19,3:39:21 PM,0,10.545,7
8/4/19,4:09:21 PM,0,10.539,7
8/4/19,4:39:21 PM,0,10.535,7
8/4/19,5:09:21 PM,0,10.532,7
8/4/19,5:39:21 PM,0,10.529,7
8/4/19,6:09:21 PM,0,10.529,7
8/4/19,6:39:21 PM,0,10.527,7
8/4/19,7:09:21 PM,0,10.524,7
8/4/19,7:39:21 PM,0,10.524,7
8/4/19,8:09:21 PM,0,10.526,7
8/4/19,8:39:21 PM,0,10.526,7
8/4/19,9:09:21 PM,0,10.529,7
8/4/19,9:39:21 PM,0,10.53,7
8/4/19,10:09:21 PM,0,10.53,7
8/4/19,10:39:21 PM,0,10.53,7
8/4/19,11:09:21 PM,0,10.53,7
8/4/19,11:39:21 PM,0,10.529,7
8/5/19,12:09:21 AM,0,10.53,7
8/5/19,12:39:21 AM,0,10.527,7
8/5/19,1:09:21 AM,0,10.527,7
8/5/19,1:39:21 AM,0,10.526,7
8/5/19,2:09:21 AM,0,10.524,7
8/5/19,2:39:21 AM,0,10.523,7
8/5/19,3:09:21 AM,0,10.521,7
8/5/19,3:39:21 AM,0,10.518,7
8/5/19,4:09:21 AM,0,10.515,7
8/5/19,4:39:21 AM,0,10.511,7
8/5/19,5:09:21 AM,0,10.511,7
8/5/19,5:39:21 AM,0,10.515,7
8/5/19,6:09:21 AM,0,10.517,7
8/5/19,6:39:21 AM,0,10.515,7
8/5/19,7:09:21 AM,0,10.517,7
8/5/19,7:39:21 AM,0,10.52,7
8/5/19,8:09:21 AM,0,10.52,7
8/5/19,8:39:21 AM,0,10.518,7
8/5/19,9:09:21 AM,0,10.517,7
8/5/19,9:39:21 AM,0,10.511,7
8/5/19,10:09:21 AM,0,10.511,7.1
8/5/19,10:39:21 AM,0,10.514,7.1
8/5/19,11:09:21 AM,0,10.517,7.1
8/5/19,11:39:21 AM,0,10.515,7.1
8/5/19,12:09:21 PM,0,10.511,7.1
8/5/19,12:39:21 PM,0,10.506,7.1
8/5/19,1:09:21 PM,0,10.503,7.1
8/5/19,1:39:21 PM,0,10.502,7.1
8/5/19,2:09:21 PM,0,10.499,7.1
8/5/19,2:39:21 PM,0,10.496,7.1
8/5/19,3:09:21 PM,0,10.494,7.1
8/5/19,3:39:21 PM,0,10.49,7.1
8/5/19,4:09:21 PM,0,10.488,7.1
8/5/19,4:39:21 PM,0,10.485,7.1
8/5/19,5:09:21 PM,0,10.484,7.1
8/5/19,5:39:21 PM,0,10.484,7.1
8/5/19,6:09:21 PM,0,10.482,7.1
8/5/19,6:39:21 PM,0,10.482,7.1
8/5/19,7:09:21 PM,0,10.482,7.1
8/5/19,7:39:21 PM,0,10.481,7.1
8/5/19,8:09:21 PM,0,10.482,7.1
8/5/19,8:39:21 PM,0,10.482,7.1
8/5/19,9:09:21 PM,0,10.482,7.1
8/5/19,9:39:21 PM,0,10.487,7.1
8/5/19,10:09:21 PM,0,10.493,7.1
8/5/19,10:39:21 PM,0,10.496,7.1
8/5/19,11:09:21 PM,0,10.497,7.1
8/5/19,11:39:21 PM,0,10.496,7.1
8/6/19,12:09:21 AM,0,10.497,7.1
8/6/19,12:39:21 AM,0,10.497,7.1
8/6/19,1:09:21 AM,0,10.5,7.1
8/6/19,1:39:21 AM,0,10.499,7.1
8/6/19,2:09:21 AM,0,10.497,7.1
8/6/19,2:39:21 AM,0,10.5,7.1
8/6/19,3:09:21 AM,0,10.499,7.1
8/6/19,3:39:21 AM,0,10.5,7.1
8/6/19,4:09:21 AM,0,10.5,7.1
8/6/19,4:39:21 AM,0,10.5,7.1
8/6/19,5:09:21 AM,0,10.5,7.1
8/6/19,5:39:21 AM,0,10.502,7.1
8/6/19,6:09:21 AM,0,10.503,7.1
8/6/19,6:39:21 AM,0,10.503,7.1
8/6/19,7:09:21 AM,0,10.503,7.1
8/6/19,7:39:21 AM,0,10.503,7.1
8/6/19,8:09:21 AM,0,10.502,7.1
8/6/19,8:39:21 AM,0,10.502,7.1
8/6/19,9:09:21 AM,0,10.5,7.1
8/6/19,9:39:21 AM,0,10.499,7.1
8/6/19,10:09:21 AM,0,10.5,7.2
8/6/19,10:39:21 AM,0,10.497,7.2
8/6/19,11:09:21 AM,0,10.496,7.2
8/6/19,11:39:21 AM,0,10.493,7.2
8/6/19,12:09:21 PM,0,10.491,7.2
8/6/19,12:39:21 PM,0,10.487,7.2
8/6/19,1:09:21 PM,0,10.484,7.2
8/6/19,1:39:21 PM,0,10.481,7.2
8/6/19,2:09:21 PM,0,10.478,7.2
8/6/19,2:39:21 PM,0,10.478,7.2
8/6/19,3:09:21 PM,0,10.473,7.2
8/6/19,3:39:21 PM,0,10.473,7.2
8/6/19,4:09:21 PM,0,10.469,7.2
8/6/19,4:39:21 PM,0,10.463,7.2
8/6/19,5:09:21 PM,0,10.458,7.2
8/6/19,5:39:21 PM,0,10.457,7.2
8/6/19,6:09:21 PM,0,10.452,7.2
8/6/19,6:39:21 PM,0,10.449,7.2
8/6/19,7:09:21 PM,0,10.452,7.2
8/6/19,7:39:21 PM,0,10.454,7.2
8/6/19,8:09:21 PM,0,10.451,7.2
8/6/19,8:39:21 PM,0,10.448,7.2
8/6/19,9:09:21 PM,0,10.454,7.2
8/6/19,9:39:21 PM,0,10.46,7.2
8/6/19,10:09:21 PM,0,10.46,7.2
8/6/19,10:39:21 PM,0,10.451,7.2
8/6/19,11:09:21 PM,0,10.446,7.2
8/6/19,11:39:21 PM,0,10.446,7.2
8/7/19,12:09:21 AM,0,10.446,7.2
8/7/19,12:39:21 AM,0,10.451,7.2
8/7/19,1:09:21 AM,0,10.455,7.2
8/7/19,1:39:21 AM,0,10.458,7.2
8/7/19,2:09:21 AM,0,10.466,7.2
8/7/19,2:39:21 AM,0,10.475,7.2
8/7/19,3:09:21 AM,0,10.473,7.2
8/7/19,3:39:21 AM,0,10.473,7.2
8/7/19,4:09:21 AM,0,10.478,7.2
8/7/19,4:39:21 AM,0,10.484,7.2
8/7/19,5:09:21 AM,0,10.488,7.2
8/7/19,5:39:21 AM,0,10.487,7.2
8/7/19,6:09:21 AM,0,10.485,7.2
8/7/19,6:39:21 AM,0,10.488,7.2
8/7/19,7:09:21 AM,0,10.488,7.2
8/7/19,7:39:21 AM,0,10.491,7.2
8/7/19,8:09:21 AM,0,10.49,7.2
8/7/19,8:39:21 AM,0,10.491,7.2
8/7/19,9:09:21 AM,0,10.493,7.2
8/7/19,9:39:21 AM,0,10.494,7.3
8/7/19,10:09:21 AM,0,10.494,7.3
8/7/19,10:39:21 AM,0,10.496,7.3
8/7/19,11:09:21 AM,0,10.496,7.3
8/7/19,11:39:21 AM,0,10.496,7.3
8/7/19,12:09:21 PM,0,10.494,7.3
8/7/19,12:39:21 PM,0,10.496,7.3
8/7/19,1:09:21 PM,0,10.496,7.3
8/7/19,1:39:21 PM,0,10.494,7.3
8/7/19,2:09:21 PM,0,10.493,7.3
8/7/19,2:39:21 PM,0,10.49,7.3
8/7/19,3:09:21 PM,0,10.485,7.3
8/7/19,3:39:21 PM,0,10.482,7.3
8/7/19,4:09:21 PM,0,10.485,7.3
8/7/19,4:39:21 PM,0,10.485,7.3
8/7/19,5:09:21 PM,0,10.482,7.3
8/7/19,5:39:21 PM,0,10.482,7.3
8/7/19,6:09:21 PM,0,10.482,7.3
8/7/19,6:39:21 PM,0,10.484,7.3
8/7/19,7:09:21 PM,0,10.484,7.3
8/7/19,7:39:21 PM,0,10.484,7.3
8/7/19,8:09:21 PM,0,10.485,7.3
8/7/19,8:39:21 PM,0,10.485,7.3
8/7/19,9:09:21 PM,0,10.488,7.3
8/7/19,9:39:21 PM,0,10.491,7.3
8/7/19,10:09:21 PM,0,10.494,7.3
8/7/19,10:39:21 PM,0,10.497,7.3
8/7/19,11:09:21 PM,0,10.499,7.3
8/7/19,11:39:21 PM,0,10.499,7.3
8/8/19,12:09:21 AM,0,10.5,7.3
8/8/19,12:39:21 AM,0,10.503,7.3
8/8/19,1:09:21 AM,0,10.502,7.3
8/8/19,1:39:21 AM,0,10.502,7.3
8/8/19,2:09:21 AM,0,10.5,7.3
8/8/19,2:39:21 AM,0,10.5,7.3
8/8/19,3:09:21 AM,0,10.5,7.3
8/8/19,3:39:21 AM,0,10.5,7.3
8/8/19,4:09:21 AM,0,10.499,7.3
8/8/19,4:39:21 AM,0,10.499,7.3
8/8/19,5:09:21 AM,0,10.499,7.3
8/8/19,5:39:21 AM,0,10.5,7.3
8/8/19,6:09:21 AM,0,10.502,7.3
8/8/19,6:39:21 AM,0,10.502,7.3
8/8/19,7:09:21 AM,0,10.503,7.3
8/8/19,7:39:21 AM,0,10.506,7.3
8/8/19,8:09:21 AM,0,10.506,7.3
8/8/19,8:39:21 AM,0,10.505,7.3
8/8/19,9:09:21 AM,0,10.508,7.4
8/8/19,9:39:21 AM,0,10.506,7.4
8/8/19,10:09:21 AM,0,10.508,7.4
8/8/19,10:39:21 AM,0,10.508,7.4
8/8/19,11:09:21 AM,0,10.508,7.4
8/8/19,11:39:21 AM,0,10.506,7.4
8/8/19,12:09:21 PM,0,10.506,7.4
8/8/19,12:39:21 PM,0,10.505,7.4
8/8/19,1:09:21 PM,0,10.506,7.4
8/8/19,1:39:21 PM,0,10.505,7.4
8/8/19,2:09:21 PM,0,10.502,7.4
8/8/19,2:39:21 PM,0,10.5,7.4
8/8/19,3:09:21 PM,0,10.5,7.4
8/8/19,3:39:21 PM,0,10.499,7.4
8/8/19,4:09:21 PM,0,10.499,7.4
8/8/19,4:39:21 PM,0,10.496,7.4
8/8/19,5:09:21 PM,0,10.496,7.4
8/8/19,5:39:21 PM,0,10.493,7.4
8/8/19,6:09:21 PM,0,10.493,7.4
8/8/19,6:39:21 PM,0,10.493,7.4
8/8/19,7:09:21 PM,0,10.493,7.4
8/8/19,7:39:21 PM,0,10.493,7.4
8/8/19,8:09:21 PM,0,10.493,7.4
8/8/19,8:39:21 PM,0,10.493,7.4
8/8/19,9:09:21 PM,0,10.494,7.4
8/8/19,9:39:21 PM,0,10.497,7.4
8/8/19,10:09:21 PM,0,10.496,7.4
8/8/19,10:39:21 PM,0,10.499,7.4
8/8/19,11:09:21 PM,0,10.502,7.4
8/8/19,11:39:21 PM,0,10.503,7.4
8/9/19,12:09:21 AM,0,10.505,7.4
8/9/19,12:39:21 AM,0,10.506,7.4
8/9/19,1:09:21 AM,0,10.506,7.4
8/9/19,1:39:21 AM,0,10.506,7.4
8/9/19,2:09:21 AM,0,10.506,7.4
8/9/19,2:39:21 AM,0,10.506,7.4
8/9/19,3:09:21 AM,0,10.506,7.4
8/9/19,3:39:21 AM,0,10.508,7.4
8/9/19,4:09:21 AM,0,10.508,7.4
8/9/19,4:39:21 AM,0,10.508,7.4
8/9/19,5:09:21 AM,0,10.511,7.4
8/9/19,5:39:21 AM,0,10.515,7.4
8/9/19,6:09:21 AM,0,10.52,7.4
8/9/19,6:39:21 AM,0,10.523,7.4
8/9/19,7:09:21 AM,0,10.526,7.4
8/9/19,7:39:21 AM,0,10.524,7.4
8/9/19,8:09:21 AM,0,10.527,7.5
8/9/19,8:39:21 AM,0,10.526,7.5
8/9/19,9:09:21 AM,0,10.527,7.5
8/9/19,9:39:21 AM,0,10.529,7.5
8/9/19,10:09:21 AM,0,10.526,7.5
8/9/19,10:39:21 AM,0,10.524,7.5
8/9/19,11:09:21 AM,0,10.521,7.5
8/9/19,11:39:21 AM,0,10.52,7.5
8/9/19,12:09:21 PM,0,10.52,7.5
8/9/19,12:39:21 PM,0,10.515,7.5
8/9/19,1:09:21 PM,0,10.514,7.5
8/9/19,1:39:21 PM,0,10.512,7.5
8/9/19,2:09:21 PM,0,10.508,7.5
8/9/19,2:39:21 PM,0,10.506,7.5
8/9/19,3:09:21 PM,0,10.505,7.5
8/9/19,3:39:21 PM,0,10.503,7.5
8/9/19,4:09:21 PM,0,10.5,7.5
8/9/19,4:39:21 PM,0,10.5,7.5
8/9/19,5:09:21 PM,0,10.497,7.5
8/9/19,5:39:21 PM,0,10.497,7.5
8/9/19,6:09:21 PM,0,10.499,7.5
8/9/19,6:39:21 PM,0,10.499,7.5
8/9/19,7:09:21 PM,0,10.499,7.5
8/9/19,7:39:21 PM,0,10.499,7.5
8/9/19,8:09:21 PM,0,10.499,7.5
8/9/19,8:39:21 PM,0,10.497,7.5
8/9/19,9:09:21 PM,0,10.499,7.5
8/9/19,9:39:21 PM,0,10.502,7.5
8/9/19,10:09:21 PM,0,10.502,7.5
8/9/19,10:39:21 PM,0,10.5,7.5
8/9/19,11:09:21 PM,0,10.503,7.5
8/9/19,11:39:21 PM,0,10.502,7.5
8/10/19,12:09:21 AM,0,10.502,7.5
8/10/19,12:39:21 AM,0,10.503,7.5
8/10/19,1:09:21 AM,0,10.503,7.5
8/10/19,1:39:21 AM,0,10.503,7.5
8/10/19,2:09:21 AM,0,10.503,7.5
8/10/19,2:39:21 AM,0,10.503,7.5
8/10/19,3:09:21 AM,0,10.505,7.5
8/10/19,3:39:21 AM,0,10.505,7.5
8/10/19,4:09:21 AM,0,10.503,7.5
8/10/19,4:39:21 AM,0,10.5,7.5
8/10/19,5:09:21 AM,0,10.502,7.5
8/10/19,5:39:21 AM,0,10.502,7.5
8/10/19,6:09:21 AM,0,10.503,7.5
8/10/19,6:39:21 AM,0,10.505,7.5
8/10/19,7:09:21 AM,0,10.509,7.6
8/10/19,7:39:21 AM,0,10.514,7.6
8/10/19,8:09:21 AM,0,10.515,7.6
8/10/19,8:39:21 AM,0,10.515,7.6
8/10/19,9:09:21 AM,0,10.514,7.6
8/10/19,9:39:21 AM,0,10.514,7.6
8/10/19,10:09:21 AM,0,10.514,7.6
8/10/19,10:39:21 AM,0,10.511,7.6
8/10/19,11:09:21 AM,0,10.508,7.6
8/10/19,11:39:21 AM,0,10.505,7.6
8/10/19,12:09:21 PM,0,10.502,7.6
8/10/19,12:39:21 PM,0,10.499,7.6
8/10/19,1:09:21 PM,0,10.497,7.6
8/10/19,1:39:21 PM,0,10.496,7.6
8/10/19,2:09:21 PM,0,10.494,7.6
8/10/19,2:39:21 PM,0,10.491,7.6
8/10/19,3:09:21 PM,0,10.488,7.6
8/10/19,3:39:21 PM,0,10.485,7.6
8/10/19,4:09:21 PM,0,10.481,7.6
8/10/19,4:39:21 PM,0,10.479,7.6
8/10/19,5:09:21 PM,0,10.475,7.6
8/10/19,5:39:21 PM,0,10.473,7.6
8/10/19,6:09:21 PM,0,10.472,7.6
8/10/19,6:39:21 PM,0,10.473,7.6
8/10/19,7:09:21 PM,0,10.473,7.6
8/10/19,7:39:21 PM,0,10.473,7.6
8/10/19,8:09:21 PM,0,10.473,7.6
8/10/19,8:39:21 PM,0,10.475,7.6
8/10/19,9:09:21 PM,0,10.478,7.6
8/10/19,9:39:21 PM,0,10.482,7.6
8/10/19,10:09:21 PM,0,10.482,7.6
8/10/19,10:39:21 PM,0,10.481,7.6
8/10/19,11:09:21 PM,0,10.484,7.6
8/10/19,11:39:21 PM,0,10.484,7.6
8/11/19,12:09:21 AM,0,10.485,7.6
8/11/19,12:39:21 AM,0,10.485,7.6
8/11/19,1:09:21 AM,0,10.487,7.6
8/11/19,1:39:21 AM,0,10.487,7.6
8/11/19,2:09:21 AM,0,10.488,7.6
8/11/19,2:39:21 AM,0,10.49,7.6
8/11/19,3:09:21 AM,0,10.488,7.6
8/11/19,3:39:21 AM,0,10.493,7.6
8/11/19,4:09:21 AM,0,10.491,7.6
8/11/19,4:39:21 AM,0,10.49,7.6
8/11/19,5:09:21 AM,0,10.49,7.6
8/11/19,5:39:21 AM,0,10.493,7.6
8/11/19,6:09:21 AM,0,10.494,7.6
8/11/19,6:39:21 AM,0,10.497,7.6
8/11/19,7:09:21 AM,0,10.502,7.7
8/11/19,7:39:21 AM,0,10.508,7.7
8/11/19,8:09:21 AM,0,10.511,7.7
8/11/19,8:39:21 AM,0,10.511,7.7
8/11/19,9:09:21 AM,0,10.523,7.7
8/11/19,9:39:21 AM,0,10.55,7.7
8/11/19,10:09:21 AM,0,10.553,7.7
8/11/19,10:39:21 AM,0,10.559,7.7
8/11/19,11:09:21 AM,0,10.559,7.7
8/11/19,11:39:21 AM,0,10.562,7.7
8/11/19,12:09:21 PM,0,10.562,7.7
8/11/19,12:39:21 PM,0,10.56,7.7
8/11/19,1:09:21 PM,0,10.557,7.7
8/11/19,1:39:21 PM,0,10.554,7.7
8/11/19,2:09:21 PM,0,10.553,7.7
8/11/19,2:39:21 PM,0,10.553,7.7
8/11/19,3:09:21 PM,0,10.55,7.7
8/11/19,3:39:21 PM,0,10.547,7.7
8/11/19,4:09:21 PM,0,10.542,7.7
8/11/19,4:39:21 PM,0,10.539,7.7
8/11/19,5:09:21 PM,0,10.536,7.7
8/11/19,5:39:21 PM,0,10.533,7.7
8/11/19,6:09:21 PM,0,10.53,7.7
8/11/19,6:39:21 PM,0,10.526,7.7
8/11/19,7:09:21 PM,0,10.524,7.7
8/11/19,7:39:21 PM,0,10.523,7.7
8/11/19,8:09:21 PM,0,10.524,7.7
8/11/19,8:39:21 PM,0,10.526,7.7
8/11/19,9:09:21 PM,0,10.529,7.7
8/11/19,9:39:21 PM,0,10.529,7.7
8/11/19,10:09:21 PM,0,10.53,7.7
8/11/19,10:39:21 PM,0,10.529,7.7
8/11/19,11:09:21 PM,0,10.527,7.7
8/11/19,11:39:21 PM,0,10.53,7.7
8/12/19,12:09:21 AM,0,10.524,7.7
8/12/19,12:39:21 AM,0,10.526,7.7
8/12/19,1:09:21 AM,0,10.527,7.7
8/12/19,1:39:21 AM,0,10.526,7.7
8/12/19,2:09:21 AM,0,10.529,7.7
8/12/19,2:39:21 AM,0,10.529,7.7
8/12/19,3:09:21 AM,0,10.529,7.7
8/12/19,3:39:21 AM,0,10.526,7.7
8/12/19,4:09:21 AM,0,10.523,7.7
8/12/19,4:39:21 AM,0,10.526,7.7
8/12/19,5:09:21 AM,0,10.521,7.7
8/12/19,5:39:21 AM,0,10.521,7.7
8/12/19,6:09:21 AM,0,10.523,7.7
8/12/19,6:39:21 AM,0,10.517,7.7
8/12/19,7:09:21 AM,0,10.518,7.7
8/12/19,7:39:21 AM,0,10.514,7.7
8/12/19,8:09:21 AM,0,10.515,7.7
8/12/19,8:39:21 AM,0,10.515,7.7
8/12/19,9:09:21 AM,0,10.514,7.7
8/12/19,9:39:21 AM,0,10.514,7.7
8/12/19,10:09:21 AM,0,10.511,7.7
8/12/19,10:39:21 AM,0,10.514,7.7
8/12/19,11:09:21 AM,0,10.517,7.8
8/12/19,11:39:21 AM,0,10.514,7.8
8/12/19,12:09:21 PM,0,10.514,7.8
8/12/19,12:39:21 PM,0,10.512,7.8
8/12/19,1:09:21 PM,0,10.506,7.8
8/12/19,1:39:21 PM,0,10.503,7.8
8/12/19,2:09:21 PM,0,10.5,7.8
8/12/19,2:39:21 PM,0,10.499,7.8
8/12/19,3:09:21 PM,0,10.496,7.8
8/12/19,3:39:21 PM,0,10.496,7.8
8/12/19,4:09:21 PM,0,10.496,7.8
8/12/19,4:39:21 PM,0,10.496,7.8
8/12/19,5:09:21 PM,0,10.5,7.8
8/12/19,5:39:21 PM,0,10.499,7.8
8/12/19,6:09:21 PM,0,10.497,7.8
8/12/19,6:39:21 PM,0,10.503,7.8
8/12/19,7:09:21 PM,0,10.505,7.8
8/12/19,7:39:21 PM,0,10.506,7.8
8/12/19,8:09:21 PM,0,10.512,7.8
8/12/19,8:39:21 PM,0,10.527,7.8
8/12/19,9:09:21 PM,0,10.536,7.8
8/12/19,9:39:21 PM,0,10.538,7.8
8/12/19,10:09:21 PM,0,10.539,7.8
8/12/19,10:39:21 PM,0,10.539,7.8
8/12/19,11:09:21 PM,0,10.542,7.8
8/12/19,11:39:21 PM,0,10.542,7.8
8/13/19,12:09:21 AM,0,10.544,7.8
8/13/19,12:39:21 AM,0,10.542,7.8
8/13/19,1:09:21 AM,0,10.541,7.8
8/13/19,1:39:21 AM,0,10.541,7.8
8/13/19,2:09:21 AM,0,10.539,7.8
8/13/19,2:39:21 AM,0,10.538,7.8
8/13/19,3:09:21 AM,0,10.538,7.8
8/13/19,3:39:21 AM,0,10.536,7.8
8/13/19,4:09:21 AM,0,10.536,7.8
8/13/19,4:39:21 AM,0,10.536,7.8
8/13/19,5:09:21 AM,0,10.535,7.8
8/13/19,5:39:21 AM,0,10.536,7.8
8/13/19,6:09:21 AM,0,10.539,7.8
8/13/19,6:39:21 AM,0,10.544,7.8
8/13/19,7:09:21 AM,0,10.544,7.8
8/13/19,7:39:21 AM,0,10.545,7.8
8/13/19,8:09:21 AM,0,10.55,7.8
8/13/19,8:39:21 AM,0,10.55,7.8
8/13/19,9:09:21 AM,0,10.547,7.8
8/13/19,9:39:21 AM,0,10.548,7.8
8/13/19,10:09:21 AM,0,10.551,7.8
8/13/19,10:39:21 AM,0,10.551,7.8
8/13/19,11:09:21 AM,0,10.553,7.8
8/13/19,11:39:21 AM,0,10.553,7.8
8/13/19,12:09:21 PM,0,10.55,7.8
8/13/19,12:39:21 PM,0,10.551,7.8
8/13/19,1:09:21 PM,0,10.551,7.8
8/13/19,1:39:21 PM,0,10.55,7.8
8/13/19,2:09:21 PM,0,10.55,7.8
8/13/19,2:39:21 PM,0,10.55,7.8
8/13/19,3:09:21 PM,0,10.548,7.8
8/13/19,3:39:21 PM,0,10.544,7.8
8/13/19,4:09:21 PM,0,10.544,7.8
8/13/19,4:39:21 PM,0,10.544,7.8
8/13/19,5:09:21 PM,0,10.545,7.8
8/13/19,5:39:21 PM,0,10.544,7.8
8/13/19,6:09:21 PM,0,10.547,7.9
8/13/19,6:39:21 PM,0,10.548,7.9
8/13/19,7:09:21 PM,0,10.55,7.9
8/13/19,7:39:21 PM,0,10.551,7.9
8/13/19,8:09:21 PM,0,10.554,7.9
8/13/19,8:39:21 PM,0,10.556,7.9
8/13/19,9:09:21 PM,0,10.56,7.9
8/13/19,9:39:21 PM,0,10.562,7.9
8/13/19,10:09:21 PM,0,10.562,7.9
8/13/19,10:39:21 PM,0,10.563,7.9
8/13/19,11:09:21 PM,0,10.566,7.9
8/13/19,11:39:21 PM,0,10.568,7.9
8/14/19,12:09:21 AM,0,10.569,7.9
8/14/19,12:39:21 AM,0,10.571,7.9
8/14/19,1:09:21 AM,0,10.572,7.9
8/14/19,1:39:21 AM,0,10.574,7.9
8/14/19,2:09:21 AM,0,10.574,7.9
8/14/19,2:39:21 AM,0,10.574,7.9
8/14/19,3:09:21 AM,0,10.574,7.9
8/14/19,3:39:21 AM,0,10.574,7.9
8/14/19,4:09:21 AM,0,10.575,7.9
8/14/19,4:39:21 AM,0,10.575,7.9
8/14/19,5:09:21 AM,0,10.577,7.9
8/14/19,5:39:21 AM,0,10.578,7.9
8/14/19,6:09:21 AM,0,10.578,7.9
8/14/19,6:39:21 AM,0,10.581,7.9
8/14/19,7:09:21 AM,0,10.583,7.9
8/14/19,7:39:21 AM,0,10.584,7.9
8/14/19,8:09:21 AM,0,10.584,7.9
8/14/19,8:39:21 AM,0,10.586,7.9
8/14/19,9:09:21 AM,0,10.586,7.9
8/14/19,9:39:21 AM,0,10.586,7.9
8/14/19,10:09:21 AM,0,10.587,7.9
8/14/19,10:39:21 AM,0,10.586,7.9
8/14/19,11:09:21 AM,0,10.586,7.9
8/14/19,11:39:21 AM,0,10.584,7.9
8/14/19,12:09:21 PM,0,10.584,7.9
8/14/19,12:39:21 PM,0,10.581,7.9
8/14/19,1:09:21 PM,0,10.577,7.9
8/14/19,1:39:21 PM,0,10.574,7.9
8/14/19,2:09:21 PM,0,10.571,7.9
8/14/19,2:39:21 PM,0,10.569,7.9
8/14/19,3:09:21 PM,0,10.565,7.9
8/14/19,3:39:21 PM,0,10.562,7.9
8/14/19,4:09:21 PM,0,10.559,7.9
8/14/19,4:39:21 PM,0,10.554,7.9
8/14/19,5:09:21 PM,0,10.55,7.9
8/14/19,5:39:21 PM,0,10.548,7.9
8/14/19,6:09:21 PM,0,10.545,7.9
8/14/19,6:39:21 PM,0,10.542,7.9
8/14/19,7:09:21 PM,0,10.542,7.9
8/14/19,7:39:21 PM,0,10.542,7.9
8/14/19,8:09:21 PM,0,10.541,7.9
8/14/19,8:39:21 PM,0,10.541,7.9
8/14/19,9:09:21 PM,0,10.542,7.9
8/14/19,9:39:21 PM,0,10.544,7.9
8/14/19,10:09:21 PM,0,10.544,7.9
8/14/19,10:39:21 PM,0,10.547,7.9
8/14/19,11:09:21 PM,0,10.545,7.9
8/14/19,11:39:21 PM,0,10.545,7.9
8/15/19,12:09:21 AM,0,10.544,7.9
8/15/19,12:39:21 AM,0,10.544,7.9
8/15/19,1:09:21 AM,0,10.542,7.9
8/15/19,1:39:21 AM,0,10.542,7.9
8/15/19,2:09:21 AM,0,10.539,7.9
8/15/19,2:39:21 AM,0,10.538,7.9
8/15/19,3:09:21 AM,0,10.535,7.9
8/15/19,3:39:21 AM,0,10.533,7.9
8/15/19,4:09:21 AM,0,10.533,7.9
8/15/19,4:39:21 AM,0,10.532,7.9
8/15/19,5:09:21 AM,0,10.532,7.9
8/15/19,5:39:21 AM,0,10.53,7.9
8/15/19,6:09:21 AM,0,10.532,7.9
8/15/19,6:39:21 AM,0,10.532,7.9
8/15/19,7:09:21 AM,0,10.532,7.9
8/15/19,7:39:21 AM,0,10.53,7.9
8/15/19,8:09:21 AM,0,10.529,7.9
8/15/19,8:39:21 AM,0,10.53,8
8/15/19,9:09:21 AM,0,10.529,8
8/15/19,9:39:21 AM,0,10.526,8
8/15/19,10:09:21 AM,0,10.523,8
8/15/19,10:39:21 AM,0,10.52,8
8/15/19,11:09:21 AM,0,10.517,8
8/15/19,11:39:21 AM,0,10.514,8
8/15/19,12:09:21 PM,0,10.509,8
8/15/19,12:39:21 PM,0,10.503,8
8/15/19,1:09:21 PM,0,10.499,8
8/15/19,1:39:21 PM,0,10.496,8
8/15/19,2:09:21 PM,0,10.491,8
8/15/19,2:39:21 PM,0,10.488,8
8/15/19,3:09:21 PM,0,10.484,8
8/15/19,3:39:21 PM,0,10.481,8
8/15/19,4:09:21 PM,0,10.478,8
8/15/19,4:39:21 PM,0,10.475,8
8/15/19,5:09:21 PM,0,10.47,8
8/15/19,5:39:21 PM,0,10.466,8
8/15/19,6:09:21 PM,0,10.466,8
8/15/19,6:39:21 PM,0,10.461,8
8/15/19,7:09:21 PM,0,10.461,8
8/15/19,7:39:21 PM,0,10.458,8
8/15/19,8:09:21 PM,0,10.457,8
8/15/19,8:39:21 PM,0,10.454,8
8/15/19,9:09:21 PM,0,10.454,8
8/15/19,9:39:21 PM,0,10.452,8
8/15/19,10:09:21 PM,0,10.454,8
8/15/19,10:39:21 PM,0,10.454,8
8/15/19,11:09:21 PM,0,10.452,8
8/15/19,11:39:21 PM,0,10.451,8
8/16/19,12:09:21 AM,0,10.451,8
8/16/19,12:39:21 AM,0,10.449,8
8/16/19,1:09:21 AM,0,10.446,8
8/16/19,1:39:21 AM,0,10.443,8
8/16/19,2:09:21 AM,0,10.443,8
8/16/19,2:39:21 AM,0,10.445,8
8/16/19,3:09:21 AM,0,10.442,8
8/16/19,3:39:21 AM,0,10.44,8
8/16/19,4:09:21 AM,0,10.437,8
8/16/19,4:39:21 AM,0,10.436,8
8/16/19,5:09:21 AM,0,10.436,8
8/16/19,5:39:21 AM,0,10.436,8
8/16/19,6:09:21 AM,0,10.439,8
8/16/19,6:39:21 AM,0,10.44,8
8/16/19,7:09:21 AM,0,10.442,8
8/16/19,7:39:21 AM,0,10.442,8
8/16/19,8:09:21 AM,0,10.443,8
8/16/19,8:39:21 AM,0,10.443,8
8/16/19,9:09:21 AM,0,10.445,8
8/16/19,9:39:21 AM,0,10.445,8
8/16/19,10:09:21 AM,0,10.446,8
8/16/19,10:39:21 AM,0,10.443,8
8/16/19,11:09:21 AM,0,10.44,8
8/16/19,11:39:21 AM,0,10.439,8
8/16/19,12:09:21 PM,0,10.436,8
8/16/19,12:39:21 PM,0,10.434,8
8/16/19,1:09:21 PM,0,10.431,8
8/16/19,1:39:21 PM,0,10.43,8
8/16/19,2:09:21 PM,0,10.427,8
8/16/19,2:39:21 PM,0,10.425,8
8/16/19,3:09:21 PM,0,10.424,8
8/16/19,3:39:21 PM,0,10.422,8
8/16/19,4:09:21 PM,0,10.421,8
8/16/19,4:39:21 PM,0,10.418,8
8/16/19,5:09:21 PM,0,10.416,8
8/16/19,5:39:21 PM,0,10.416,8.1
8/16/19,6:09:21 PM,0,10.413,8
8/16/19,6:39:21 PM,0,10.415,8
8/16/19,7:09:21 PM,0,10.413,8
8/16/19,7:39:21 PM,0,10.415,8
8/16/19,8:09:21 PM,0,10.415,8
8/16/19,8:39:21 PM,0,10.418,8
8/16/19,9:09:21 PM,0,10.421,8
8/16/19,9:39:21 PM,0,10.422,8
8/16/19,10:09:21 PM,0,10.424,8
8/16/19,10:39:21 PM,0,10.424,8
8/16/19,11:09:21 PM,0,10.424,8
8/16/19,11:39:21 PM,0,10.425,8
8/17/19,12:09:21 AM,0,10.428,8.1
8/17/19,12:39:21 AM,0,10.428,8.1
8/17/19,1:09:21 AM,0,10.428,8.1
8/17/19,1:39:21 AM,0,10.43,8.1
8/17/19,2:09:21 AM,0,10.425,8.1
8/17/19,2:39:21 AM,0,10.425,8.1
8/17/19,3:09:21 AM,0,10.425,8.1
8/17/19,3:39:21 AM,0,10.422,8.1
8/17/19,4:09:21 AM,0,10.421,8.1
8/17/19,4:39:21 AM,0,10.418,8.1
8/17/19,5:09:21 AM,0,10.418,8.1
8/17/19,5:39:21 AM,0,10.413,8.1
8/17/19,6:09:21 AM,0,10.41,8.1
8/17/19,6:39:21 AM,0,10.409,8.1
8/17/19,7:09:21 AM,0,10.422,8.1
8/17/19,7:39:21 AM,0,10.427,8.1
8/17/19,8:09:21 AM,0,10.428,8.1
8/17/19,8:39:21 AM,0,10.428,8.1
8/17/19,9:09:21 AM,0,10.427,8.1
8/17/19,9:39:21 AM,0,10.427,8.1
8/17/19,10:09:21 AM,0,10.424,8.1
8/17/19,10:39:21 AM,0,10.419,8.1
8/17/19,11:09:21 AM,0,10.416,8.1
8/17/19,11:39:21 AM,0,10.413,8.1
8/17/19,12:09:21 PM,0,10.412,8.1
8/17/19,12:39:21 PM,0,10.41,8.1
8/17/19,1:09:21 PM,0,10.407,8.1
8/17/19,1:39:21 PM,0,10.404,8.1
8/17/19,2:09:21 PM,0,10.4,8.1
8/17/19,2:39:21 PM,0,10.397,8.1
8/17/19,3:09:21 PM,0,10.394,8.1
8/17/19,3:39:21 PM,0,10.394,8.1
8/17/19,4:09:21 PM,0,10.389,8.1
8/17/19,4:39:21 PM,0,10.386,8.1
8/17/19,5:09:21 PM,0,10.382,8.1
8/17/19,5:39:21 PM,0,10.377,8.1
8/17/19,6:09:21 PM,0,10.379,8.1
8/17/19,6:39:21 PM,0,10.376,8.1
8/17/19,7:09:21 PM,0,10.38,8.1
8/17/19,7:39:21 PM,0,10.383,8.1
8/17/19,8:09:21 PM,0,10.386,8.1
8/17/19,8:39:21 PM,0,10.385,8.1
8/17/19,9:09:21 PM,0,10.385,8.1
8/17/19,9:39:21 PM,0,10.385,8.1
8/17/19,10:09:21 PM,0,10.394,8.1
8/17/19,10:39:21 PM,0,10.4,8.1
8/17/19,11:09:21 PM,0,10.41,8.1
8/17/19,11:39:21 PM,0,10.416,8.1
8/18/19,12:09:21 AM,0,10.41,8.1
8/18/19,12:39:21 AM,0,10.409,8.1
8/18/19,1:09:21 AM,0,10.409,8.1
8/18/19,1:39:21 AM,0,10.409,8.1
8/18/19,2:09:21 AM,0,10.407,8.1
8/18/19,2:39:21 AM,0,10.404,8.1
8/18/19,3:09:21 AM,0,10.406,8.1
8/18/19,3:39:21 AM,0,10.41,8.1
8/18/19,4:09:21 AM,0,10.406,8.1
8/18/19,4:39:21 AM,0,10.406,8.1
8/18/19,5:09:21 AM,0,10.404,8.1
8/18/19,5:39:21 AM,0,10.406,8.1
8/18/19,6:09:21 AM,0,10.41,8.1
8/18/19,6:39:21 AM,0,10.407,8.1
8/18/19,7:09:21 AM,0,10.409,8.1
8/18/19,7:39:21 AM,0,10.424,8.1
8/18/19,8:09:21 AM,0,10.431,8.1
8/18/19,8:39:21 AM,0,10.437,8.1
8/18/19,9:09:21 AM,0,10.445,8.1
8/18/19,9:39:21 AM,0,10.445,8.1
8/18/19,10:09:21 AM,0,10.449,8.1
8/18/19,10:39:21 AM,0,10.451,8.1
8/18/19,11:09:21 AM,0,10.452,8.1
8/18/19,11:39:21 AM,0,10.452,8.1
8/18/19,12:09:21 PM,0,10.452,8.1
8/18/19,12:39:21 PM,0,10.451,8.1
8/18/19,1:09:21 PM,0,10.451,8.1
8/18/19,1:39:21 PM,0,10.454,8.1
8/18/19,2:09:21 PM,0,10.451,8.1
8/18/19,2:39:21 PM,0,10.451,8.1
8/18/19,3:09:21 PM,0,10.451,8.1
8/18/19,3:39:21 PM,0,10.452,8.1
8/18/19,4:09:21 PM,0,10.448,8.1
8/18/19,4:39:21 PM,0,10.448,8.1
8/18/19,5:09:21 PM,0,10.448,8.1
8/18/19,5:39:21 PM,0,10.448,8.2
8/18/19,6:09:21 PM,0,10.448,8.2
8/18/19,6:39:21 PM,0,10.446,8.2
8/18/19,7:09:21 PM,0,10.446,8.2
8/18/19,7:39:21 PM,0,10.446,8.2
8/18/19,8:09:21 PM,0,10.446,8.2
8/18/19,8:39:21 PM,0,10.448,8.2
8/18/19,9:09:21 PM,0,10.452,8.2
8/18/19,9:39:21 PM,0,10.455,8.2
8/18/19,10:09:21 PM,0,10.457,8.2
8/18/19,10:39:21 PM,0,10.458,8.2
8/18/19,11:09:21 PM,0,10.458,8.2
8/18/19,11:39:21 PM,0,10.461,8.2
8/19/19,12:09:21 AM,0,10.463,8.2
8/19/19,12:39:21 AM,0,10.464,8.2
8/19/19,1:09:21 AM,0,10.467,8.2
8/19/19,1:39:21 AM,0,10.467,8.2
8/19/19,2:09:21 AM,0,10.469,8.2
8/19/19,2:39:21 AM,0,10.469,8.2
8/19/19,3:09:21 AM,0,10.467,8.2
8/19/19,3:39:21 AM,0,10.467,8.2
8/19/19,4:09:21 AM,0,10.469,8.2
8/19/19,4:39:21 AM,0,10.47,8.2
8/19/19,5:09:21 AM,0,10.472,8.2
8/19/19,5:39:21 AM,0,10.472,8.2
8/19/19,6:09:21 AM,0,10.473,8.2
8/19/19,6:39:21 AM,0,10.475,8.2
8/19/19,7:09:21 AM,0,10.473,8.2
8/19/19,7:39:21 AM,0,10.473,8.2
8/19/19,8:09:21 AM,0,10.475,8.2
8/19/19,8:39:21 AM,0,10.475,8.2
8/19/19,9:09:21 AM,0,10.472,8.2
8/19/19,9:39:21 AM,0,10.473,8.2
8/19/19,10:09:21 AM,0,10.469,8.2
8/19/19,10:39:21 AM,0,10.463,8.2
8/19/19,11:09:21 AM,0,10.463,8.2
8/19/19,11:39:21 AM,0,10.464,8.2
8/19/19,12:09:21 PM,0,10.464,8.2
8/19/19,12:39:21 PM,0,10.46,8.2
8/19/19,1:09:21 PM,0,10.457,8.2
8/19/19,1:39:21 PM,0,10.455,8.2
8/19/19,2:09:21 PM,0,10.454,8.2
8/19/19,2:39:21 PM,0,10.451,8.2
8/19/19,3:09:21 PM,0,10.449,8.2
8/19/19,3:39:21 PM,0,10.446,8.2
8/19/19,4:09:21 PM,0,10.446,8.2
8/19/19,4:39:21 PM,0,10.443,8.2
8/19/19,5:09:21 PM,0,10.445,8.2
8/19/19,5:39:21 PM,0,10.443,8.2
8/19/19,6:09:21 PM,0,10.445,8.2
8/19/19,6:39:21 PM,0,10.442,8.2
8/19/19,7:09:21 PM,0,10.443,8.2
8/19/19,7:39:21 PM,0,10.443,8.2
8/19/19,8:09:21 PM,0,10.445,8.2
8/19/19,8:39:21 PM,0,10.448,8.2
8/19/19,9:09:21 PM,0,10.449,8.2
8/19/19,9:39:21 PM,0,10.452,8.2
8/19/19,10:09:21 PM,0,10.454,8.2
8/19/19,10:39:21 PM,0,10.454,8.2
8/19/19,11:09:21 PM,0,10.455,8.2
8/19/19,11:39:21 PM,0,10.458,8.2
8/20/19,12:09:21 AM,0,10.458,8.2
8/20/19,12:39:21 AM,0,10.457,8.2
8/20/19,1:09:21 AM,0,10.455,8.2
8/20/19,1:39:21 AM,0,10.454,8.2
8/20/19,2:09:21 AM,0,10.451,8.2
8/20/19,2:39:21 AM,0,10.451,8.2
8/20/19,3:09:21 AM,0,10.449,8.2
8/20/19,3:39:21 AM,0,10.445,8.2
8/20/19,4:09:21 AM,0,10.434,8.2
8/20/19,4:39:21 AM,0,10.425,8.2
8/20/19,5:09:21 AM,0,10.428,8.2
8/20/19,5:39:21 AM,0,10.427,8.2
8/20/19,6:09:21 AM,0,10.419,8.2
8/20/19,6:39:21 AM,0,10.436,8.2
8/20/19,7:09:21 AM,0,10.439,8.2
8/20/19,7:39:21 AM,0,10.43,8.2
8/20/19,8:09:21 AM,0,10.452,8.2
8/20/19,8:39:21 AM,0,10.457,8.2
8/20/19,9:09:21 AM,0,10.463,8.2
8/20/19,9:39:21 AM,0,10.467,8.2
8/20/19,10:09:21 AM,0,10.475,8.2
8/20/19,10:39:21 AM,0,10.472,8.2
8/20/19,11:09:21 AM,0,10.473,8.2
8/20/19,11:39:21 AM,0,10.475,8.3
8/20/19,12:09:21 PM,0,10.55,8.3
8/20/19,12:39:21 PM,0,10.544,8.3
8/20/19,1:09:21 PM,0,10.548,8.3
8/20/19,1:39:21 PM,0,10.551,8.3
8/20/19,2:09:21 PM,0,10.554,8.3
8/20/19,2:39:21 PM,0,10.556,8.3
8/20/19,3:09:21 PM,0,10.557,8.3
8/20/19,3:39:21 PM,0,10.556,8.3
8/20/19,4:09:21 PM,0,10.554,8.3
8/20/19,4:39:21 PM,0,10.553,8.3
8/20/19,5:09:21 PM,0,10.551,8.3
8/20/19,5:39:21 PM,0,10.55,8.3
8/20/19,6:09:21 PM,0,10.55,8.3
8/20/19,6:39:21 PM,0,10.551,8.3
8/20/19,7:09:21 PM,0,10.554,8.3
8/20/19,7:39:21 PM,0,10.554,8.3
8/20/19,8:09:21 PM,0,10.557,8.3
8/20/19,8:39:21 PM,0,10.56,8.3
8/20/19,9:09:21 PM,0,10.563,8.3
8/20/19,9:39:21 PM,0,10.563,8.3
8/20/19,10:09:21 PM,0,10.565,8.3
8/20/19,10:39:21 PM,0,10.569,8.3
8/20/19,11:09:21 PM,0,10.571,8.3
8/20/19,11:39:21 PM,0,10.569,8.3
8/21/19,12:09:21 AM,0,10.569,8.3
8/21/19,12:39:21 AM,0,10.568,8.3
8/21/19,1:09:21 AM,0,10.569,8.3
8/21/19,1:39:21 AM,0,10.569,8.3
8/21/19,2:09:21 AM,0,10.571,8.3
8/21/19,2:39:21 AM,0,10.569,8.3
8/21/19,3:09:21 AM,0,10.571,8.3
8/21/19,3:39:21 AM,0,10.569,8.3
8/21/19,4:09:21 AM,0,10.569,8.3
8/21/19,4:39:21 AM,0,10.562,8.3
8/21/19,5:09:21 AM,0,10.559,8.3
8/21/19,5:39:21 AM,0,10.557,8.3
8/21/19,6:09:21 AM,0,10.559,8.3
8/21/19,6:39:21 AM,0,10.563,8.3
8/21/19,7:09:21 AM,0,10.566,8.3
8/21/19,7:39:21 AM,0,10.566,8.3
8/21/19,8:09:21 AM,0,10.568,8.3
8/21/19,8:39:21 AM,0,10.574,8.3
8/21/19,9:09:21 AM,0,10.577,8.3
8/21/19,9:39:21 AM,0,10.577,8.3
8/21/19,10:09:21 AM,0,10.577,8.3
8/21/19,10:39:21 AM,0,10.574,8.3
8/21/19,11:09:21 AM,0,10.572,8.3
8/21/19,11:39:21 AM,0,10.571,8.3
8/21/19,12:09:21 PM,0,10.566,8.3
8/21/19,12:39:21 PM,0,10.563,8.3
8/21/19,1:09:21 PM,0,10.563,8.3
8/21/19,1:39:21 PM,0,10.563,8.3
8/21/19,2:09:21 PM,0,10.56,8.3
8/21/19,2:39:21 PM,0,10.556,8.3
8/21/19,3:09:21 PM,0,10.553,8.3
8/21/19,3:39:21 PM,0,10.553,8.3
8/21/19,4:09:21 PM,0,10.554,8.3
8/21/19,4:39:21 PM,0,10.554,8.3
8/21/19,5:09:21 PM,0,10.556,8.3
8/21/19,5:39:21 PM,0,10.556,8.3
8/21/19,6:09:21 PM,0,10.554,8.3
8/21/19,6:39:21 PM,0,10.553,8.3
8/21/19,7:09:21 PM,0,10.55,8.3
8/21/19,7:39:21 PM,0,10.55,8.3
8/21/19,8:09:21 PM,0,10.548,8.3
8/21/19,8:39:21 PM,0,10.55,8.3
8/21/19,9:09:21 PM,0,10.551,8.3
8/21/19,9:39:21 PM,0,10.553,8.3
8/21/19,10:09:21 PM,0,10.554,8.3
8/21/19,10:39:21 PM,0,10.557,8.3
8/21/19,11:09:21 PM,0,10.557,8.3
8/21/19,11:39:21 PM,0,10.557,8.3
8/22/19,12:09:21 AM,0,10.557,8.3
8/22/19,12:39:21 AM,0,10.556,8.3
8/22/19,1:09:21 AM,0,10.556,8.3
8/22/19,1:39:21 AM,0,10.557,8.3
8/22/19,2:09:21 AM,0,10.556,8.3
8/22/19,2:39:21 AM,0,10.556,8.3
8/22/19,3:09:21 AM,0,10.557,8.3
8/22/19,3:39:21 AM,0,10.559,8.3
8/22/19,4:09:21 AM,0,10.56,8.3
8/22/19,4:39:21 AM,0,10.559,8.3
8/22/19,5:09:21 AM,0,10.557,8.3
8/22/19,5:39:21 AM,0,10.557,8.3
8/22/19,6:09:21 AM,0,10.559,8.3
8/22/19,6:39:21 AM,0,10.563,8.3
8/22/19,7:09:21 AM,0,10.563,8.3
8/22/19,7:39:21 AM,0,10.566,8.3
8/22/19,8:09:21 AM,0,10.565,8.3
8/22/19,8:39:21 AM,0,10.565,8.3
8/22/19,9:09:21 AM,0,10.568,8.4
8/22/19,9:39:21 AM,0,10.568,8.4
8/22/19,10:09:21 AM,0,10.569,8.4
8/22/19,10:39:21 AM,0,10.571,8.4
8/22/19,11:09:21 AM,0,10.572,8.4
8/22/19,11:39:21 AM,0,10.572,8.4
8/22/19,12:09:21 PM,0,10.571,8.4
8/22/19,12:39:21 PM,0,10.568,8.4
8/22/19,1:09:21 PM,0,10.568,8.4
8/22/19,1:39:21 PM,0,10.571,8.4
8/22/19,2:09:21 PM,0,10.569,8.4
8/22/19,2:39:21 PM,0,10.568,8.4
8/22/19,3:09:21 PM,0,10.566,8.4
8/22/19,3:39:21 PM,0,10.565,8.4
8/22/19,4:09:21 PM,0,10.563,8.4
8/22/19,4:39:21 PM,0,10.562,8.4
8/22/19,5:09:21 PM,0,10.56,8.4
8/22/19,5:39:21 PM,0,10.557,8.4
8/22/19,6:09:21 PM,0,10.556,8.4
8/22/19,6:39:21 PM,0,10.556,8.4
8/22/19,7:09:21 PM,0,10.556,8.4
8/22/19,7:39:21 PM,0,10.559,8.4
8/22/19,8:09:21 PM,0,10.56,8.4
8/22/19,8:39:21 PM,0,10.562,8.4
8/22/19,9:09:21 PM,0,10.565,8.4
8/22/19,9:39:21 PM,0,10.566,8.4
8/22/19,10:09:21 PM,0,10.568,8.4
8/22/19,10:39:21 PM,0,10.568,8.4
8/22/19,11:09:21 PM,0,10.569,8.4
8/22/19,11:39:21 PM,0,10.571,8.4
8/23/19,12:09:21 AM,0,10.574,8.4
8/23/19,12:39:21 AM,0,10.575,8.4
8/23/19,1:09:21 AM,0,10.577,8.4
8/23/19,1:39:21 AM,0,10.575,8.4
8/23/19,2:09:21 AM,0,10.575,8.4
8/23/19,2:39:21 AM,0,10.575,8.4
8/23/19,3:09:21 AM,0,10.58,8.4
8/23/19,3:39:21 AM,0,10.583,8.4
8/23/19,4:09:21 AM,0,10.584,8.4
8/23/19,4:39:21 AM,0,10.583,8.4
8/23/19,5:09:21 AM,0,10.589,8.4
8/23/19,5:39:21 AM,0,10.593,8.4
8/23/19,6:09:21 AM,0,10.596,8.4
8/23/19,6:39:21 AM,0,10.596,8.4
8/23/19,7:09:21 AM,0,10.596,8.4
8/23/19,7:39:21 AM,0,10.598,8.4
8/23/19,8:09:21 AM,0,10.599,8.4
8/23/19,8:39:21 AM,0,10.598,8.4
8/23/19,9:09:21 AM,0,10.599,8.4
8/23/19,9:39:21 AM,0,10.598,8.4
8/23/19,10:09:21 AM,0,10.598,8.4
8/23/19,10:39:21 AM,0,10.596,8.4
8/23/19,11:09:21 AM,0,10.593,8.4
8/23/19,11:39:21 AM,0,10.59,8.4
8/23/19,12:09:21 PM,0,10.589,8.4
8/23/19,12:39:21 PM,0,10.587,8.4
8/23/19,1:09:21 PM,0,10.587,8.4
8/23/19,1:39:21 PM,0,10.584,8.4
8/23/19,2:09:21 PM,0,10.581,8.4
8/23/19,2:39:21 PM,0,10.578,8.4
8/23/19,3:09:21 PM,0,10.575,8.4
8/23/19,3:39:21 PM,0,10.571,8.4
8/23/19,4:09:21 PM,0,10.569,8.4
8/23/19,4:39:21 PM,0,10.568,8.4
8/23/19,5:09:21 PM,0,10.566,8.4
8/23/19,5:39:21 PM,0,10.566,8.4
8/23/19,6:09:21 PM,0,10.565,8.4
8/23/19,6:39:21 PM,0,10.563,8.4
8/23/19,7:09:21 PM,0,10.563,8.4
8/23/19,7:39:21 PM,0,10.563,8.4
8/23/19,8:09:21 PM,0,10.562,8.4
8/23/19,8:39:21 PM,0,10.563,8.4
8/23/19,9:09:21 PM,0,10.566,8.4
8/23/19,9:39:21 PM,0,10.565,8.4
8/23/19,10:09:21 PM,0,10.565,8.4
8/23/19,10:39:21 PM,0,10.565,8.4
8/23/19,11:09:21 PM,0,10.565,8.4
8/23/19,11:39:21 PM,0,10.565,8.4
8/24/19,12:09:21 AM,0,10.566,8.4
8/24/19,12:39:21 AM,0,10.565,8.4
8/24/19,1:09:21 AM,0,10.565,8.4
8/24/19,1:39:21 AM,0,10.566,8.4
8/24/19,2:09:21 AM,0,10.566,8.4
8/24/19,2:39:21 AM,0,10.569,8.4
8/24/19,3:09:21 AM,0,10.569,8.4
8/24/19,3:39:21 AM,0,10.568,8.4
8/24/19,4:09:21 AM,0,10.568,8.4
8/24/19,4:39:21 AM,0,10.568,8.4
8/24/19,5:09:21 AM,0,10.566,8.4
8/24/19,5:39:21 AM,0,10.566,8.5
8/24/19,6:09:21 AM,0,10.569,8.5
8/24/19,6:39:21 AM,0,10.569,8.5
8/24/19,7:09:21 AM,0,10.571,8.5
8/24/19,7:39:21 AM,0,10.572,8.5
8/24/19,8:09:21 AM,0,10.571,8.5
8/24/19,8:39:21 AM,0,10.572,8.5
8/24/19,9:09:21 AM,0,10.569,8.5
8/24/19,9:39:21 AM,0,10.568,8.5
8/24/19,10:09:21 AM,0,10.565,8.5
8/24/19,10:39:21 AM,0,10.562,8.5
8/24/19,11:09:21 AM,0,10.56,8.5
8/24/19,11:39:21 AM,0,10.554,8.5
8/24/19,12:09:21 PM,0,10.553,8.5
8/24/19,12:39:21 PM,0,10.548,8.5
8/24/19,1:09:21 PM,0,10.544,8.5
8/24/19,1:39:21 PM,0,10.539,8.5
8/24/19,2:09:21 PM,0,10.535,8.5
8/24/19,2:39:21 PM,0,10.532,8.5
8/24/19,3:09:21 PM,0,10.53,8.5
8/24/19,3:39:21 PM,0,10.529,8.5
8/24/19,4:09:21 PM,0,10.526,8.5
8/24/19,4:39:21 PM,0,10.524,8.5
8/24/19,5:09:21 PM,0,10.523,8.5
8/24/19,5:39:21 PM,0,10.523,8.5
8/24/19,6:09:21 PM,0,10.521,8.5
8/24/19,6:39:21 PM,0,10.52,8.5
8/24/19,7:09:21 PM,0,10.518,8.5
8/24/19,7:39:21 PM,0,10.518,8.5
8/24/19,8:09:21 PM,0,10.518,8.5
8/24/19,8:39:21 PM,0,10.518,8.5
8/24/19,9:09:21 PM,0,10.518,8.5
8/24/19,9:39:21 PM,0,10.518,8.5
8/24/19,10:09:21 PM,0,10.515,8.5
8/24/19,10:39:21 PM,0,10.512,8.5
8/24/19,11:09:21 PM,0,10.508,8.5
8/24/19,11:39:21 PM,0,10.505,8.5
8/25/19,12:09:21 AM,0,10.5,8.5
8/25/19,12:39:21 AM,0,10.499,8.5
8/25/19,1:09:21 AM,0,10.499,8.5
8/25/19,1:39:21 AM,0,10.497,8.5
8/25/19,2:09:21 AM,0,10.494,8.5
8/25/19,2:39:21 AM,0,10.491,8.5
8/25/19,3:09:21 AM,0,10.49,8.5
8/25/19,3:39:21 AM,0,10.49,8.5
8/25/19,4:09:21 AM,0,10.488,8.5
8/25/19,4:39:21 AM,0,10.487,8.5
8/25/19,5:09:21 AM,0,10.484,8.5
8/25/19,5:39:21 AM,0,10.482,8.5
8/25/19,6:09:21 AM,0,10.482,8.5
8/25/19,6:39:21 AM,0,10.482,8.5
8/25/19,7:09:21 AM,0,10.481,8.5
8/25/19,7:39:21 AM,0,10.481,8.5
8/25/19,8:09:21 AM,0,10.479,8.5
8/25/19,8:39:21 AM,0,10.478,8.5
8/25/19,9:09:21 AM,0,10.475,8.5
8/25/19,9:39:21 AM,0,10.475,8.5
8/25/19,10:09:21 AM,0,10.473,8.5
8/25/19,10:39:21 AM,0,10.47,8.5
8/25/19,11:09:21 AM,0,10.467,8.5
8/25/19,11:39:21 AM,0,10.464,8.5
8/25/19,12:09:21 PM,0,10.463,8.5
8/25/19,12:39:21 PM,0,10.461,8.5
8/25/19,1:09:21 PM,0,10.458,8.5
8/25/19,1:39:21 PM,0,10.458,8.5
8/25/19,2:09:21 PM,0,10.455,8.5
8/25/19,2:39:21 PM,0,10.452,8.5
8/25/19,3:09:21 PM,0,10.451,8.5
8/25/19,3:39:21 PM,0,10.448,8.5
8/25/19,4:09:21 PM,0,10.448,8.5
8/25/19,4:39:21 PM,0,10.443,8.5
8/25/19,5:09:21 PM,0,10.44,8.5
8/25/19,5:39:21 PM,0,10.439,8.5
8/25/19,6:09:21 PM,0,10.44,8.5
8/25/19,6:39:21 PM,0,10.439,8.5
8/25/19,7:09:21 PM,0,10.437,8.5
8/25/19,7:39:21 PM,0,10.437,8.5
8/25/19,8:09:21 PM,0,10.434,8.5
8/25/19,8:39:21 PM,0,10.436,8.5
8/25/19,9:09:21 PM,0,10.442,8.5
8/25/19,9:39:21 PM,0,10.446,8.5
8/25/19,10:09:21 PM,0,10.451,8.5
8/25/19,10:39:21 PM,0,10.454,8.5
8/25/19,11:09:21 PM,0,10.458,8.5
8/25/19,11:39:21 PM,0,10.463,8.5
8/26/19,12:09:21 AM,0,10.464,8.5
8/26/19,12:39:21 AM,0,10.466,8.5
8/26/19,1:09:21 AM,0,10.463,8.5
8/26/19,1:39:21 AM,0,10.461,8.5
8/26/19,2:09:21 AM,0,10.46,8.5
8/26/19,2:39:21 AM,0,10.455,8.5
8/26/19,3:09:21 AM,0,10.454,8.5
8/26/19,3:39:21 AM,0,10.449,8.5
8/26/19,4:09:21 AM,0,10.446,8.5
8/26/19,4:39:21 AM,0,10.443,8.5
8/26/19,5:09:21 AM,0,10.442,8.5
8/26/19,5:39:21 AM,0,10.439,8.5
8/26/19,6:09:21 AM,0,10.439,8.5
8/26/19,6:39:21 AM,0,10.44,8.5
8/26/19,7:09:21 AM,0,10.442,8.5
8/26/19,7:39:21 AM,0,10.44,8.5
8/26/19,8:09:21 AM,0,10.442,8.5
8/26/19,8:39:21 AM,0,10.44,8.5
8/26/19,9:09:21 AM,0,10.437,8.5
8/26/19,9:39:21 AM,0,10.433,8.5
8/26/19,10:09:21 AM,0,10.427,8.5
8/26/19,10:39:21 AM,0,10.427,8.5
8/26/19,11:09:21 AM,0,10.427,8.5
8/26/19,11:39:21 AM,0,10.424,8.5
8/26/19,12:09:21 PM,0,10.424,8.5
8/26/19,12:39:21 PM,0,10.442,8.6
8/26/19,1:09:21 PM,0,10.494,8.6
8/26/19,1:39:21 PM,0,10.505,8.6
8/26/19,2:09:21 PM,0,10.521,8.6
8/26/19,2:39:21 PM,0,10.532,8.6
8/26/19,3:09:21 PM,0,10.532,8.6
8/26/19,3:39:21 PM,0,10.526,8.6
8/26/19,4:09:21 PM,0,10.535,8.6
8/26/19,4:39:21 PM,0,10.529,8.6
8/26/19,5:09:21 PM,0,10.527,8.6
8/26/19,5:39:21 PM,0,10.526,8.6
8/26/19,6:09:21 PM,0,10.524,8.6
8/26/19,6:39:21 PM,0,10.523,8.6
8/26/19,7:09:21 PM,0,10.52,8.6
8/26/19,7:39:21 PM,0,10.517,8.6
8/26/19,8:09:21 PM,0,10.517,8.6
8/26/19,8:39:21 PM,0,10.52,8.6
8/26/19,9:09:21 PM,0,10.52,8.6
8/26/19,9:39:21 PM,0,10.517,8.6
8/26/19,10:09:21 PM,0,10.515,8.6
8/26/19,10:39:21 PM,0,10.517,8.6
8/26/19,11:09:21 PM,0,10.518,8.6
8/26/19,11:39:21 PM,0,10.515,8.6
8/27/19,12:09:21 AM,0,10.514,8.6
8/27/19,12:39:21 AM,0,10.512,8.6
8/27/19,1:09:21 AM,0,10.512,8.6
8/27/19,1:39:21 AM,0,10.511,8.6
8/27/19,2:09:21 AM,0,10.511,8.6
8/27/19,2:39:21 AM,0,10.509,8.6
8/27/19,3:09:21 AM,0,10.508,8.6
8/27/19,3:39:21 AM,0,10.508,8.6
8/27/19,4:09:21 AM,0,10.506,8.6
8/27/19,4:39:21 AM,0,10.505,8.6
8/27/19,5:09:21 AM,0,10.505,8.6
8/27/19,5:39:21 AM,0,10.505,8.6
8/27/19,6:09:21 AM,0,10.505,8.6
8/27/19,6:39:21 AM,0,10.508,8.6
8/27/19,7:09:21 AM,0,10.509,8.6
8/27/19,7:39:21 AM,0,10.509,8.6
8/27/19,8:09:21 AM,0,10.509,8.6
8/27/19,8:39:21 AM,0,10.511,8.6
8/27/19,9:09:21 AM,0,10.511,8.6
8/27/19,9:39:21 AM,0,10.511,8.6
8/27/19,10:09:21 AM,0,10.508,8.6
8/27/19,10:39:21 AM,0,10.508,8.6
8/27/19,11:09:21 AM,0,10.509,8.6
8/27/19,11:39:21 AM,0,10.508,8.6
8/27/19,12:09:21 PM,0,10.509,8.6
8/27/19,12:39:21 PM,0,10.511,8.6
8/27/19,1:09:21 PM,0,10.511,8.6
8/27/19,1:39:21 PM,0,10.511,8.6
8/27/19,2:09:21 PM,0,10.509,8.6
8/27/19,2:39:21 PM,0,10.508,8.6
8/27/19,3:09:21 PM,0,10.506,8.6
8/27/19,3:39:21 PM,0,10.505,8.6
8/27/19,4:09:21 PM,0,10.503,8.6
8/27/19,4:39:21 PM,0,10.503,8.6
8/27/19,5:09:21 PM,0,10.503,8.6
8/27/19,5:39:21 PM,0,10.502,8.6
8/27/19,6:09:21 PM,0,10.509,8.6
8/27/19,6:39:21 PM,0,10.509,8.6
8/27/19,7:09:21 PM,0,10.512,8.6
8/27/19,7:39:21 PM,0,10.514,8.6
8/27/19,8:09:21 PM,0,10.517,8.6
8/27/19,8:39:21 PM,0,10.518,8.6
8/27/19,9:09:21 PM,0,10.52,8.6
8/27/19,9:39:21 PM,0,10.523,8.6
8/27/19,10:09:21 PM,0,10.52,8.6
8/27/19,10:39:21 PM,0,10.52,8.6
8/27/19,11:09:21 PM,0,10.521,8.6
8/27/19,11:39:21 PM,0,10.52,8.6
8/28/19,12:09:21 AM,0,10.52,8.6
8/28/19,12:39:21 AM,0,10.52,8.6
8/28/19,1:09:21 AM,0,10.521,8.6
8/28/19,1:39:21 AM,0,10.521,8.6
8/28/19,2:09:21 AM,0,10.521,8.6
8/28/19,2:39:21 AM,0,10.523,8.6
8/28/19,3:09:21 AM,0,10.524,8.6
8/28/19,3:39:21 AM,0,10.526,8.6
8/28/19,4:09:21 AM,0,10.527,8.6
8/28/19,4:39:21 AM,0,10.53,8.6
8/28/19,5:09:21 AM,0,10.53,8.6
8/28/19,5:39:21 AM,0,10.533,8.6
8/28/19,6:09:21 AM,0,10.536,8.6
8/28/19,6:39:21 AM,0,10.539,8.6
8/28/19,7:09:21 AM,0,10.542,8.6
8/28/19,7:39:21 AM,0,10.545,8.6
8/28/19,8:09:21 AM,0,10.547,8.6
8/28/19,8:39:21 AM,0,10.55,8.6
8/28/19,9:09:21 AM,0,10.553,8.6
8/28/19,9:39:21 AM,0,10.557,8.6
8/28/19,10:09:21 AM,0,10.562,8.6
8/28/19,10:39:21 AM,0,10.563,8.6
8/28/19,11:09:21 AM,0,10.566,8.6
8/28/19,11:39:21 AM,0,10.568,8.6
8/28/19,12:09:21 PM,0,10.568,8.6
8/28/19,12:39:21 PM,0,10.568,8.6
8/28/19,1:09:21 PM,0,10.569,8.6
8/28/19,1:39:21 PM,0,10.569,8.6
8/28/19,2:09:21 PM,0,10.571,8.6
8/28/19,2:39:21 PM,0,10.571,9
8/28/19,3:09:21 PM,0,10.574,8.7
8/28/19,3:39:21 PM,0,10.574,8.7
8/28/19,4:09:21 PM,0,10.575,8.7
8/28/19,4:39:21 PM,0,10.572,8.6
8/28/19,5:09:21 PM,0,10.572,8.6
8/28/19,5:39:21 PM,0,10.572,8.6
8/28/19,6:09:21 PM,0,10.574,8.6
8/28/19,6:39:21 PM,0,10.572,8.6
8/28/19,7:09:21 PM,0,10.572,8.6
8/28/19,7:39:21 PM,0,10.572,8.6
8/28/19,8:09:21 PM,0,10.577,8.6
8/28/19,8:39:21 PM,0,10.577,8.6
8/28/19,9:09:21 PM,0,10.577,8.6
8/28/19,9:39:21 PM,0,10.577,8.6
8/28/19,10:09:21 PM,0,10.574,8.6
8/28/19,10:39:21 PM,0,10.572,8.6
8/28/19,11:09:21 PM,0,10.568,8.6
8/28/19,11:39:21 PM,0,10.566,8.6
8/29/19,12:09:21 AM,0,10.559,8.6
8/29/19,12:39:21 AM,0,10.559,8.6
8/29/19,1:09:21 AM,0,10.556,8.6
8/29/19,1:39:21 AM,0,10.55,8.6
8/29/19,2:09:21 AM,0,10.551,8.6
8/29/19,2:39:21 AM,0,10.547,8.6
8/29/19,3:09:21 AM,0,10.539,8.6
8/29/19,3:39:21 AM,0,10.538,8.6
8/29/19,4:09:21 AM,0,10.53,8.6
8/29/19,4:39:21 AM,0,10.523,8.6
8/29/19,5:09:21 AM,0,10.517,8.6
8/29/19,5:39:21 AM,0,10.512,8.6
8/29/19,6:09:21 AM,0,10.511,8.6
8/29/19,6:39:21 AM,0,10.517,8.6
8/29/19,7:09:21 AM,0,10.518,8.6
8/29/19,7:39:21 AM,0,10.521,8.6
8/29/19,8:09:21 AM,0,10.526,8.6
8/29/19,8:39:21 AM,0,10.53,8.6
8/29/19,9:09:21 AM,0,10.535,8.6
8/29/19,9:39:21 AM,0,10.542,8.6
8/29/19,10:09:21 AM,0,10.547,8.6
8/29/19,10:39:21 AM,0,10.553,8.6
8/29/19,11:09:21 AM,0,10.557,8.6
8/29/19,11:39:21 AM,0,10.562,8.6
8/29/19,12:09:21 PM,0,10.565,8.6
8/29/19,12:39:21 PM,0,10.568,8.6
8/29/19,1:09:21 PM,0,10.571,8.6
8/29/19,1:39:21 PM,0,10.572,8.6
8/29/19,2:09:21 PM,0,10.574,8.6
8/29/19,2:39:21 PM,0,10.574,8.6
8/29/19,3:09:21 PM,0,10.578,8.6
8/29/19,3:39:21 PM,0,10.58,8.6
8/29/19,4:09:21 PM,0,10.583,8.6
8/29/19,4:39:21 PM,0,10.584,8.6
8/29/19,5:09:21 PM,0,10.587,8.6
8/29/19,5:39:21 PM,0,10.589,8.6
8/29/19,6:09:21 PM,0,10.592,8.6
8/29/19,6:39:21 PM,0,10.595,8.6
8/29/19,7:09:21 PM,0,10.601,8.6
8/29/19,7:39:21 PM,0,10.604,8.6
8/29/19,8:09:21 PM,0,10.605,8.6
8/29/19,8:39:21 PM,0,10.61,8.6
8/29/19,9:09:21 PM,0,10.613,8.6
8/29/19,9:39:21 PM,0,10.616,8.6
8/29/19,10:09:21 PM,0,10.617,8.6
8/29/19,10:39:21 PM,0,10.622,8.6
8/29/19,11:09:21 PM,0,10.625,8.6
8/29/19,11:39:21 PM,0,10.626,8.6
8/30/19,12:09:21 AM,0,10.626,8.6
8/30/19,12:39:21 AM,0,10.629,8.6
8/30/19,1:09:21 AM,0,10.631,8.6
8/30/19,1:39:21 AM,0,10.632,8.6
8/30/19,2:09:21 AM,0,10.634,8.6
8/30/19,2:39:21 AM,0,10.635,8.6
8/30/19,3:09:21 AM,0,10.638,8.6
8/30/19,3:39:21 AM,0,10.64,8.6
8/30/19,4:09:21 AM,0,10.641,8.6
8/30/19,4:39:21 AM,0,10.646,8.6
8/30/19,5:09:21 AM,0,10.647,8.6
8/30/19,5:39:21 AM,0,10.652,8.6
8/30/19,6:09:21 AM,0,10.658,8.6
8/30/19,6:39:21 AM,0,10.665,8.6
8/30/19,7:09:21 AM,0,10.668,8.6
8/30/19,7:39:21 AM,0,10.674,8.6
8/30/19,8:09:21 AM,0,10.676,8.6
8/30/19,8:39:21 AM,0,10.677,8.6
8/30/19,9:09:21 AM,0,10.68,8.6
8/30/19,9:39:21 AM,0,10.682,8.6
8/30/19,10:09:21 AM,0,10.682,8.6
8/30/19,10:39:21 AM,0,10.683,8.6
8/30/19,11:09:21 AM,0,10.685,8.6
8/30/19,11:39:21 AM,0,10.688,8.7
8/30/19,12:09:21 PM,0,10.686,8.7
8/30/19,12:39:21 PM,0,10.686,8.7
8/30/19,1:09:21 PM,0,10.683,8.7
8/30/19,1:39:21 PM,0,10.683,8.7
8/30/19,2:09:21 PM,0,10.682,8.7
8/30/19,2:39:21 PM,0,10.682,8.7
8/30/19,3:09:21 PM,0,10.68,8.7
8/30/19,3:39:21 PM,0,10.68,8.7
8/30/19,4:09:21 PM,0,10.682,8.7
8/30/19,4:39:21 PM,0,10.682,8.7
8/30/19,5:09:21 PM,0,10.68,8.7
8/30/19,5:39:21 PM,0,10.68,8.7
8/30/19,6:09:21 PM,0,10.682,8.7
8/30/19,6:39:21 PM,0,10.683,8.7
8/30/19,7:09:21 PM,0,10.685,8.7
8/30/19,7:39:21 PM,0,10.685,8.7
8/30/19,8:09:21 PM,0,10.688,8.7
8/30/19,8:39:21 PM,0,10.692,8.7
8/30/19,9:09:21 PM,0,10.694,8.7
8/30/19,9:39:21 PM,0,10.695,8.7
8/30/19,10:09:21 PM,0,10.698,8.7
8/30/19,10:39:21 PM,0,10.701,8.7
8/30/19,11:09:21 PM,0,10.703,8.7
8/30/19,11:39:21 PM,0,10.706,8.7
8/31/19,12:09:21 AM,0,10.707,8.7
8/31/19,12:39:21 AM,0,10.709,8.7
8/31/19,1:09:21 AM,0,10.709,8.7
8/31/19,1:39:21 AM,0,10.71,8.7
8/31/19,2:09:21 AM,0,10.71,8.7
8/31/19,2:39:21 AM,0,10.712,8.7
8/31/19,3:09:21 AM,0,10.712,8.7
8/31/19,3:39:21 AM,0,10.712,8.7
8/31/19,4:09:21 AM,0,10.712,8.7
8/31/19,4:39:21 AM,0,10.713,8.7
8/31/19,5:09:21 AM,0,10.713,8.7
8/31/19,5:39:21 AM,0,10.715,8.7
8/31/19,6:09:21 AM,0,10.715,8.7
8/31/19,6:39:21 AM,0,10.715,8.7
8/31/19,7:09:21 AM,0,10.712,8.7
8/31/19,7:39:21 AM,0,10.712,8.7
8/31/19,8:09:21 AM,0,10.713,8.7
8/31/19,8:39:21 AM,0,10.715,8.7
8/31/19,9:09:21 AM,0,10.715,8.7
8/31/19,9:39:21 AM,0,10.715,8.7
8/31/19,10:09:21 AM,0,10.713,8.7
8/31/19,10:39:21 AM,0,10.712,8.7
8/31/19,11:09:21 AM,0,10.712,8.7
8/31/19,11:39:21 AM,0,10.71,8.7
8/31/19,12:09:21 PM,0,10.707,8.7
8/31/19,12:39:21 PM,0,10.704,8.7
8/31/19,1:09:21 PM,0,10.703,8.7
8/31/19,1:39:21 PM,0,10.698,8.7
8/31/19,2:09:21 PM,0,10.695,8.7
8/31/19,2:39:21 PM,0,10.692,8.7
8/31/19,3:09:21 PM,0,10.686,8.7
8/31/19,3:39:21 PM,0,10.686,8.7
8/31/19,4:09:21 PM,0,10.683,8.7
8/31/19,4:39:21 PM,0,10.68,8.7
8/31/19,5:09:21 PM,0,10.677,8.7
8/31/19,5:39:21 PM,0,10.674,8.7
8/31/19,6:09:21 PM,0,10.673,8.7
8/31/19,6:39:21 PM,0,10.671,8.7
8/31/19,7:09:21 PM,0,10.67,8.7
8/31/19,7:39:21 PM,0,10.67,8.7
8/31/19,8:09:21 PM,0,10.671,8.7
8/31/19,8:39:21 PM,0,10.671,8.7
8/31/19,9:09:21 PM,0,10.67,8.7
8/31/19,9:39:21 PM,0,10.668,8.7
8/31/19,10:09:21 PM,0,10.665,8.7
8/31/19,10:39:21 PM,0,10.668,8.7
8/31/19,11:09:21 PM,0,10.668,8.7
8/31/19,11:39:21 PM,0,10.668,8.7
9/1/19,12:09:21 AM,0,10.667,8.7
9/1/19,12:39:21 AM,0,10.665,8.7
9/1/19,1:09:21 AM,0,10.662,8.7
9/1/19,1:39:21 AM,0,10.661,8.7
9/1/19,2:09:21 AM,0,10.659,8.7
9/1/19,2:39:21 AM,0,10.658,8.7
9/1/19,3:09:21 AM,0,10.655,8.7
9/1/19,3:39:21 AM,0,10.652,8.7
9/1/19,4:09:21 AM,0,10.652,8.7
9/1/19,4:39:21 AM,0,10.652,8.7
9/1/19,5:09:21 AM,0,10.647,8.7
9/1/19,5:39:21 AM,0,10.644,8.7
9/1/19,6:09:21 AM,0,10.643,8.7
9/1/19,6:39:21 AM,0,10.643,8.7
9/1/19,7:09:21 AM,0,10.64,8.7
9/1/19,7:39:21 AM,0,10.638,8.7
9/1/19,8:09:21 AM,0,10.638,8.7
9/1/19,8:39:21 AM,0,10.635,8.7
9/1/19,9:09:21 AM,0,10.635,8.7
9/1/19,9:39:21 AM,0,10.634,8.7
9/1/19,10:09:21 AM,0,10.632,8.7
9/1/19,10:39:21 AM,0,10.629,8.7
9/1/19,11:09:21 AM,0,10.629,8.7
9/1/19,11:39:21 AM,0,10.628,8.7
9/1/19,12:09:21 PM,0,10.626,8.7
9/1/19,12:39:21 PM,0,10.625,8.7
9/1/19,1:09:21 PM,0,10.623,8.7
9/1/19,1:39:21 PM,0,10.622,8.7
9/1/19,2:09:21 PM,0,10.62,8.7
9/1/19,2:39:21 PM,0,10.619,8.7
9/1/19,3:09:21 PM,0,10.617,8.7
9/1/19,3:39:21 PM,0,10.619,8.7
9/1/19,4:09:21 PM,0,10.619,8.7
9/1/19,4:39:21 PM,0,10.617,8.7
9/1/19,5:09:21 PM,0,10.619,8.7
9/1/19,5:39:21 PM,0,10.617,8.7
9/1/19,6:09:21 PM,0,10.617,8.7
9/1/19,6:39:21 PM,0,10.616,8.7
9/1/19,7:09:21 PM,0,10.617,8.7
9/1/19,7:39:21 PM,0,10.619,8.7
9/1/19,8:09:21 PM,0,10.62,8.7
9/1/19,8:39:21 PM,0,10.625,8.7
9/1/19,9:09:21 PM,0,10.628,8.7
9/1/19,9:39:21 PM,0,10.629,8.7
9/1/19,10:09:21 PM,0,10.632,8.7
9/1/19,10:39:21 PM,0,10.635,8.7
9/1/19,11:09:21 PM,0,10.638,8.7
9/1/19,11:39:21 PM,0,10.641,8.7
9/2/19,12:09:21 AM,0,10.643,8.7
9/2/19,12:39:21 AM,0,10.641,8.7
9/2/19,1:09:21 AM,0,10.643,8.7
9/2/19,1:39:21 AM,0,10.644,8.7
9/2/19,2:09:21 AM,0,10.647,8.7
9/2/19,2:39:21 AM,0,10.649,8.7
9/2/19,3:09:21 AM,0,10.65,8.7
9/2/19,3:39:21 AM,0,10.652,8.7
9/2/19,4:09:21 AM,0,10.652,8.7
9/2/19,4:39:21 AM,0,10.655,8.7
9/2/19,5:09:21 AM,0,10.653,8.7
9/2/19,5:39:21 AM,0,10.655,8.7
9/2/19,6:09:21 AM,0,10.658,8.7
9/2/19,6:39:21 AM,0,10.661,8.7
9/2/19,7:09:21 AM,0,10.664,8.7
9/2/19,7:39:21 AM,0,10.665,8.7
9/2/19,8:09:21 AM,0,10.667,8.7
9/2/19,8:39:21 AM,0,10.665,8.7
9/2/19,9:09:21 AM,0,10.667,8.7
9/2/19,9:39:21 AM,0,10.67,8.7
9/2/19,10:09:21 AM,0,10.668,8.7
9/2/19,10:39:21 AM,0,10.665,8.7
9/2/19,11:09:21 AM,0,10.664,8.7
9/2/19,11:39:21 AM,0,10.665,8.7
9/2/19,12:09:21 PM,0,10.664,8.7
9/2/19,12:39:21 PM,0,10.658,8.7
9/2/19,1:09:21 PM,0,10.656,8.7
9/2/19,1:39:21 PM,0,10.652,8.7
9/2/19,2:09:21 PM,0,10.647,8.7
9/2/19,2:39:21 PM,0,10.641,8.7
9/2/19,3:09:21 PM,0,10.637,8.7
9/2/19,3:39:21 PM,0,10.631,8.7
9/2/19,4:09:21 PM,0,10.632,8.7
9/2/19,4:39:21 PM,0,10.626,8.7
9/2/19,5:09:21 PM,0,10.62,8.7
9/2/19,5:39:21 PM,0,10.614,8.7
9/2/19,6:09:21 PM,0,10.601,8.7
9/2/19,6:39:21 PM,0,10.598,8.7
9/2/19,7:09:21 PM,0,10.596,8.7
9/2/19,7:39:21 PM,0,10.595,8.7
9/2/19,8:09:21 PM,0,10.602,8.7
9/2/19,8:39:21 PM,0,10.596,8.7
9/2/19,9:09:21 PM,0,10.592,8.7
9/2/19,9:39:21 PM,0,10.581,8.7
9/2/19,10:09:21 PM,0,10.572,8.7
9/2/19,10:39:21 PM,0,10.568,8.7
9/2/19,11:09:21 PM,0,10.566,8.7
9/2/19,11:39:21 PM,0,10.566,8.7
9/3/19,12:09:21 AM,0,10.568,8.7
9/3/19,12:39:21 AM,0,10.566,8.7
9/3/19,1:09:21 AM,0,10.565,8.7
9/3/19,1:39:21 AM,0,10.56,8.7
9/3/19,2:09:21 AM,0,10.553,8.7
9/3/19,2:39:21 AM,0,10.547,8.7
9/3/19,3:09:21 AM,0,10.542,8.7
9/3/19,3:39:21 AM,0,10.536,8.7
9/3/19,4:09:21 AM,0,10.532,8.7
9/3/19,4:39:21 AM,0,10.532,8.7
9/3/19,5:09:21 AM,0,10.527,8.7
9/3/19,5:39:21 AM,0,10.524,8.7
9/3/19,6:09:21 AM,0,10.52,8.7
9/3/19,6:39:21 AM,0,10.521,8.7
9/3/19,7:09:21 AM,0,10.523,8.7
9/3/19,7:39:21 AM,0,10.518,8.7
9/3/19,8:09:21 AM,0,10.521,8.7
9/3/19,8:39:21 AM,0,10.523,8.7
9/3/19,9:09:21 AM,0,10.521,8.7
9/3/19,9:39:21 AM,0,10.524,8.7
9/3/19,10:09:21 AM,0,10.526,8.7
9/3/19,10:39:21 AM,0,10.527,8.7
9/3/19,11:09:21 AM,0,10.527,8.7
9/3/19,11:39:21 AM,0,10.532,8.7
9/3/19,12:09:21 PM,0,10.535,8.7
9/3/19,12:39:21 PM,0,10.539,8.7
9/3/19,1:09:21 PM,0,10.545,8.7
9/3/19,1:39:21 PM,0,10.55,8.7
9/3/19,2:09:21 PM,0,10.556,8.7
9/3/19,2:39:21 PM,0,10.559,8.7
9/3/19,3:09:21 PM,0,10.563,8.7
9/3/19,3:39:21 PM,0,10.571,8.7
9/3/19,4:09:21 PM,0,10.574,8.7
9/3/19,4:39:21 PM,0,10.58,8.7
9/3/19,5:09:21 PM,0,10.584,8.7
9/3/19,5:39:21 PM,0,10.589,8.7
9/3/19,6:09:21 PM,0,10.593,8.7
9/3/19,6:39:21 PM,0,10.598,8.7
9/3/19,7:09:21 PM,0,10.602,8.7
9/3/19,7:39:21 PM,0,10.608,8.7
9/3/19,8:09:21 PM,0,10.613,8.7
9/3/19,8:39:21 PM,0,10.617,8.7
9/3/19,9:09:21 PM,0,10.62,8.7
9/3/19,9:39:21 PM,0,10.625,8.7
9/3/19,10:09:21 PM,0,10.631,8.7
9/3/19,10:39:21 PM,0,10.632,8.7
9/3/19,11:09:21 PM,0,10.637,8.7
9/3/19,11:39:21 PM,0,10.638,8.7
9/4/19,12:09:21 AM,0,10.643,8.7
9/4/19,12:39:21 AM,0,10.646,8.7
9/4/19,1:09:21 AM,0,10.647,8.7
9/4/19,1:39:21 AM,0,10.652,8.7
9/4/19,2:09:21 AM,0,10.653,8.7
9/4/19,2:39:21 AM,0,10.655,8.7
9/4/19,3:09:21 AM,0,10.655,8.7
9/4/19,3:39:21 AM,0,10.656,8.7
9/4/19,4:09:21 AM,0,10.659,8.7
9/4/19,4:39:21 AM,0,10.659,8.7
9/4/19,5:09:21 AM,0,10.662,8.7
9/4/19,5:39:21 AM,0,10.664,8.7
9/4/19,6:09:21 AM,0,10.671,8.7
9/4/19,6:39:21 AM,0,10.674,8.7
9/4/19,7:09:21 AM,0,10.677,8.7
9/4/19,7:39:21 AM,0,10.676,8.7
9/4/19,8:09:21 AM,0,10.679,8.7
9/4/19,8:39:21 AM,0,10.68,8.7
9/4/19,9:09:21 AM,0,10.68,8.7
9/4/19,9:39:21 AM,0,10.679,8.7
9/4/19,10:09:21 AM,0,10.679,8.7
9/4/19,10:39:21 AM,0,10.677,8.7
9/4/19,11:09:21 AM,0,10.676,8.7
9/4/19,11:39:21 AM,0,10.676,8.7
9/4/19,12:09:21 PM,0,10.674,8.7
9/4/19,12:39:21 PM,0,10.674,8.7
9/4/19,1:09:21 PM,0,10.671,8.7
9/4/19,1:39:21 PM,0,10.673,8.7
9/4/19,2:09:21 PM,0,10.67,8.7
9/4/19,2:39:21 PM,0,10.665,8.7
9/4/19,3:09:21 PM,0,10.662,8.7
9/4/19,3:39:21 PM,0,10.659,8.7
9/4/19,4:09:21 PM,0,10.656,8.7
9/4/19,4:39:21 PM,0,10.653,8.7
9/4/19,5:09:21 PM,0,10.653,8.7
9/4/19,5:39:21 PM,0,10.65,8.7
9/4/19,6:09:21 PM,0,10.647,8.7
9/4/19,6:39:21 PM,0,10.647,8.7
9/4/19,7:09:21 PM,0,10.644,8.7
9/4/19,7:39:21 PM,0,10.646,8.7
9/4/19,8:09:21 PM,0,10.644,8.7
9/4/19,8:39:21 PM,0,10.644,8.7
9/4/19,9:09:21 PM,0,10.641,8.7
9/4/19,9:39:21 PM,0,10.643,8.7
9/4/19,10:09:21 PM,0,10.643,8.7
9/4/19,10:39:21 PM,0,10.644,8.7
9/4/19,11:09:21 PM,0,10.644,8.7
9/4/19,11:39:21 PM,0,10.647,8.7
9/5/19,12:09:21 AM,0,10.647,8.7
9/5/19,12:39:21 AM,0,10.644,8.7
9/5/19,1:09:21 AM,0,10.641,8.7
9/5/19,1:39:21 AM,0,10.641,8.7
9/5/19,2:09:21 AM,0,10.638,8.7
9/5/19,2:39:21 AM,0,10.631,8.7
9/5/19,3:09:21 AM,0,10.628,8.7
9/5/19,3:39:21 AM,0,10.626,8.7
9/5/19,4:09:21 AM,0,10.625,8.7
9/5/19,4:39:21 AM,0,10.628,8.7
9/5/19,5:09:21 AM,0,10.626,8.7
9/5/19,5:39:21 AM,0,10.646,8.7
9/5/19,6:09:21 AM,0,10.643,8.7
9/5/19,6:39:21 AM,0,10.623,8.7
9/5/19,7:09:21 AM,0,10.623,8.7
9/5/19,7:39:21 AM,0,10.608,8.7
9/5/19,8:09:21 AM,0,10.614,8.7
9/5/19,8:39:21 AM,0,10.604,8.7
9/5/19,9:09:21 AM,0,10.602,8.7
9/5/19,9:39:21 AM,0,10.601,8.7
9/5/19,10:09:21 AM,0,10.601,8.7
9/5/19,10:39:21 AM,0,10.601,8.7
9/5/19,11:09:21 AM,0,10.598,8.7
9/5/19,11:39:21 AM,0,10.596,8.7
9/5/19,12:09:21 PM,0,10.595,8.7
9/5/19,12:39:21 PM,0,10.595,8.7
9/5/19,1:09:21 PM,0,10.598,8.7
9/5/19,1:39:21 PM,0,10.598,8.7
9/5/19,2:09:21 PM,0,10.596,8.7
9/5/19,2:39:21 PM,0,10.596,8.7
9/5/19,3:09:21 PM,0,10.595,8.7
9/5/19,3:39:21 PM,0,10.592,8.7
9/5/19,4:09:21 PM,0,10.589,8.7
9/5/19,4:39:21 PM,0,10.59,8.7
9/5/19,5:09:21 PM,0,10.592,8.7
9/5/19,5:39:21 PM,0,10.593,8.7
9/5/19,6:09:21 PM,0,10.595,8.7
9/5/19,6:39:21 PM,0,10.598,8.7
9/5/19,7:09:21 PM,0,10.599,8.7
9/5/19,7:39:21 PM,0,10.599,8.7
9/5/19,8:09:21 PM,0,10.602,8.7
9/5/19,8:39:21 PM,0,10.605,8.7
9/5/19,9:09:21 PM,0,10.608,8.7
9/5/19,9:39:21 PM,0,10.613,8.7
9/5/19,10:09:21 PM,0,10.614,8.7
9/5/19,10:39:21 PM,0,10.619,8.7
9/5/19,11:09:21 PM,0,10.619,8.7
9/5/19,11:39:21 PM,0,10.62,8.7
9/6/19,12:09:21 AM,0,10.623,8.7
9/6/19,12:39:21 AM,0,10.629,8.7
9/6/19,1:09:21 AM,0,10.632,8.7
9/6/19,1:39:21 AM,0,10.635,8.7
9/6/19,2:09:21 AM,0,10.637,8.7
9/6/19,2:39:21 AM,0,10.64,8.7
9/6/19,3:09:21 AM,0,10.643,8.7
9/6/19,3:39:21 AM,0,10.644,8.7
9/6/19,4:09:21 AM,0,10.647,8.7
9/6/19,4:39:21 AM,0,10.649,8.7
9/6/19,5:09:21 AM,0,10.652,8.7
9/6/19,5:39:21 AM,0,10.653,8.7
9/6/19,6:09:21 AM,0,10.655,8.7
9/6/19,6:39:21 AM,0,10.658,8.7
9/6/19,7:09:21 AM,0,10.658,8.7
9/6/19,7:39:21 AM,0,10.661,8.7
9/6/19,8:09:21 AM,0,10.661,8.7
9/6/19,8:39:21 AM,0,10.664,8.7
9/6/19,9:09:21 AM,0,10.664,8.7
9/6/19,9:39:21 AM,0,10.665,8.7
9/6/19,10:09:21 AM,0,10.665,8.7
9/6/19,10:39:21 AM,0,10.662,8.7
9/6/19,11:09:21 AM,0,10.659,8.7
9/6/19,11:39:21 AM,0,10.656,8.7
9/6/19,12:09:21 PM,0,10.653,8.7
9/6/19,12:39:21 PM,0,10.652,8.7
9/6/19,1:09:21 PM,0,10.649,8.7
9/6/19,1:39:21 PM,0,10.647,8.7
9/6/19,2:09:21 PM,0,10.641,8.7
9/6/19,2:39:21 PM,0,10.641,8.7
9/6/19,3:09:21 PM,0,10.647,8.7
9/6/19,3:39:21 PM,0,10.652,8.7
9/6/19,4:09:21 PM,0,10.652,8.7
9/6/19,4:39:21 PM,0,10.649,8.7
9/6/19,5:09:21 PM,0,10.647,8.7
9/6/19,5:39:21 PM,0,10.646,8.7
9/6/19,6:09:21 PM,0,10.646,8.7
9/6/19,6:39:21 PM,0,10.644,8.7
9/6/19,7:09:21 PM,0,10.644,8.7
9/6/19,7:39:21 PM,0,10.644,8.7
9/6/19,8:09:21 PM,0,10.647,8.7
9/6/19,8:39:21 PM,0,10.65,8.7
9/6/19,9:09:21 PM,0,10.65,8.7
9/6/19,9:39:21 PM,0,10.65,8.7
9/6/19,10:09:21 PM,0,10.649,8.7
9/6/19,10:39:21 PM,0,10.65,8.7
9/6/19,11:09:21 PM,0,10.649,8.7
9/6/19,11:39:21 PM,0,10.649,8.7
9/7/19,12:09:21 AM,0,10.649,8.7
9/7/19,12:39:21 AM,0,10.65,8.7
9/7/19,1:09:21 AM,0,10.65,8.7
9/7/19,1:39:21 AM,0,10.65,8.7
9/7/19,2:09:21 AM,0,10.652,8.7
9/7/19,2:39:21 AM,0,10.653,8.7
9/7/19,3:09:21 AM,0,10.658,8.7
9/7/19,3:39:21 AM,0,10.658,8.7
9/7/19,4:09:21 AM,0,10.656,8.7
9/7/19,4:39:21 AM,0,10.658,8.7
9/7/19,5:09:21 AM,0,10.659,8.7
9/7/19,5:39:21 AM,0,10.656,8.7
9/7/19,6:09:21 AM,0,10.659,8.7
9/7/19,6:39:21 AM,0,10.662,8.7
9/7/19,7:09:21 AM,0,10.662,8.7
9/7/19,7:39:21 AM,0,10.662,8.7
9/7/19,8:09:21 AM,0,10.664,8.7
9/7/19,8:39:21 AM,0,10.665,8.7
9/7/19,9:09:21 AM,0,10.67,8.7
9/7/19,9:39:21 AM,0,10.67,8.7
9/7/19,10:09:21 AM,0,10.671,8.7
9/7/19,10:39:21 AM,0,10.671,8.7
9/7/19,11:09:21 AM,0,10.673,8.7
9/7/19,11:39:21 AM,0,10.674,8.7
9/7/19,12:09:21 PM,0,10.673,8.7
9/7/19,12:39:21 PM,0,10.671,8.7
9/7/19,1:09:21 PM,0,10.671,8.7
9/7/19,1:39:21 PM,0,10.67,8.7
9/7/19,2:09:21 PM,0,10.671,8.7
9/7/19,2:39:21 PM,0,10.671,8.7
9/7/19,3:09:21 PM,0,10.671,8.7
9/7/19,3:39:21 PM,0,10.67,8.7
9/7/19,4:09:21 PM,0,10.67,8.7
9/7/19,4:39:21 PM,0,10.67,8.7
9/7/19,5:09:21 PM,0,10.671,8.7
9/7/19,5:39:21 PM,0,10.67,8.7
9/7/19,6:09:21 PM,0,10.67,8.7
9/7/19,6:39:21 PM,0,10.67,8.7
9/7/19,7:09:21 PM,0,10.67,8.7
9/7/19,7:39:21 PM,0,10.671,8.7
9/7/19,8:09:21 PM,0,10.673,8.7
9/7/19,8:39:21 PM,0,10.676,8.7
9/7/19,9:09:21 PM,0,10.679,8.7
9/7/19,9:39:21 PM,0,10.682,8.7
9/7/19,10:09:21 PM,0,10.682,8.7
9/7/19,10:39:21 PM,0,10.683,8.7
9/7/19,11:09:21 PM,0,10.683,8.7
9/7/19,11:39:21 PM,0,10.683,8.7
9/8/19,12:09:21 AM,0,10.682,8.7
9/8/19,12:39:21 AM,0,10.682,8.7
9/8/19,1:09:21 AM,0,10.682,8.7
9/8/19,1:39:21 AM,0,10.68,8.7
9/8/19,2:09:21 AM,0,10.677,8.7
9/8/19,2:39:21 AM,0,10.676,8.7
9/8/19,3:09:21 AM,0,10.679,8.7
9/8/19,3:39:21 AM,0,10.68,8.7
9/8/19,4:09:21 AM,0,10.682,8.7
9/8/19,4:39:21 AM,0,10.682,8.7
9/8/19,5:09:21 AM,0,10.682,8.7
9/8/19,5:39:21 AM,0,10.682,8.7
9/8/19,6:09:21 AM,0,10.683,8.7
9/8/19,6:39:21 AM,0,10.685,8.7
9/8/19,7:09:21 AM,0,10.688,8.7
9/8/19,7:39:21 AM,0,10.689,8.7
9/8/19,8:09:21 AM,0,10.691,8.7
9/8/19,8:39:21 AM,0,10.692,8.7
9/8/19,9:09:21 AM,0,10.691,8.7
9/8/19,9:39:21 AM,0,10.689,8.7
9/8/19,10:09:21 AM,0,10.688,8.7
9/8/19,10:39:21 AM,0,10.688,8.7
9/8/19,11:09:21 AM,0,10.688,8.7
9/8/19,11:39:21 AM,0,10.685,8.7
9/8/19,12:09:21 PM,0,10.685,8.7
9/8/19,12:39:21 PM,0,10.683,8.7
9/8/19,1:09:21 PM,0,10.68,8.7
9/8/19,1:39:21 PM,0,10.679,8.7
9/8/19,2:09:21 PM,0,10.676,8.7
9/8/19,2:39:21 PM,0,10.676,8.7
9/8/19,3:09:21 PM,0,10.676,8.7
9/8/19,3:39:21 PM,0,10.674,8.7
9/8/19,4:09:21 PM,0,10.674,8.7
9/8/19,4:39:21 PM,0,10.673,8.7
9/8/19,5:09:21 PM,0,10.671,8.7
9/8/19,5:39:21 PM,0,10.671,8.7
9/8/19,6:09:21 PM,0,10.668,8.7
9/8/19,6:39:21 PM,0,10.67,8.7
9/8/19,7:09:21 PM,0,10.664,8.7
9/8/19,7:39:21 PM,0,10.667,8.7
9/8/19,8:09:21 PM,0,10.667,8.7
9/8/19,8:39:21 PM,0,10.671,8.7
9/8/19,9:09:21 PM,0,10.673,8.7
9/8/19,9:39:21 PM,0,10.673,8.7
9/8/19,10:09:21 PM,0,10.673,8.7
9/8/19,10:39:21 PM,0,10.674,8.7
9/8/19,11:09:21 PM,0,10.673,8.7
9/8/19,11:39:21 PM,0,10.677,8.7
9/9/19,12:09:21 AM,0,10.679,8.7
9/9/19,12:39:21 AM,0,10.679,8.7
9/9/19,1:09:21 AM,0,10.682,8.7
9/9/19,1:39:21 AM,0,10.679,8.7
9/9/19,2:09:21 AM,0,10.679,8.7
9/9/19,2:39:21 AM,0,10.679,8.7
9/9/19,3:09:21 AM,0,10.676,8.7
9/9/19,3:39:21 AM,0,10.674,8.7
9/9/19,4:09:21 AM,0,10.668,8.7
9/9/19,4:39:21 AM,0,10.668,8.7
9/9/19,5:09:21 AM,0,10.665,8.7
9/9/19,5:39:21 AM,0,10.665,8.7
9/9/19,6:09:21 AM,0,10.667,8.7
9/9/19,6:39:21 AM,0,10.661,8.7
9/9/19,7:09:21 AM,0,10.661,8.7
9/9/19,7:39:21 AM,0,10.658,8.7
9/9/19,8:09:21 AM,0,10.661,8.7
9/9/19,8:39:21 AM,0,10.662,8.7
9/9/19,9:09:21 AM,0,10.658,8.7
9/9/19,9:39:21 AM,0,10.656,8.7
9/9/19,10:09:21 AM,0,10.652,8.7
9/9/19,10:39:21 AM,0,10.649,8.7
9/9/19,11:09:21 AM,0,10.643,8.7
9/9/19,11:39:21 AM,0,10.647,8.7
9/9/19,12:09:21 PM,0,10.643,8.7
9/9/19,12:39:21 PM,0,10.643,8.7
9/9/19,1:09:21 PM,0,10.637,8.7
9/9/19,1:39:21 PM,0,10.629,8.7
9/9/19,2:09:21 PM,0,10.625,8.7
9/9/19,2:39:21 PM,0,10.631,8.7
9/9/19,3:09:21 PM,0,10.635,8.7
9/9/19,3:39:21 PM,0,10.661,8.7
9/9/19,4:09:21 PM,0,10.662,8.7
9/9/19,4:39:21 PM,0,10.661,8.7
9/9/19,5:09:21 PM,0,10.65,8.7
9/9/19,5:39:21 PM,0,10.646,8.7
9/9/19,6:09:21 PM,0,10.64,8.7
9/9/19,6:39:21 PM,0,10.631,8.7
9/9/19,7:09:21 PM,0,10.631,8.7
9/9/19,7:39:21 PM,0,10.626,8.7
9/9/19,8:09:21 PM,0,10.631,8.7
9/9/19,8:39:21 PM,0,10.637,8.7
9/9/19,9:09:21 PM,0,10.632,8.7
9/9/19,9:39:21 PM,0,10.637,8.7
9/9/19,10:09:21 PM,0,10.637,8.7
9/9/19,10:39:21 PM,0,10.632,8.7
9/9/19,11:09:21 PM,0,10.632,8.7
9/9/19,11:39:21 PM,0,10.629,8.7
9/10/19,12:09:21 AM,0,10.629,8.7
9/10/19,12:39:21 AM,0,10.626,8.7
9/10/19,1:09:21 AM,0,10.628,8.7
9/10/19,1:39:21 AM,0,10.622,8.7
9/10/19,2:09:21 AM,0,10.62,8.7
9/10/19,2:39:21 AM,0,10.619,8.7
9/10/19,3:09:21 AM,0,10.62,8.7
9/10/19,3:39:21 AM,0,10.617,8.7
9/10/19,4:09:21 AM,0,10.619,8.7
9/10/19,4:39:21 AM,0,10.619,8.7
9/10/19,5:09:21 AM,0,10.619,8.7
9/10/19,5:39:21 AM,0,10.62,8.7
9/10/19,6:09:21 AM,0,10.623,8.7
9/10/19,6:39:21 AM,0,10.625,8.7
9/10/19,7:09:21 AM,0,10.629,8.7
9/10/19,7:39:21 AM,0,10.632,8.7
9/10/19,8:09:21 AM,0,10.634,8.7
9/10/19,8:39:21 AM,0,10.638,8.7
9/10/19,9:09:21 AM,0,10.64,8.7
9/10/19,9:39:21 AM,0,10.646,8.7
9/10/19,10:09:21 AM,0,10.65,8.7
9/10/19,10:39:21 AM,0,10.65,8.7
9/10/19,11:09:21 AM,0,10.655,8.7
9/10/19,11:39:21 AM,0,10.661,8.7
9/10/19,12:09:21 PM,0,10.664,8.7
9/10/19,12:39:21 PM,0,10.665,8.7
9/10/19,1:09:21 PM,0,10.668,8.7
9/10/19,1:39:21 PM,0,10.671,8.7
9/10/19,2:09:21 PM,0,10.674,8.7
9/10/19,2:39:21 PM,0,10.68,8.7
9/10/19,3:09:21 PM,0,10.683,8.7
9/10/19,3:39:21 PM,0,10.688,8.7
9/10/19,4:09:21 PM,0,10.691,8.7
9/10/19,4:39:21 PM,0,10.692,8.7
9/10/19,5:09:21 PM,0,10.695,8.7
9/10/19,5:39:21 PM,0,10.7,8.7
9/10/19,6:09:21 PM,0,10.7,8.7
9/10/19,6:39:21 PM,0,10.701,8.7
9/10/19,7:09:21 PM,0,10.703,8.7
9/10/19,7:39:21 PM,0,10.706,8.7
9/10/19,8:09:21 PM,0,10.709,8.7
9/10/19,8:39:21 PM,0,10.713,8.7
9/10/19,9:09:21 PM,0,10.713,8.7
9/10/19,9:39:21 PM,0,10.715,8.7
9/10/19,10:09:21 PM,0,10.716,8.7
9/10/19,10:39:21 PM,0,10.722,8.7
9/10/19,11:09:21 PM,0,10.721,8.7
9/10/19,11:39:21 PM,0,10.719,8.7
9/11/19,12:09:21 AM,0,10.722,8.7
9/11/19,12:39:21 AM,0,10.73,8.7
9/11/19,1:09:21 AM,0,10.728,8.7
9/11/19,1:39:21 AM,0,10.73,8.7
9/11/19,2:09:21 AM,0,10.728,8.7
9/11/19,2:39:21 AM,0,10.724,8.7
9/11/19,3:09:21 AM,0,10.727,8.7
9/11/19,3:39:21 AM,0,10.728,8.7
9/11/19,4:09:21 AM,0,10.727,8.7
9/11/19,4:39:21 AM,0,10.724,8.7
9/11/19,5:09:21 AM,0,10.722,8.7
9/11/19,5:39:21 AM,0,10.725,8.7
9/11/19,6:09:21 AM,0,10.728,8.7
9/11/19,6:39:21 AM,0,10.73,8.7
9/11/19,7:09:21 AM,0,10.731,8.7
9/11/19,7:39:21 AM,0,10.737,8.7
9/11/19,8:09:21 AM,0,10.736,8.7
9/11/19,8:39:21 AM,0,10.736,8.7
9/11/19,9:09:21 AM,0,10.737,8.7
9/11/19,9:39:21 AM,0,10.74,8.7
9/11/19,10:09:21 AM,0,10.742,8.7
9/11/19,10:39:21 AM,0,10.737,8.7
9/11/19,11:09:21 AM,0,10.739,8.7
9/11/19,11:39:21 AM,0,10.739,8.7
9/11/19,12:09:21 PM,0,10.737,8.7
9/11/19,12:39:21 PM,0,10.739,8.7
9/11/19,1:09:21 PM,0,10.743,8.7
9/11/19,1:39:21 PM,0,10.746,8.7
9/11/19,2:09:21 PM,0,10.743,8.7
9/11/19,2:39:21 PM,0,10.746,8.7
9/11/19,3:09:21 PM,0,10.746,8.7
9/11/19,3:39:21 PM,0,10.748,8.7
9/11/19,4:09:21 PM,0,10.746,8.7
9/11/19,4:39:21 PM,0,10.748,8.7
9/11/19,5:09:21 PM,0,10.749,8.7
9/11/19,5:39:21 PM,0,10.748,8.7
9/11/19,6:09:21 PM,0,10.746,8.7
9/11/19,6:39:21 PM,0,10.749,8.7
9/11/19,7:09:21 PM,0,10.749,8.7
9/11/19,7:39:21 PM,0,10.751,8.7
9/11/19,8:09:21 PM,0,10.755,8.7
9/11/19,8:39:21 PM,0,10.755,8.7
9/11/19,9:09:21 PM,0,10.757,8.7
9/11/19,9:39:21 PM,0,10.757,8.7
9/11/19,10:09:21 PM,0,10.758,8.7
9/11/19,10:39:21 PM,0,10.755,8.7
9/11/19,11:09:21 PM,0,10.751,8.7
9/11/19,11:39:21 PM,0,10.752,8.7
9/12/19,12:09:21 AM,0,10.751,8.7
9/12/19,12:39:21 AM,0,10.748,8.7
9/12/19,1:09:21 AM,0,10.754,8.7
9/12/19,1:39:21 AM,0,10.751,8.7
9/12/19,2:09:21 AM,0,10.749,8.7
9/12/19,2:39:21 AM,0,10.746,8.7
9/12/19,3:09:21 AM,0,10.739,8.7
9/12/19,3:39:21 AM,0,10.739,8.7
9/12/19,4:09:21 AM,0,10.742,8.7
9/12/19,4:39:21 AM,0,10.742,8.7
9/12/19,5:09:21 AM,0,10.743,8.7
9/12/19,5:39:21 AM,0,10.743,8.7
9/12/19,6:09:21 AM,0,10.743,8.7
9/12/19,6:39:21 AM,0,10.737,8.7
9/12/19,7:09:21 AM,0,10.733,8.7
9/12/19,7:39:21 AM,0,10.731,8.7
9/12/19,8:09:21 AM,0,10.727,8.7
9/12/19,8:39:21 AM,0,10.721,8.7
9/12/19,9:09:21 AM,0,10.715,8.7
9/12/19,9:39:21 AM,0,10.709,8.7
9/12/19,10:09:21 AM,0,10.706,8.7
9/12/19,10:39:21 AM,0,10.704,8.7
9/12/19,11:09:21 AM,0,10.701,8.7
9/12/19,11:39:21 AM,0,10.697,8.7
9/12/19,12:09:21 PM,0,10.695,8.7
9/12/19,12:39:21 PM,0,10.694,8.7
9/12/19,1:09:21 PM,0,10.694,8.7
9/12/19,1:39:21 PM,0,10.695,8.7
9/12/19,2:09:21 PM,0,10.689,8.7
9/12/19,2:39:21 PM,0,10.682,8.7
9/12/19,3:09:21 PM,0,10.676,8.7
9/12/19,3:39:21 PM,0,10.671,8.7
9/12/19,4:09:21 PM,0,10.667,8.7
9/12/19,4:39:21 PM,0,10.664,8.7
9/12/19,5:09:21 PM,0,10.658,8.7
9/12/19,5:39:21 PM,0,10.655,8.7
9/12/19,6:09:21 PM,0,10.652,8.7
9/12/19,6:39:21 PM,0,10.65,8.7
9/12/19,7:09:21 PM,0,10.652,8.7
9/12/19,7:39:21 PM,0,10.649,8.7
9/12/19,8:09:21 PM,0,10.644,8.7
9/12/19,8:39:21 PM,0,10.64,8.7
9/12/19,9:09:21 PM,0,10.641,8.7
9/12/19,9:39:21 PM,0,10.637,8.7
9/12/19,10:09:21 PM,0,10.632,8.7
9/12/19,10:39:21 PM,0,10.631,8.7
9/12/19,11:09:21 PM,0,10.626,8.7
9/12/19,11:39:21 PM,0,10.62,8.7
9/13/19,12:09:21 AM,0,10.614,8.7
9/13/19,12:39:21 AM,0,10.611,8.7
9/13/19,1:09:21 AM,0,10.607,8.7
9/13/19,1:39:21 AM,0,10.604,8.7
9/13/19,2:09:21 AM,0,10.602,8.7
9/13/19,2:39:21 AM,0,10.599,8.7
9/13/19,3:09:21 AM,0,10.596,8.7
9/13/19,3:39:21 AM,0,10.595,8.7
9/13/19,4:09:21 AM,0,10.595,8.7
9/13/19,4:39:21 AM,0,10.593,8.7
9/13/19,5:09:21 AM,0,10.593,8.7
9/13/19,5:39:21 AM,0,10.595,8.7
9/13/19,6:09:21 AM,0,10.596,8.7
9/13/19,6:39:21 AM,0,10.595,8.7
9/13/19,7:09:21 AM,0,10.596,8.7
9/13/19,7:39:21 AM,0,10.598,8.7
9/13/19,8:09:21 AM,0,10.599,8.7
9/13/19,8:39:21 AM,0,10.602,8.7
9/13/19,9:09:21 AM,0,10.605,8.7
9/13/19,9:39:21 AM,0,10.611,8.7
9/13/19,10:09:21 AM,0,10.614,8.7
9/13/19,10:39:21 AM,0,10.616,8.7
9/13/19,11:09:21 AM,0,10.622,8.7
9/13/19,11:39:21 AM,0,10.625,8.7
9/13/19,12:09:21 PM,0,10.628,8.7
9/13/19,12:39:21 PM,0,10.632,8.7
9/13/19,1:09:21 PM,0,10.634,8.7
9/13/19,1:39:21 PM,0,10.637,8.7
9/13/19,2:09:21 PM,0,10.638,8.7
9/13/19,2:39:21 PM,0,10.64,8.7
9/13/19,3:09:21 PM,0,10.643,8.7
9/13/19,3:39:21 PM,0,10.647,8.7
9/13/19,4:09:21 PM,0,10.649,8.7
9/13/19,4:39:21 PM,0,10.652,8.7
9/13/19,5:09:21 PM,0,10.655,8.7
9/13/19,5:39:21 PM,0,10.658,8.7
9/13/19,6:09:21 PM,0,10.661,8.7
9/13/19,6:39:21 PM,0,10.661,8.7
9/13/19,7:09:21 PM,0,10.664,8.7
9/13/19,7:39:21 PM,0,10.667,8.7
9/13/19,8:09:21 PM,0,10.668,8.7
9/13/19,8:39:21 PM,0,10.67,8.7
9/13/19,9:09:21 PM,0,10.673,8.7
9/13/19,9:39:21 PM,0,10.673,8.7
9/13/19,10:09:21 PM,0,10.676,8.7
9/13/19,10:39:21 PM,0,10.679,8.7
9/13/19,11:09:21 PM,0,10.68,8.7
9/13/19,11:39:21 PM,0,10.683,8.7
9/14/19,12:09:21 AM,0,10.688,8.7
9/14/19,12:39:21 AM,0,10.689,8.7
9/14/19,1:09:21 AM,0,10.691,8.7
9/14/19,1:39:21 AM,0,10.692,8.7
9/14/19,2:09:21 AM,0,10.694,8.7
9/14/19,2:39:21 AM,0,10.694,8.7
9/14/19,3:09:21 AM,0,10.692,8.7
9/14/19,3:39:21 AM,0,10.694,8.7
9/14/19,4:09:21 AM,0,10.695,8.7
9/14/19,4:39:21 AM,0,10.698,8.7
9/14/19,5:09:21 AM,0,10.698,8.7
9/14/19,5:39:21 AM,0,10.7,8.7
9/14/19,6:09:21 AM,0,10.701,8.7
9/14/19,6:39:21 AM,0,10.703,8.7
9/14/19,7:09:21 AM,0,10.704,8.7
9/14/19,7:39:21 AM,0,10.706,8.7
9/14/19,8:09:21 AM,0,10.707,8.7
9/14/19,8:39:21 AM,0,10.707,8.7
9/14/19,9:09:21 AM,0,10.709,8.7
9/14/19,9:39:21 AM,0,10.707,8.7
9/14/19,10:09:21 AM,0,10.709,8.7
9/14/19,10:39:21 AM,0,10.706,8.7
9/14/19,11:09:21 AM,0,10.703,8.7
9/14/19,11:39:21 AM,0,10.698,8.7
9/14/19,12:09:21 PM,0,10.698,8.7
9/14/19,12:39:21 PM,0,10.698,8.7
9/14/19,1:09:21 PM,0,10.697,8.7
9/14/19,1:39:21 PM,0,10.692,8.7
9/14/19,2:09:21 PM,0,10.691,8.7
9/14/19,2:39:21 PM,0,10.691,8.7
9/14/19,3:09:21 PM,0,10.692,8.7
9/14/19,3:39:21 PM,0,10.683,8.7
9/14/19,4:09:21 PM,0,10.676,8.7
9/14/19,4:39:21 PM,0,10.671,8.7
9/14/19,5:09:21 PM,0,10.668,8.7
9/14/19,5:39:21 PM,0,10.665,8.7
9/14/19,6:09:21 PM,0,10.668,8.7
9/14/19,6:39:21 PM,0,10.671,8.7
9/14/19,7:09:21 PM,0,10.671,8.7
9/14/19,7:39:21 PM,0,10.67,8.7
9/14/19,8:09:21 PM,0,10.67,8.7
9/14/19,8:39:21 PM,0,10.67,8.7
9/14/19,9:09:21 PM,0,10.67,8.7
9/14/19,9:39:21 PM,0,10.671,8.7
9/14/19,10:09:21 PM,0,10.671,8.7
9/14/19,10:39:21 PM,0,10.673,8.7
9/14/19,11:09:21 PM,0,10.671,8.7
9/14/19,11:39:21 PM,0,10.67,8.7
9/15/19,12:09:21 AM,0,10.67,8.7
9/15/19,12:39:21 AM,0,10.67,8.7
9/15/19,1:09:21 AM,0,10.668,8.7
9/15/19,1:39:21 AM,0,10.67,8.7
9/15/19,2:09:21 AM,0,10.668,8.7
9/15/19,2:39:21 AM,0,10.667,8.7
9/15/19,3:09:21 AM,0,10.665,8.7
9/15/19,3:39:21 AM,0,10.662,8.7
9/15/19,4:09:21 AM,0,10.661,8.7
9/15/19,4:39:21 AM,0,10.659,8.7
9/15/19,5:09:21 AM,0,10.662,8.7
9/15/19,5:39:21 AM,0,10.664,8.7
9/15/19,6:09:21 AM,0,10.665,8.7
9/15/19,6:39:21 AM,0,10.664,8.7
9/15/19,7:09:21 AM,0,10.665,8.7
9/15/19,7:39:21 AM,0,10.667,8.7
9/15/19,8:09:21 AM,0,10.667,8.7
9/15/19,8:39:21 AM,0,10.67,8.7
9/15/19,9:09:21 AM,0,10.671,8.7
9/15/19,9:39:21 AM,0,10.671,8.7
9/15/19,10:09:21 AM,0,10.67,8.7
9/15/19,10:39:21 AM,0,10.673,8.7
9/15/19,11:09:21 AM,0,10.676,8.7
9/15/19,11:39:21 AM,0,10.673,8.7
9/15/19,12:09:21 PM,0,10.673,8.7
9/15/19,12:39:21 PM,0,10.671,8.7
9/15/19,1:09:21 PM,0,10.67,8.7
9/15/19,1:39:21 PM,0,10.667,8.7
9/15/19,2:09:21 PM,0,10.665,8.7
9/15/19,2:39:21 PM,0,10.662,8.7
9/15/19,3:09:21 PM,0,10.659,8.7
9/15/19,3:39:21 PM,0,10.658,8.7
9/15/19,4:09:21 PM,0,10.658,8.7
9/15/19,4:39:21 PM,0,10.658,8.7
9/15/19,5:09:21 PM,0,10.658,8.7
9/15/19,5:39:21 PM,0,10.658,8.7
9/15/19,6:09:21 PM,0,10.658,8.7
9/15/19,6:39:21 PM,0,10.658,8.7
9/15/19,7:09:21 PM,0,10.658,8.7
9/15/19,7:39:21 PM,0,10.659,8.7
9/15/19,8:09:21 PM,0,10.662,8.7
9/15/19,8:39:21 PM,0,10.664,8.7
9/15/19,9:09:21 PM,0,10.664,8.7
9/15/19,9:39:21 PM,0,10.664,8.7
9/15/19,10:09:21 PM,0,10.665,8.7
9/15/19,10:39:21 PM,0,10.667,8.7
9/15/19,11:09:21 PM,0,10.668,8.7
9/15/19,11:39:21 PM,0,10.668,8.7
9/16/19,12:09:21 AM,0,10.67,8.7
9/16/19,12:39:21 AM,0,10.671,8.7
9/16/19,1:09:21 AM,0,10.673,8.7
9/16/19,1:39:21 AM,0,10.673,8.7
9/16/19,2:09:21 AM,0,10.674,8.7
9/16/19,2:39:21 AM,0,10.674,8.7
9/16/19,3:09:21 AM,0,10.674,8.7
9/16/19,3:39:21 AM,0,10.674,8.7
9/16/19,4:09:21 AM,0,10.674,8.7
9/16/19,4:39:21 AM,0,10.674,8.7
9/16/19,5:09:21 AM,0,10.673,8.7
9/16/19,5:39:21 AM,0,10.673,8.7
9/16/19,6:09:21 AM,0,10.673,8.7
9/16/19,6:39:21 AM,0,10.674,8.7
9/16/19,7:09:21 AM,0,10.674,8.7
9/16/19,7:39:21 AM,0,10.674,8.7
9/16/19,8:09:21 AM,0,10.676,8.7
9/16/19,8:39:21 AM,0,10.676,8.7
9/16/19,9:09:21 AM,0,10.674,8.7
9/16/19,9:39:21 AM,0,10.673,8.7
9/16/19,10:09:21 AM,0,10.67,8.7
9/16/19,10:39:21 AM,0,10.668,8.7
9/16/19,11:09:21 AM,0,10.665,8.7
9/16/19,11:39:21 AM,0,10.662,8.7
9/16/19,12:09:21 PM,0,10.661,8.7
9/16/19,12:39:21 PM,0,10.656,8.7
9/16/19,1:09:21 PM,0,10.653,8.7
9/16/19,1:39:21 PM,0,10.652,8.7
9/16/19,2:09:21 PM,0,10.646,8.7
9/16/19,2:39:21 PM,0,10.644,8.7
9/16/19,3:09:21 PM,0,10.644,8.7
9/16/19,3:39:21 PM,0,10.643,8.7
9/16/19,4:09:21 PM,0,10.643,8.7
9/16/19,4:39:21 PM,0,10.641,8.7
9/16/19,5:09:21 PM,0,10.641,8.7
9/16/19,5:39:21 PM,0,10.64,8.7
9/16/19,6:09:21 PM,0,10.64,8.7
9/16/19,6:39:21 PM,0,10.64,8.7
9/16/19,7:09:21 PM,0,10.641,8.7
9/16/19,7:39:21 PM,0,10.643,8.7
9/16/19,8:09:21 PM,0,10.643,8.7
9/16/19,8:39:21 PM,0,10.644,8.7
9/16/19,9:09:21 PM,0,10.646,8.7
9/16/19,9:39:21 PM,0,10.646,8.7
9/16/19,10:09:21 PM,0,10.647,8.7
9/16/19,10:39:21 PM,0,10.647,8.7
9/16/19,11:09:21 PM,0,10.647,8.7
9/16/19,11:39:21 PM,0,10.647,8.7
9/17/19,12:09:21 AM,0,10.649,8.7
9/17/19,12:39:21 AM,0,10.65,8.7
9/17/19,1:09:21 AM,0,10.65,8.7
9/17/19,1:39:21 AM,0,10.652,8.7
9/17/19,2:09:21 AM,0,10.652,8.7
9/17/19,2:39:21 AM,0,10.65,8.7
9/17/19,3:09:21 AM,0,10.65,8.7
9/17/19,3:39:21 AM,0,10.65,8.7
9/17/19,4:09:21 AM,0,10.65,8.7
9/17/19,4:39:21 AM,0,10.65,8.7
9/17/19,5:09:21 AM,0,10.65,8.7
9/17/19,5:39:21 AM,0,10.65,8.7
9/17/19,6:09:21 AM,0,10.652,8.7
9/17/19,6:39:21 AM,0,10.656,8.7
9/17/19,7:09:21 AM,0,10.656,8.7
9/17/19,7:39:21 AM,0,10.653,8.7
9/17/19,8:09:21 AM,0,10.656,8.7
9/17/19,8:39:21 AM,0,10.655,8.7
9/17/19,9:09:21 AM,0,10.652,8.7
9/17/19,9:39:21 AM,0,10.65,8.7
9/17/19,10:09:21 AM,0,10.653,8.7
9/17/19,10:39:21 AM,0,10.664,8.7
9/17/19,11:09:21 AM,0,10.656,8.7
9/17/19,11:39:21 AM,0,10.653,8.7
9/17/19,12:09:21 PM,0,10.65,8.7
9/17/19,12:39:21 PM,0,10.641,8.7
9/17/19,1:09:21 PM,0,10.643,8.7
9/17/19,1:39:21 PM,0,10.632,8.7
9/17/19,2:09:21 PM,0,10.626,8.7
9/17/19,2:39:21 PM,0,10.628,8.7
9/17/19,3:09:21 PM,0,10.623,8.7
9/17/19,3:39:21 PM,0,10.619,8.7
9/17/19,4:09:21 PM,0,10.616,8.7
9/17/19,4:39:21 PM,0,10.611,8.7
9/17/19,5:09:21 PM,0,10.608,8.7
9/17/19,5:39:21 PM,0,10.607,8.7
9/17/19,6:09:21 PM,0,10.607,8.7
9/17/19,6:39:21 PM,0,10.605,8.7
9/17/19,7:09:21 PM,0,10.604,8.7
9/17/19,7:39:21 PM,0,10.605,8.7
9/17/19,8:09:21 PM,0,10.607,8.7
9/17/19,8:39:21 PM,0,10.607,8.7
9/17/19,9:09:21 PM,0,10.608,8.7
9/17/19,9:39:21 PM,0,10.61,8.7
9/17/19,10:09:21 PM,0,10.611,8.7
9/17/19,10:39:21 PM,0,10.61,8.7
9/17/19,11:09:21 PM,0,10.608,8.7
9/17/19,11:39:21 PM,0,10.607,8.7
9/18/19,12:09:21 AM,0,10.605,8.7
9/18/19,12:39:21 AM,0,10.604,8.7
9/18/19,1:09:21 AM,0,10.602,8.7
9/18/19,1:39:21 AM,0,10.604,8.7
9/18/19,2:09:21 AM,0,10.601,8.7
9/18/19,2:39:21 AM,0,10.596,8.7
9/18/19,3:09:21 AM,0,10.593,8.7
9/18/19,3:39:21 AM,0,10.592,8.7
9/18/19,4:09:21 AM,0,10.59,8.7
9/18/19,4:39:21 AM,0,10.595,8.7
9/18/19,5:09:21 AM,0,10.599,8.7
9/18/19,5:39:21 AM,0,10.601,8.7
9/18/19,6:09:21 AM,0,10.598,8.7
9/18/19,6:39:21 AM,0,10.607,8.7
9/18/19,7:09:21 AM,0,10.611,8.7
9/18/19,7:39:21 AM,0,10.61,8.7
9/18/19,8:09:21 AM,0,10.61,8.7
9/18/19,8:39:21 AM,0,10.607,8.7
9/18/19,9:09:21 AM,0,10.61,8.7
9/18/19,9:39:21 AM,0,10.607,8.7
9/18/19,10:09:21 AM,0,10.602,8.7
9/18/19,10:39:21 AM,0,10.599,8.7
9/18/19,11:09:21 AM,0,10.595,8.7
9/18/19,11:39:21 AM,0,10.593,8.7
9/18/19,12:09:21 PM,0,10.589,8.7
9/18/19,12:39:21 PM,0,10.59,8.7
9/18/19,1:09:21 PM,0,10.592,8.7
9/18/19,1:39:21 PM,0,10.59,8.7
9/18/19,2:09:21 PM,0,10.592,8.7
9/18/19,2:39:21 PM,0,10.592,8.7
9/18/19,3:09:21 PM,0,10.587,8.7
9/18/19,3:39:21 PM,0,10.586,8.7
9/18/19,4:09:21 PM,0,10.587,8.7
9/18/19,4:39:21 PM,0,10.59,8.7
9/18/19,5:09:21 PM,0,10.593,8.7
9/18/19,5:39:21 PM,0,10.599,8.7
9/18/19,6:09:21 PM,0,10.604,8.7
9/18/19,6:39:21 PM,0,10.607,8.7
9/18/19,7:09:21 PM,0,10.61,8.7
9/18/19,7:39:21 PM,0,10.616,8.7
9/18/19,8:09:21 PM,0,10.619,8.7
9/18/19,8:39:21 PM,0,10.622,8.7
9/18/19,9:09:21 PM,0,10.623,8.7
9/18/19,9:39:21 PM,0,10.625,8.7
9/18/19,10:09:21 PM,0,10.625,8.7
9/18/19,10:39:21 PM,0,10.626,8.7
9/18/19,11:09:21 PM,0,10.629,8.7
9/18/19,11:39:21 PM,0,10.632,8.7
9/19/19,12:09:21 AM,0,10.632,8.7
9/19/19,12:39:21 AM,0,10.635,8.7
9/19/19,1:09:21 AM,0,10.638,8.7
9/19/19,1:39:21 AM,0,10.643,8.7
9/19/19,2:09:21 AM,0,10.644,8.7
9/19/19,2:39:21 AM,0,10.647,8.7
9/19/19,3:09:21 AM,0,10.647,8.7
9/19/19,3:39:21 AM,0,10.646,8.7
9/19/19,4:09:21 AM,0,10.647,8.7
9/19/19,4:39:21 AM,0,10.649,8.7
9/19/19,5:09:21 AM,0,10.65,8.7
9/19/19,5:39:21 AM,0,10.65,8.7
9/19/19,6:09:21 AM,0,10.653,8.7
9/19/19,6:39:21 AM,0,10.655,8.7
9/19/19,7:09:21 AM,0,10.661,8.7
9/19/19,7:39:21 AM,0,10.665,8.7
9/19/19,8:09:21 AM,0,10.674,8.7
9/19/19,8:39:21 AM,0,10.682,8.7
9/19/19,9:09:21 AM,0,10.683,8.7
9/19/19,9:39:21 AM,0,10.683,8.7
9/19/19,10:09:21 AM,0,10.682,8.7
9/19/19,10:39:21 AM,0,10.682,8.7
9/19/19,11:09:21 AM,0,10.682,8.7
9/19/19,11:39:21 AM,0,10.685,8.7
9/19/19,12:09:21 PM,0,10.686,8.7
9/19/19,12:39:21 PM,0,10.686,8.7
9/19/19,1:09:21 PM,0,10.683,8.7
9/19/19,1:39:21 PM,0,10.683,8.7
9/19/19,2:09:21 PM,0,10.679,8.7
9/19/19,2:39:21 PM,0,10.679,8.7
9/19/19,3:09:21 PM,0,10.677,8.7
9/19/19,3:39:21 PM,0,10.677,8.7
9/19/19,4:09:21 PM,0,10.676,8.7
9/19/19,4:39:21 PM,0,10.674,8.7
9/19/19,5:09:21 PM,0,10.676,8.7
9/19/19,5:39:21 PM,0,10.676,8.7
9/19/19,6:09:21 PM,0,10.679,8.7
9/19/19,6:39:21 PM,0,10.679,8.7
9/19/19,7:09:21 PM,0,10.68,8.7
9/19/19,7:39:21 PM,0,10.682,8.7
9/19/19,8:09:21 PM,0,10.686,8.7
9/19/19,8:39:21 PM,0,10.686,8.7
9/19/19,9:09:21 PM,0,10.688,8.7
9/19/19,9:39:21 PM,0,10.692,8.7
9/19/19,10:09:21 PM,0,10.695,8.7
9/19/19,10:39:21 PM,0,10.695,8.7
9/19/19,11:09:21 PM,0,10.695,8.7
9/19/19,11:39:21 PM,0,10.697,8.7
9/20/19,12:09:21 AM,0,10.695,8.7
9/20/19,12:39:21 AM,0,10.695,8.7
9/20/19,1:09:21 AM,0,10.694,8.7
9/20/19,1:39:21 AM,0,10.695,8.7
9/20/19,2:09:21 AM,0,10.7,8.7
9/20/19,2:39:21 AM,0,10.698,8.7
9/20/19,3:09:21 AM,0,10.698,8.7
9/20/19,3:39:21 AM,0,10.697,8.7
9/20/19,4:09:21 AM,0,10.695,8.7
9/20/19,4:39:21 AM,0,10.695,8.7
9/20/19,5:09:21 AM,0,10.695,8.7
9/20/19,5:39:21 AM,0,10.692,8.7
9/20/19,6:09:21 AM,0,10.691,8.7
9/20/19,6:39:21 AM,0,10.692,8.7
9/20/19,7:09:21 AM,0,10.691,8.7
9/20/19,7:39:21 AM,0,10.691,8.7
9/20/19,8:09:21 AM,0,10.689,8.7
9/20/19,8:39:21 AM,0,10.686,8.7
9/20/19,9:09:21 AM,0,10.68,8.7
9/20/19,9:39:21 AM,0,10.676,8.7
9/20/19,10:09:21 AM,0,10.677,8.7
9/20/19,10:39:21 AM,0,10.68,8.7
9/20/19,11:09:21 AM,0,10.679,8.7
9/20/19,11:39:21 AM,0,10.676,8.7
9/20/19,12:09:21 PM,0,10.679,8.7
9/20/19,12:39:21 PM,0,10.68,8.7
9/20/19,1:09:21 PM,0,10.674,8.7
9/20/19,1:39:21 PM,0,10.671,8.7
9/20/19,2:09:21 PM,0,10.67,8.7
9/20/19,2:39:21 PM,0,10.664,8.7
9/20/19,3:09:21 PM,0,10.661,8.7
9/20/19,3:39:21 PM,0,10.658,8.7
9/20/19,4:09:21 PM,0,10.655,8.7
9/20/19,4:39:21 PM,0,10.655,8.7
9/20/19,5:09:21 PM,0,10.652,8.7
9/20/19,5:39:21 PM,0,10.653,8.7
9/20/19,6:09:21 PM,0,10.652,8.7
9/20/19,6:39:21 PM,0,10.65,8.7
9/20/19,7:09:21 PM,0,10.646,8.7
9/20/19,7:39:21 PM,0,10.641,8.7
9/20/19,8:09:21 PM,0,10.643,8.7
9/20/19,8:39:21 PM,0,10.641,8.7
9/20/19,9:09:21 PM,0,10.632,8.7
9/20/19,9:39:21 PM,0,10.632,8.7
9/20/19,10:09:21 PM,0,10.634,8.7
9/20/19,10:39:21 PM,0,10.634,8.7
9/20/19,11:09:21 PM,0,10.631,8.7
9/20/19,11:39:21 PM,0,10.628,8.7
9/21/19,12:09:21 AM,0,10.625,8.7
9/21/19,12:39:21 AM,0,10.622,8.7
9/21/19,1:09:21 AM,0,10.62,8.7
9/21/19,1:39:21 AM,0,10.616,8.7
9/21/19,2:09:21 AM,0,10.611,8.7
9/21/19,2:39:21 AM,0,10.608,8.7
9/21/19,3:09:21 AM,0,10.602,8.7
9/21/19,3:39:21 AM,0,10.596,8.7
9/21/19,4:09:21 AM,0,10.592,8.7
9/21/19,4:39:21 AM,0,10.586,8.7
9/21/19,5:09:21 AM,0,10.584,8.7
9/21/19,5:39:21 AM,0,10.581,8.7
9/21/19,6:09:21 AM,0,10.575,8.7
9/21/19,6:39:21 AM,0,10.577,8.7
9/21/19,7:09:21 AM,0,10.577,8.7
9/21/19,7:39:21 AM,0,10.575,8.7
9/21/19,8:09:21 AM,0,10.577,8.7
9/21/19,8:39:21 AM,0,10.575,8.7
9/21/19,9:09:21 AM,0,10.58,8.7
9/21/19,9:39:21 AM,0,10.565,8.7
9/21/19,10:09:21 AM,0,10.566,8.7
9/21/19,10:39:21 AM,0,10.557,8.7
9/21/19,11:09:21 AM,0,10.565,8.7
9/21/19,11:39:21 AM,0,10.566,8.7
9/21/19,12:09:21 PM,0,10.566,8.7
9/21/19,12:39:21 PM,0,10.568,8.7
9/21/19,1:09:21 PM,0,10.568,8.7
9/21/19,1:39:21 PM,0,10.563,8.7
9/21/19,2:09:21 PM,0,10.56,8.7
9/21/19,2:39:21 PM,0,10.557,8.7
9/21/19,3:09:21 PM,0,10.556,8.7
9/21/19,3:39:21 PM,0,10.553,8.7
9/21/19,4:09:21 PM,0,10.551,8.7
9/21/19,4:39:21 PM,0,10.551,8.7
9/21/19,5:09:21 PM,0,10.553,8.7
9/21/19,5:39:21 PM,0,10.551,8.7
9/21/19,6:09:21 PM,0,10.554,8.7
9/21/19,6:39:21 PM,0,10.556,8.7
9/21/19,7:09:21 PM,0,10.559,8.8
9/21/19,7:39:21 PM,0,10.562,8.8
9/21/19,8:09:21 PM,0,10.565,8.8
9/21/19,8:39:21 PM,0,10.569,8.8
9/21/19,9:09:21 PM,0,10.571,8.8
9/21/19,9:39:21 PM,0,10.572,8.8
9/21/19,10:09:21 PM,0,10.571,8.8
9/21/19,10:39:21 PM,0,10.574,8.8
9/21/19,11:09:21 PM,0,10.574,8.8
9/21/19,11:39:21 PM,0,10.575,8.8
9/22/19,12:09:21 AM,0,10.581,8.8
9/22/19,12:39:21 AM,0,10.586,8.8
9/22/19,1:09:21 AM,0,10.592,8.8
9/22/19,1:39:21 AM,0,10.59,8.8
9/22/19,2:09:21 AM,0,10.595,8.8
9/22/19,2:39:21 AM,0,10.593,8.8
9/22/19,3:09:21 AM,0,10.593,8.8
9/22/19,3:39:21 AM,0,10.595,8.8
9/22/19,4:09:21 AM,0,10.596,8.8
9/22/19,4:39:21 AM,0,10.601,8.8
9/22/19,5:09:21 AM,0,10.596,8.8
9/22/19,5:39:21 AM,0,10.598,8.8
9/22/19,6:09:21 AM,0,10.601,8.8
9/22/19,6:39:21 AM,0,10.605,8.8
9/22/19,7:09:21 AM,0,10.607,8.8
9/22/19,7:39:21 AM,0,10.605,8.8
9/22/19,8:09:21 AM,0,10.607,8.8
9/22/19,8:39:21 AM,0,10.613,8.8
9/22/19,9:09:21 AM,0,10.616,8.8
9/22/19,9:39:21 AM,0,10.616,8.8
9/22/19,10:09:21 AM,0,10.616,8.8
9/22/19,10:39:21 AM,0,10.617,8.8
9/22/19,11:09:21 AM,0,10.617,8.8
9/22/19,11:39:21 AM,0,10.617,8.8
9/22/19,12:09:21 PM,0,10.62,8.8
9/22/19,12:39:21 PM,0,10.614,8.8
9/22/19,1:09:21 PM,0,10.616,8.8
9/22/19,1:39:21 PM,0,10.617,8.8
9/22/19,2:09:21 PM,0,10.616,8.8
9/22/19,2:39:21 PM,0,10.614,8.8
9/22/19,3:09:21 PM,0,10.614,8.8
9/22/19,3:39:21 PM,0,10.613,8.8
9/22/19,4:09:21 PM,0,10.61,8.8
9/22/19,4:39:21 PM,0,10.61,8.8
9/22/19,5:09:21 PM,0,10.611,8.8
9/22/19,5:39:21 PM,0,10.613,8.8
9/22/19,6:09:21 PM,0,10.614,8.8
9/22/19,6:39:21 PM,0,10.617,8.8
9/22/19,7:09:21 PM,0,10.617,8.8
9/22/19,7:39:21 PM,0,10.619,8.8
9/22/19,8:09:21 PM,0,10.62,8.8
9/22/19,8:39:21 PM,0,10.622,8.8
9/22/19,9:09:21 PM,0,10.622,8.8
9/22/19,9:39:21 PM,0,10.625,8.8
9/22/19,10:09:21 PM,0,10.626,8.8
9/22/19,10:39:21 PM,0,10.628,8.8
9/22/19,11:09:21 PM,0,10.626,8.8
9/22/19,11:39:21 PM,0,10.625,8.8
9/23/19,12:09:21 AM,0,10.623,8.8
9/23/19,12:39:21 AM,0,10.623,8.8
9/23/19,1:09:21 AM,0,10.625,8.8
9/23/19,1:39:21 AM,0,10.626,8.8
9/23/19,2:09:21 AM,0,10.628,8.8
9/23/19,2:39:21 AM,0,10.629,8.8
9/23/19,3:09:21 AM,0,10.629,8.8
9/23/19,3:39:21 AM,0,10.628,8.8
9/23/19,4:09:21 AM,0,10.628,8.8
9/23/19,4:39:21 AM,0,10.628,8.8
9/23/19,5:09:21 AM,0,10.629,8.8
9/23/19,5:39:21 AM,0,10.629,8.8
9/23/19,6:09:21 AM,0,10.629,8.8
9/23/19,6:39:21 AM,0,10.631,8.8
9/23/19,7:09:21 AM,0,10.632,8.8
9/23/19,7:39:21 AM,0,10.634,8.8
9/23/19,8:09:21 AM,0,10.635,8.8
9/23/19,8:39:21 AM,0,10.64,8.8
9/23/19,9:09:21 AM,0,10.641,8.8
9/23/19,9:39:21 AM,0,10.643,8.8
9/23/19,10:09:21 AM,0,10.644,8.8
9/23/19,10:39:21 AM,0,10.644,8.8
9/23/19,11:09:21 AM,0,10.646,8.8
9/23/19,11:39:21 AM,0,10.644,8.8
9/23/19,12:09:21 PM,0,10.644,8.8
9/23/19,12:39:21 PM,0,10.644,8.8
9/23/19,1:09:21 PM,0,10.643,8.8
9/23/19,1:39:21 PM,0,10.64,8.8
9/23/19,2:09:21 PM,0,10.635,8.8
9/23/19,2:39:21 PM,0,10.632,8.8
9/23/19,3:09:21 PM,0,10.632,8.8
9/23/19,3:39:21 PM,0,10.628,8.8
9/23/19,4:09:21 PM,0,10.629,8.8
9/23/19,4:39:21 PM,0,10.628,8.8
9/23/19,5:09:21 PM,0,10.626,8.8
9/23/19,5:39:21 PM,0,10.626,8.8
9/23/19,6:09:21 PM,0,10.623,8.8
9/23/19,6:39:21 PM,0,10.623,8.8
9/23/19,7:09:21 PM,0,10.623,8.8
9/23/19,7:39:21 PM,0,10.623,8.8
9/23/19,8:09:21 PM,0,10.623,8.8
9/23/19,8:39:21 PM,0,10.623,8.8
9/23/19,9:09:21 PM,0,10.623,8.8
9/23/19,9:39:21 PM,0,10.623,8.8
9/23/19,10:09:21 PM,0,10.622,8.8
9/23/19,10:39:21 PM,0,10.619,8.8
9/23/19,11:09:21 PM,0,10.617,8.8
9/23/19,11:39:21 PM,0,10.616,8.8
9/24/19,12:09:21 AM,0,10.614,8.9
9/24/19,12:39:21 AM,0,10.613,8.9
9/24/19,1:09:21 AM,0,10.608,8.9
9/24/19,1:39:21 AM,0,10.605,8.9
9/24/19,2:09:21 AM,0,10.602,8.9
9/24/19,2:39:21 AM,0,10.601,8.9
9/24/19,3:09:21 AM,0,10.598,8.9
9/24/19,3:39:21 AM,0,10.595,8.9
9/24/19,4:09:21 AM,0,10.593,8.9
9/24/19,4:39:21 AM,0,10.587,8.9
9/24/19,5:09:21 AM,0,10.586,8.9
9/24/19,5:39:21 AM,0,10.584,8.9
9/24/19,6:09:21 AM,0,10.58,8.9
9/24/19,6:39:21 AM,0,10.577,8.9
9/24/19,7:09:21 AM,0,10.577,8.9
9/24/19,7:39:21 AM,0,10.574,8.9
9/24/19,8:09:21 AM,0,10.571,8.9
9/24/19,8:39:21 AM,0,10.571,8.9
9/24/19,9:09:21 AM,0,10.566,8.9
9/24/19,9:39:21 AM,0,10.565,8.9
9/24/19,10:09:21 AM,0,10.562,8.9
9/24/19,10:39:21 AM,0,10.56,8.9
9/24/19,11:09:21 AM,0,10.56,8.9
9/24/19,11:39:21 AM,0,10.56,8.9
9/24/19,12:09:21 PM,0,10.563,8.9
9/24/19,12:39:21 PM,0,10.562,8.9
9/24/19,1:09:21 PM,0,10.56,8.9
9/24/19,1:39:21 PM,0,10.556,8.9
9/24/19,2:09:21 PM,0,10.548,8.9
9/24/19,2:39:21 PM,0,10.532,8.9
9/24/19,3:09:21 PM,0,10.529,8.9
9/24/19,3:39:21 PM,0,10.523,8.9
9/24/19,4:09:21 PM,0,10.518,8.9
9/24/19,4:39:21 PM,0,10.521,8.9
9/24/19,5:09:21 PM,0,10.523,8.9
9/24/19,5:39:21 PM,0,10.524,8.9
9/24/19,6:09:21 PM,0,10.523,8.9
9/24/19,6:39:21 PM,0,10.521,8.9
9/24/19,7:09:21 PM,0,10.517,8.9
9/24/19,7:39:21 PM,0,10.514,8.9
9/24/19,8:09:21 PM,0,10.508,8.9
9/24/19,8:39:21 PM,0,10.502,8.9
9/24/19,9:09:21 PM,0,10.5,8.9
9/24/19,9:39:21 PM,0,10.499,8.9
9/24/19,10:09:21 PM,0,10.502,8.9
9/24/19,10:39:21 PM,0,10.503,8.9
9/24/19,11:09:21 PM,0,10.509,8.9
9/24/19,11:39:21 PM,0,10.523,8.9
9/25/19,12:09:21 AM,0,10.52,8.9
9/25/19,12:39:21 AM,0,10.503,8.9
9/25/19,1:09:21 AM,0,10.511,8.9
9/25/19,1:39:21 AM,0,10.511,8.9
9/25/19,2:09:21 AM,0,10.514,8.9
9/25/19,2:39:21 AM,0,10.515,8.9
9/25/19,3:09:21 AM,0,10.514,8.9
9/25/19,3:39:21 AM,0,10.517,8.9
9/25/19,4:09:21 AM,0,10.515,8.9
9/25/19,4:39:21 AM,0,10.518,8.9
9/25/19,5:09:21 AM,0,10.524,8.9
9/25/19,5:39:21 AM,0,10.526,8.9
9/25/19,6:09:21 AM,0,10.53,8.9
9/25/19,6:39:21 AM,0,10.532,8.9
9/25/19,7:09:21 AM,0,10.533,8.9
9/25/19,7:39:21 AM,0,10.536,8.9
9/25/19,8:09:21 AM,0,10.538,8.9
9/25/19,8:39:21 AM,0,10.541,8.9
9/25/19,9:09:21 AM,0,10.542,8.9
9/25/19,9:39:21 AM,0,10.547,8.9
9/25/19,10:09:21 AM,0,10.547,8.9
9/25/19,10:39:21 AM,0,10.548,8.9
9/25/19,11:09:21 AM,0,10.548,8.9
9/25/19,11:39:21 AM,0,10.551,8.9
9/25/19,12:09:21 PM,0,10.551,8.9
9/25/19,12:39:21 PM,0,10.55,8.9
9/25/19,1:09:21 PM,0,10.548,8.9
9/25/19,1:39:21 PM,0,10.55,8.9
9/25/19,2:09:21 PM,0,10.548,8.9
9/25/19,2:39:21 PM,0,10.547,8.9
9/25/19,3:09:21 PM,0,10.548,8.9
9/25/19,3:39:21 PM,0,10.55,8.9
9/25/19,4:09:21 PM,0,10.556,8.9
9/25/19,4:39:21 PM,0,10.556,8.9
9/25/19,5:09:21 PM,0,10.556,8.9
9/25/19,5:39:21 PM,0,10.559,8.9
9/25/19,6:09:21 PM,0,10.562,8.9
9/25/19,6:39:21 PM,0,10.566,8.9
9/25/19,7:09:21 PM,0,10.568,8.9
9/25/19,7:39:21 PM,0,10.571,8.9
9/25/19,8:09:21 PM,0,10.575,9
9/25/19,8:39:21 PM,0,10.58,9
9/25/19,9:09:21 PM,0,10.583,9
9/25/19,9:39:21 PM,0,10.584,9
9/25/19,10:09:21 PM,0,10.586,9
9/25/19,10:39:21 PM,0,10.587,9
9/25/19,11:09:21 PM,0,10.589,9
9/25/19,11:39:21 PM,0,10.59,9
9/26/19,12:09:21 AM,0,10.59,9
9/26/19,12:39:21 AM,0,10.592,9
9/26/19,1:09:21 AM,0,10.592,9
9/26/19,1:39:21 AM,0,10.593,9
9/26/19,2:09:21 AM,0,10.593,9
9/26/19,2:39:21 AM,0,10.593,9
9/26/19,3:09:21 AM,0,10.593,9
9/26/19,3:39:21 AM,0,10.595,9
9/26/19,4:09:21 AM,0,10.596,9
9/26/19,4:39:21 AM,0,10.598,9
9/26/19,5:09:21 AM,0,10.598,9
9/26/19,5:39:21 AM,0,10.596,9
9/26/19,6:09:21 AM,0,10.596,9
9/26/19,6:39:21 AM,0,10.596,9
9/26/19,7:09:21 AM,0,10.593,9
9/26/19,7:39:21 AM,0,10.596,9
9/26/19,8:09:21 AM,0,10.596,9
9/26/19,8:39:21 AM,0,10.593,9
9/26/19,9:09:21 AM,0,10.595,9
9/26/19,9:39:21 AM,0,10.593,9
9/26/19,10:09:21 AM,0,10.593,9
9/26/19,10:39:21 AM,0,10.59,9
9/26/19,11:09:21 AM,0,10.592,9
9/26/19,11:39:21 AM,0,10.587,9
9/26/19,12:09:21 PM,0,10.587,9
9/26/19,12:39:21 PM,0,10.58,9
9/26/19,1:09:21 PM,0,10.58,9
9/26/19,1:39:21 PM,0,10.575,9
9/26/19,2:09:21 PM,0,10.572,9
9/26/19,2:39:21 PM,0,10.571,9
9/26/19,3:09:21 PM,0,10.566,9
9/26/19,3:39:21 PM,0,10.562,9
9/26/19,4:09:21 PM,0,10.557,9
9/26/19,4:39:21 PM,0,10.557,9
9/26/19,5:09:21 PM,0,10.556,9
9/26/19,5:39:21 PM,0,10.551,9
9/26/19,6:09:21 PM,0,10.553,9
9/26/19,6:39:21 PM,0,10.551,9
9/26/19,7:09:21 PM,0,10.551,9
9/26/19,7:39:21 PM,0,10.553,9
9/26/19,8:09:21 PM,0,10.554,9
9/26/19,8:39:21 PM,0,10.553,9
9/26/19,9:09:21 PM,0,10.545,9
9/26/19,9:39:21 PM,0,10.545,9
9/26/19,10:09:21 PM,0,10.536,9
9/26/19,10:39:21 PM,0,10.529,9
9/26/19,11:09:21 PM,0,10.518,9
9/26/19,11:39:21 PM,0,10.509,9
9/27/19,12:09:21 AM,0,10.5,9
9/27/19,12:39:21 AM,0,10.493,9
9/27/19,1:09:21 AM,0,10.49,9
9/27/19,1:39:21 AM,0,10.487,9
9/27/19,2:09:21 AM,0,10.487,9
9/27/19,2:39:21 AM,0,10.484,9
9/27/19,3:09:21 AM,0,10.479,9
9/27/19,3:39:21 AM,0,10.476,9
9/27/19,4:09:21 AM,0,10.478,9
9/27/19,4:39:21 AM,0,10.481,9
9/27/19,5:09:21 AM,0,10.484,9
9/27/19,5:39:21 AM,0,10.491,9
9/27/19,6:09:21 AM,0,10.496,9
9/27/19,6:39:21 AM,0,10.499,9
9/27/19,7:09:21 AM,0,10.502,9
9/27/19,7:39:21 AM,0,10.509,9
9/27/19,8:09:21 AM,0,10.514,9
9/27/19,8:39:21 AM,0,10.52,9
9/27/19,9:09:21 AM,0,10.524,9
9/27/19,9:39:21 AM,0,10.533,9
9/27/19,10:09:21 AM,0,10.538,9
9/27/19,10:39:21 AM,0,10.541,9
9/27/19,11:09:21 AM,0,10.545,9
9/27/19,11:39:21 AM,0,10.551,9
9/27/19,12:09:21 PM,0,10.557,9
9/27/19,12:39:21 PM,0,10.563,9
9/27/19,1:09:21 PM,0,10.568,9
9/27/19,1:39:21 PM,0,10.571,9
9/27/19,2:09:21 PM,0,10.572,9
9/27/19,2:39:21 PM,0,10.577,9
9/27/19,3:09:21 PM,0,10.583,9
9/27/19,3:39:21 PM,0,10.587,9
9/27/19,4:09:21 PM,0,10.59,9
9/27/19,4:39:21 PM,0,10.596,9
9/27/19,5:09:21 PM,0,10.599,9
9/27/19,5:39:21 PM,0,10.604,9
9/27/19,6:09:21 PM,0,10.608,9
9/27/19,6:39:21 PM,0,10.613,9
9/27/19,7:09:21 PM,0,10.619,9
9/27/19,7:39:21 PM,0,10.625,9
9/27/19,8:09:21 PM,0,10.632,9
9/27/19,8:39:21 PM,0,10.638,9
9/27/19,9:09:21 PM,0,10.641,9
9/27/19,9:39:21 PM,0,10.643,9
9/27/19,10:09:21 PM,0,10.644,9
9/27/19,10:39:21 PM,0,10.646,9
9/27/19,11:09:21 PM,0,10.649,9
9/27/19,11:39:21 PM,0,10.652,9
9/28/19,12:09:21 AM,0,10.656,9
9/28/19,12:39:21 AM,0,10.659,9
9/28/19,1:09:21 AM,0,10.665,9
9/28/19,1:39:21 AM,0,10.671,9
9/28/19,2:09:21 AM,0,10.674,9
9/28/19,2:39:21 AM,0,10.677,9
9/28/19,3:09:21 AM,0,10.685,9
9/28/19,3:39:21 AM,0,10.689,9
9/28/19,4:09:21 AM,0,10.694,9
9/28/19,4:39:21 AM,0,10.697,9
9/28/19,5:09:21 AM,0,10.703,9
9/28/19,5:39:21 AM,0,10.706,9
9/28/19,6:09:21 AM,0,10.71,9
9/28/19,6:39:21 AM,0,10.715,9
9/28/19,7:09:21 AM,0,10.716,9
9/28/19,7:39:21 AM,0,10.719,9
9/28/19,8:09:21 AM,0,10.722,9
9/28/19,8:39:21 AM,0,10.728,9
9/28/19,9:09:21 AM,0,10.734,9
9/28/19,9:39:21 AM,0,10.742,9
9/28/19,10:09:21 AM,0,10.748,9
9/28/19,10:39:21 AM,0,10.749,9
9/28/19,11:09:21 AM,0,10.746,9
9/28/19,11:39:21 AM,0,10.748,9
9/28/19,12:09:21 PM,0,10.748,9
9/28/19,12:39:21 PM,0,10.746,9
9/28/19,1:09:21 PM,0,10.749,9.1
9/28/19,1:39:21 PM,0,10.748,9.1
9/28/19,2:09:21 PM,0,10.749,9.1
9/28/19,2:39:21 PM,0,10.748,9.1
9/28/19,3:09:21 PM,0,10.749,9.1
9/28/19,3:39:21 PM,0,10.748,9.1
9/28/19,4:09:21 PM,0,10.749,9.1
9/28/19,4:39:21 PM,0,10.749,9.1
9/28/19,5:09:21 PM,0,10.751,9.1
9/28/19,5:39:21 PM,0,10.748,9.1
9/28/19,6:09:21 PM,0,10.746,9.1
9/28/19,6:39:21 PM,0,10.749,9.1
9/28/19,7:09:21 PM,0,10.752,9.1
9/28/19,7:39:21 PM,0,10.755,9.1
9/28/19,8:09:21 PM,0,10.758,9.1
9/28/19,8:39:21 PM,0,10.758,9.1
9/28/19,9:09:21 PM,0,10.76,9.1
9/28/19,9:39:21 PM,0,10.76,9.1
9/28/19,10:09:21 PM,0,10.758,9.1
9/28/19,10:39:21 PM,0,10.761,9.1
9/28/19,11:09:21 PM,0,10.761,9.1
9/28/19,11:39:21 PM,0,10.764,9.1
9/29/19,12:09:21 AM,0,10.763,9.1
9/29/19,12:39:21 AM,0,10.763,9.1
9/29/19,1:09:21 AM,0,10.764,9.1
9/29/19,1:39:21 AM,0,10.769,9.1
9/29/19,2:09:21 AM,0,10.772,9.1
9/29/19,2:39:21 AM,0,10.772,9.1
9/29/19,3:09:21 AM,0,10.77,9.1
9/29/19,3:39:21 AM,0,10.766,9.1
9/29/19,4:09:21 AM,0,10.764,9.1
9/29/19,4:39:21 AM,0,10.763,9.1
9/29/19,5:09:21 AM,0,10.761,9.1
9/29/19,5:39:21 AM,0,10.757,9.1
9/29/19,6:09:21 AM,0,10.757,9.1
9/29/19,6:39:21 AM,0,10.758,9.1
9/29/19,7:09:21 AM,0,10.758,9.1
9/29/19,7:39:21 AM,0,10.758,9.1
9/29/19,8:09:21 AM,0,10.751,9.1
9/29/19,8:39:21 AM,0,10.749,9.1
9/29/19,9:09:21 AM,0,10.751,9.1
9/29/19,9:39:21 AM,0,10.743,9.1
9/29/19,10:09:21 AM,0,10.743,9.1
9/29/19,10:39:21 AM,0,10.74,9.1
9/29/19,11:09:21 AM,0,10.733,9.1
9/29/19,11:39:21 AM,0,10.728,9.1
9/29/19,12:09:21 PM,0,10.727,9.1
9/29/19,12:39:21 PM,0,10.728,9.1
9/29/19,1:09:21 PM,0,10.724,9.1
9/29/19,1:39:21 PM,0,10.721,9.1
9/29/19,2:09:21 PM,0,10.716,9.1
9/29/19,2:39:21 PM,0,10.712,9.1
9/29/19,3:09:21 PM,0,10.704,9.1
9/29/19,3:39:21 PM,0,10.704,9.1
9/29/19,4:09:21 PM,0,10.697,9.1
9/29/19,4:39:21 PM,0,10.692,9.1
9/29/19,5:09:21 PM,0,10.688,9.1
9/29/19,5:39:21 PM,0,10.683,9.1
9/29/19,6:09:21 PM,0,10.685,9.1
9/29/19,6:39:21 PM,0,10.685,9.1
9/29/19,7:09:21 PM,0,10.683,9.1
9/29/19,7:39:21 PM,0,10.682,9.1
9/29/19,8:09:21 PM,0,10.679,9.1
9/29/19,8:39:21 PM,0,10.677,9.1
9/29/19,9:09:21 PM,0,10.673,9.1
9/29/19,9:39:21 PM,0,10.665,9.1
9/29/19,10:09:21 PM,0,10.658,9.1
9/29/19,10:39:21 PM,0,10.656,9.1
9/29/19,11:09:21 PM,0,10.652,9.1
9/29/19,11:39:21 PM,0,10.643,9.1
9/30/19,12:09:21 AM,0,10.638,9.1
9/30/19,12:39:21 AM,0,10.644,9.1
9/30/19,1:09:21 AM,0,10.653,9.1
9/30/19,1:39:21 AM,0,10.664,9.1
9/30/19,2:09:21 AM,0,10.668,9.1
9/30/19,2:39:21 AM,0,10.656,9.1
9/30/19,3:09:21 AM,0,10.658,9.1
9/30/19,3:39:21 AM,0,10.655,9.1
9/30/19,4:09:21 AM,0,10.655,9.1
9/30/19,4:39:21 AM,0,10.655,9.1
9/30/19,5:09:21 AM,0,10.644,9.1
9/30/19,5:39:21 AM,0,10.634,9.1
9/30/19,6:09:21 AM,0,10.647,9.1
9/30/19,6:39:21 AM,0,10.638,9.1
9/30/19,7:09:21 AM,0,10.632,9.1
9/30/19,7:39:21 AM,0,10.634,9.1
9/30/19,8:09:21 AM,0,10.638,9.1
9/30/19,8:39:21 AM,0,10.65,9.1
9/30/19,9:09:21 AM,0,10.643,9.1
9/30/19,9:39:21 AM,0,10.635,9.1
9/30/19,10:09:21 AM,0,10.632,9.1
9/30/19,10:39:21 AM,0,10.616,9.1
9/30/19,11:09:21 AM,0,10.613,9.1
9/30/19,11:39:21 AM,0,10.614,9.1
9/30/19,12:09:21 PM,0,10.608,9.1
9/30/19,12:39:21 PM,0,10.608,9.1
9/30/19,1:09:21 PM,0,10.602,9.1
9/30/19,1:39:21 PM,0,10.601,9.1
9/30/19,2:09:21 PM,0,10.595,9.1
9/30/19,2:39:21 PM,0,10.593,9.1
9/30/19,3:09:21 PM,0,10.595,9.1
9/30/19,3:39:21 PM,0,10.595,9.1
9/30/19,4:09:21 PM,0,10.596,9.1
9/30/19,4:39:21 PM,0,10.596,9.1
9/30/19,5:09:21 PM,0,10.595,9.1
9/30/19,5:39:21 PM,0,10.598,9.1
9/30/19,6:09:21 PM,0,10.601,9.1
9/30/19,6:39:21 PM,0,10.611,9.1
9/30/19,7:09:21 PM,0,10.619,9.1
9/30/19,7:39:21 PM,0,10.622,9.1
9/30/19,8:09:21 PM,0,10.617,9.1
9/30/19,8:39:21 PM,0,10.622,9.1
9/30/19,9:09:21 PM,0,10.631,9.1
9/30/19,9:39:21 PM,0,10.641,9.1
9/30/19,10:09:21 PM,0,10.649,9.1
9/30/19,10:39:21 PM,0,10.662,9.1
9/30/19,11:09:21 PM,0,10.668,9.1
9/30/19,11:39:21 PM,0,10.665,9.1
10/1/19,12:09:21 AM,0,10.667,9.1
10/1/19,12:39:21 AM,0,10.667,9.1
10/1/19,1:09:21 AM,0,10.67,9
10/1/19,1:39:21 AM,0,10.671,9
10/1/19,2:09:21 AM,0,10.674,9
10/1/19,2:39:21 AM,0,10.68,9
10/1/19,3:09:21 AM,0,10.682,9
10/1/19,3:39:21 AM,0,10.677,9
10/1/19,4:09:21 AM,0,10.695,9
10/1/19,4:39:21 AM,0,10.698,9
10/1/19,5:09:21 AM,0,10.704,9
10/1/19,5:39:21 AM,0,10.7,9
10/1/19,6:09:21 AM,0,10.703,9
10/1/19,6:39:21 AM,0,10.704,9
10/1/19,7:09:21 AM,0,10.706,9
10/1/19,7:39:21 AM,0,10.707,9
10/1/19,8:09:21 AM,0,10.701,9
10/1/19,8:39:21 AM,0,10.703,9
10/1/19,9:09:21 AM,0,10.707,9
10/1/19,9:39:21 AM,0,10.713,9
10/1/19,10:09:21 AM,0,10.715,9
10/1/19,10:39:21 AM,0,10.718,9
10/1/19,11:09:21 AM,0,10.718,9
10/1/19,11:39:21 AM,0,10.719,9
10/1/19,12:09:21 PM,0,10.724,9
10/1/19,12:39:21 PM,0,10.727,9
10/1/19,1:09:21 PM,0,10.724,9
10/1/19,1:39:21 PM,0,10.724,9
10/1/19,2:09:21 PM,0,10.722,9
10/1/19,2:39:21 PM,0,10.721,9
10/1/19,3:09:21 PM,0,10.725,9
10/1/19,3:39:21 PM,0,10.727,9
10/1/19,4:09:21 PM,0,10.724,9
10/1/19,4:39:21 PM,0,10.725,9
10/1/19,5:09:21 PM,0,10.725,9
10/1/19,5:39:21 PM,0,10.727,9
10/1/19,6:09:21 PM,0,10.728,9
10/1/19,6:39:21 PM,0,10.727,9
10/1/19,7:09:21 PM,0,10.731,9
10/1/19,7:39:21 PM,0,10.731,9
10/1/19,8:09:21 PM,0,10.733,9
10/1/19,8:39:21 PM,0,10.733,9
10/1/19,9:09:21 PM,0,10.73,9
10/1/19,9:39:21 PM,0,10.728,9
10/1/19,10:09:21 PM,0,10.727,9
10/1/19,10:39:21 PM,0,10.731,9
10/1/19,11:09:21 PM,0,10.736,9
10/1/19,11:39:21 PM,0,10.737,9
10/2/19,12:09:21 AM,0,10.737,9
10/2/19,12:39:21 AM,0,10.739,9
10/2/19,1:09:21 AM,0,10.737,9
10/2/19,1:39:21 AM,0,10.736,9
10/2/19,2:09:21 AM,0,10.739,9
10/2/19,2:39:21 AM,0,10.742,9
10/2/19,3:09:21 AM,0,10.742,9
10/2/19,3:39:21 AM,0,10.743,9
10/2/19,4:09:21 AM,0,10.743,9
10/2/19,4:39:21 AM,0,10.745,9
10/2/19,5:09:21 AM,0,10.746,9
10/2/19,5:39:21 AM,0,10.749,9
10/2/19,6:09:21 AM,0,10.748,9
10/2/19,6:39:21 AM,0,10.752,9
10/2/19,7:09:21 AM,0,10.754,9
10/2/19,7:39:21 AM,0,10.754,9
10/2/19,8:09:21 AM,0,10.754,9
10/2/19,8:39:21 AM,0,10.749,9
10/2/19,9:09:21 AM,0,10.749,9
10/2/19,9:39:21 AM,0,10.754,9
10/2/19,10:09:21 AM,0,10.751,9
10/2/19,10:39:21 AM,0,10.746,9
10/2/19,11:09:21 AM,0,10.752,9
10/2/19,11:39:21 AM,0,10.752,9
10/2/19,12:09:21 PM,0,10.748,9
10/2/19,12:39:21 PM,0,10.749,9
10/2/19,1:09:21 PM,0,10.746,9
10/2/19,1:39:21 PM,0,10.734,9
10/2/19,2:09:21 PM,0,10.74,9
10/2/19,2:39:21 PM,0,10.742,9
10/2/19,3:09:21 PM,0,10.733,9
10/2/19,3:39:21 PM,0,10.73,9
10/2/19,4:09:21 PM,0,10.727,9
10/2/19,4:39:21 PM,0,10.724,9
10/2/19,5:09:21 PM,0,10.724,9
10/2/19,5:39:21 PM,0,10.722,9
10/2/19,6:09:21 PM,0,10.722,9
10/2/19,6:39:21 PM,0,10.722,9
10/2/19,7:09:21 PM,0,10.724,9
10/2/19,7:39:21 PM,0,10.722,9
10/2/19,8:09:21 PM,0,10.722,9
10/2/19,8:39:21 PM,0,10.724,9
10/2/19,9:09:21 PM,0,10.724,9
10/2/19,9:39:21 PM,0,10.721,9
10/2/19,10:09:21 PM,0,10.725,9
10/2/19,10:39:21 PM,0,10.725,9
10/2/19,11:09:21 PM,0,10.725,9
10/2/19,11:39:21 PM,0,10.722,9
10/3/19,12:09:21 AM,0,10.718,9
10/3/19,12:39:21 AM,0,10.718,9
10/3/19,1:09:21 AM,0,10.715,9
10/3/19,1:39:21 AM,0,10.716,9
10/3/19,2:09:21 AM,0,10.716,9
10/3/19,2:39:21 AM,0,10.715,9
10/3/19,3:09:21 AM,0,10.713,9
10/3/19,3:39:21 AM,0,10.712,9
10/3/19,4:09:21 AM,0,10.712,9
10/3/19,4:39:21 AM,0,10.713,9
10/3/19,5:09:21 AM,0,10.715,9
10/3/19,5:39:21 AM,0,10.718,9
10/3/19,6:09:21 AM,0,10.719,9
10/3/19,6:39:21 AM,0,10.721,9
10/3/19,7:09:21 AM,0,10.722,9
10/3/19,7:39:21 AM,0,10.725,9
10/3/19,8:09:21 AM,0,10.728,9
10/3/19,8:39:21 AM,0,10.733,9
10/3/19,9:09:21 AM,0,10.736,9
10/3/19,9:39:21 AM,0,10.739,9
10/3/19,10:09:21 AM,0,10.742,9
10/3/19,10:39:21 AM,0,10.748,9
10/3/19,11:09:21 AM,0,10.752,9
10/3/19,11:39:21 AM,0,10.755,9
10/3/19,12:09:21 PM,0,10.76,9
10/3/19,12:39:21 PM,0,10.764,9
10/3/19,1:09:21 PM,0,10.766,9
10/3/19,1:39:21 PM,0,10.767,9
10/3/19,2:09:21 PM,0,10.767,9
10/3/19,2:39:21 PM,0,10.769,9
10/3/19,3:09:21 PM,0,10.773,9
10/3/19,3:39:21 PM,0,10.776,9
10/3/19,4:09:21 PM,0,10.778,9
10/3/19,4:39:21 PM,0,10.782,9
10/3/19,5:09:21 PM,0,10.785,9
10/3/19,5:39:21 PM,0,10.79,9
10/3/19,6:09:21 PM,0,10.793,9
10/3/19,6:39:21 PM,0,10.796,9
10/3/19,7:09:21 PM,0,10.799,9
10/3/19,7:39:21 PM,0,10.802,9
10/3/19,8:09:21 PM,0,10.803,9
10/3/19,8:39:21 PM,0,10.806,9
10/3/19,9:09:21 PM,0,10.808,9
10/3/19,9:39:21 PM,0,10.809,9
10/3/19,10:09:21 PM,0,10.812,9
10/3/19,10:39:21 PM,0,10.815,9
10/3/19,11:09:21 PM,0,10.818,9
10/3/19,11:39:21 PM,0,10.821,9
10/4/19,12:09:21 AM,0,10.821,9
10/4/19,12:39:21 AM,0,10.824,9
10/4/19,1:09:21 AM,0,10.824,9
10/4/19,1:39:21 AM,0,10.826,9
10/4/19,2:09:21 AM,0,10.83,9
10/4/19,2:39:21 AM,0,10.83,9
10/4/19,3:09:21 AM,0,10.83,9
10/4/19,3:39:21 AM,0,10.83,9
10/4/19,4:09:21 AM,0,10.83,9
10/4/19,4:39:21 AM,0,10.83,8.9
10/4/19,5:09:21 AM,0,10.832,8.9
10/4/19,5:39:21 AM,0,10.832,8.9
10/4/19,6:09:21 AM,0,10.833,8.9
10/4/19,6:39:21 AM,0,10.833,8.9
10/4/19,7:09:21 AM,0,10.835,8.9
10/4/19,7:39:21 AM,0,10.836,8.9
10/4/19,8:09:21 AM,0,10.838,8.9
10/4/19,8:39:21 AM,0,10.838,8.9
10/4/19,9:09:21 AM,0,10.838,8.9
10/4/19,9:39:21 AM,0,10.839,8.9
10/4/19,10:09:21 AM,0,10.838,8.9
10/4/19,10:39:21 AM,0,10.838,8.9
10/4/19,11:09:21 AM,0,10.836,8.9
10/4/19,11:39:21 AM,0,10.833,8.9
10/4/19,12:09:21 PM,0,10.833,8.9
10/4/19,12:39:21 PM,0,10.829,8.9
10/4/19,1:09:21 PM,0,10.823,8.9
10/4/19,1:39:21 PM,0,10.82,8.9
10/4/19,2:09:21 PM,0,10.815,8.9
10/4/19,2:39:21 PM,0,10.811,8.9
10/4/19,3:09:21 PM,0,10.808,8.9
10/4/19,3:39:21 PM,0,10.803,8.9
10/4/19,4:09:21 PM,0,10.799,8.9
10/4/19,4:39:21 PM,0,10.796,8.9
10/4/19,5:09:21 PM,0,10.791,8.9
10/4/19,5:39:21 PM,0,10.788,8.9
10/4/19,6:09:21 PM,0,10.784,8.9
10/4/19,6:39:21 PM,0,10.782,8.9
10/4/19,7:09:21 PM,0,10.778,8.9
10/4/19,7:39:21 PM,0,10.778,8.9
10/4/19,8:09:21 PM,0,10.778,8.9
10/4/19,8:39:21 PM,0,10.778,8.9
10/4/19,9:09:21 PM,0,10.775,8.9
10/4/19,9:39:21 PM,0,10.772,8.9
10/4/19,10:09:21 PM,0,10.761,8.9
10/4/19,10:39:21 PM,0,10.76,8.9
10/4/19,11:09:21 PM,0,10.754,8.9
10/4/19,11:39:21 PM,0,10.751,8.9
10/5/19,12:09:21 AM,0,10.751,8.9
10/5/19,12:39:21 AM,0,10.746,8.9
10/5/19,1:09:21 AM,0,10.74,8.9
10/5/19,1:39:21 AM,0,10.734,8.9
10/5/19,2:09:21 AM,0,10.728,8.9
10/5/19,2:39:21 AM,0,10.722,8.9
10/5/19,3:09:21 AM,0,10.712,8.9
10/5/19,3:39:21 AM,0,10.712,8.9
10/5/19,4:09:21 AM,0,10.706,8.9
10/5/19,4:39:21 AM,0,10.703,8.9
10/5/19,5:09:21 AM,0,10.707,8.9
10/5/19,5:39:21 AM,0,10.7,8.9
10/5/19,6:09:21 AM,0,10.685,8.9
10/5/19,6:39:21 AM,0,10.682,8.9
10/5/19,7:09:21 AM,0,10.659,8.9
10/5/19,7:39:21 AM,0,10.676,8.9
10/5/19,8:09:21 AM,0,10.665,8.9
10/5/19,8:39:21 AM,0,10.659,8.9
10/5/19,9:09:21 AM,0,10.65,8.9
10/5/19,9:39:21 AM,0,10.646,8.9
10/5/19,10:09:21 AM,0,10.64,8.9
10/5/19,10:39:21 AM,0,10.634,8.9
10/5/19,11:09:21 AM,0,10.629,8.9
10/5/19,11:39:21 AM,0,10.623,8.9
10/5/19,12:09:21 PM,0,10.616,8.9
10/5/19,12:39:21 PM,0,10.608,8.9
10/5/19,1:09:21 PM,0,10.599,8.9
10/5/19,1:39:21 PM,0,10.592,8.9
10/5/19,2:09:21 PM,0,10.581,8.9
10/5/19,2:39:21 PM,0,10.572,8.9
10/5/19,3:09:21 PM,0,10.566,8.9
10/5/19,3:39:21 PM,0,10.565,8.9
10/5/19,4:09:21 PM,0,10.56,8.9
10/5/19,4:39:21 PM,0,10.556,8.9
10/5/19,5:09:21 PM,0,10.551,8.9
10/5/19,5:39:21 PM,0,10.548,8.9
10/5/19,6:09:21 PM,0,10.545,8.9
10/5/19,6:39:21 PM,0,10.542,8.9
10/5/19,7:09:21 PM,0,10.544,8.9
10/5/19,7:39:21 PM,0,10.547,8.9
10/5/19,8:09:21 PM,0,10.554,8.9
10/5/19,8:39:21 PM,0,10.56,8.9
10/5/19,9:09:21 PM,0,10.566,8.9
10/5/19,9:39:21 PM,0,10.574,8.9
10/5/19,10:09:21 PM,0,10.577,8.9
10/5/19,10:39:21 PM,0,10.58,8.9
10/5/19,11:09:21 PM,0,10.583,8.9
10/5/19,11:39:21 PM,0,10.584,8.9
10/6/19,12:09:21 AM,0,10.586,8.9
10/6/19,12:39:21 AM,0,10.587,8.9
10/6/19,1:09:21 AM,0,10.59,8.9
10/6/19,1:39:21 AM,0,10.593,8.9
10/6/19,2:09:21 AM,0,10.595,8.9
10/6/19,2:39:21 AM,0,10.595,8.9
10/6/19,3:09:21 AM,0,10.596,8.9
10/6/19,3:39:21 AM,0,10.595,8.8
10/6/19,4:09:21 AM,0,10.596,8.8
10/6/19,4:39:21 AM,0,10.598,8.8
10/6/19,5:09:21 AM,0,10.601,8.8
10/6/19,5:39:21 AM,0,10.601,8.8
10/6/19,6:09:21 AM,0,10.604,8.8
10/6/19,6:39:21 AM,0,10.604,8.8
10/6/19,7:09:21 AM,0,10.608,8.8
10/6/19,7:39:21 AM,0,10.61,8.8
10/6/19,8:09:21 AM,0,10.611,8.8
10/6/19,8:39:21 AM,0,10.611,8.8
10/6/19,9:09:21 AM,0,10.613,8.8
10/6/19,9:39:21 AM,0,10.614,8.8
10/6/19,10:09:21 AM,0,10.62,8.8
10/6/19,10:39:21 AM,0,10.62,8.8
10/6/19,11:09:21 AM,0,10.623,8.8
10/6/19,11:39:21 AM,0,10.625,8.8
10/6/19,12:09:21 PM,0,10.625,8.8
10/6/19,12:39:21 PM,0,10.626,8.8
10/6/19,1:09:21 PM,0,10.625,8.8
10/6/19,1:39:21 PM,0,10.629,8.8
10/6/19,2:09:21 PM,0,10.631,8.8
10/6/19,2:39:21 PM,0,10.632,8.8
10/6/19,3:09:21 PM,0,10.632,8.8
10/6/19,3:39:21 PM,0,10.634,8.8
10/6/19,4:09:21 PM,0,10.634,8.8
10/6/19,4:39:21 PM,0,10.634,8.8
10/6/19,5:09:21 PM,0,10.634,8.8
10/6/19,5:39:21 PM,0,10.634,8.8
10/6/19,6:09:21 PM,0,10.64,8.8
10/6/19,6:39:21 PM,0,10.641,8.8
10/6/19,7:09:21 PM,0,10.644,8.8
10/6/19,7:39:21 PM,0,10.652,8.8
10/6/19,8:09:21 PM,0,10.655,8.8
10/6/19,8:39:21 PM,0,10.655,8.8
10/6/19,9:09:21 PM,0,10.655,8.8
10/6/19,9:39:21 PM,0,10.658,8.8
10/6/19,10:09:21 PM,0,10.658,8.8
10/6/19,10:39:21 PM,0,10.658,8.8
10/6/19,11:09:21 PM,0,10.658,8.8
10/6/19,11:39:21 PM,0,10.662,8.8
10/7/19,12:09:21 AM,0,10.664,8.8
10/7/19,12:39:21 AM,0,10.67,8.8
10/7/19,1:09:21 AM,0,10.674,8.8
10/7/19,1:39:21 AM,0,10.677,8.8
10/7/19,2:09:21 AM,0,10.679,8.8
10/7/19,2:39:21 AM,0,10.679,8.8
10/7/19,3:09:21 AM,0,10.68,8.8
10/7/19,3:39:21 AM,0,10.683,8.8
10/7/19,4:09:21 AM,0,10.686,8.8
10/7/19,4:39:21 AM,0,10.688,8.8
10/7/19,5:09:21 AM,0,10.692,8.8
10/7/19,5:39:21 AM,0,10.695,8.8
10/7/19,6:09:21 AM,0,10.698,8.8
10/7/19,6:39:21 AM,0,10.701,8.8
10/7/19,7:09:21 AM,0,10.706,8.8
10/7/19,7:39:21 AM,0,10.707,8.8
10/7/19,8:09:21 AM,0,10.71,8.8
10/7/19,8:39:21 AM,0,10.713,8.8
10/7/19,9:09:21 AM,0,10.713,8.8
10/7/19,9:39:21 AM,0,10.716,8.8
10/7/19,10:09:21 AM,0,10.718,8.8
10/7/19,10:39:21 AM,0,10.718,8.8
10/7/19,11:09:21 AM,0,10.718,8.8
10/7/19,11:39:21 AM,0,10.718,8.8
10/7/19,12:09:21 PM,0,10.718,8.8
10/7/19,12:39:21 PM,0,10.716,8.8
10/7/19,1:09:21 PM,0,10.715,8.8
10/7/19,1:39:21 PM,0,10.712,8.8
10/7/19,2:09:21 PM,0,10.707,8.8
10/7/19,2:39:21 PM,0,10.704,8.8
10/7/19,3:09:21 PM,0,10.701,8.8
10/7/19,3:39:21 PM,0,10.701,8.8
10/7/19,4:09:21 PM,0,10.7,8.8
10/7/19,4:39:21 PM,0,10.698,8.8
10/7/19,5:09:21 PM,0,10.697,8.8
10/7/19,5:39:21 PM,0,10.697,8.8
10/7/19,6:09:21 PM,0,10.695,8.8
10/7/19,6:39:21 PM,0,10.695,8.8
10/7/19,7:09:21 PM,0,10.692,8.7
10/7/19,7:39:21 PM,0,10.692,8.7
10/7/19,8:09:21 PM,0,10.692,8.7
10/7/19,8:39:21 PM,0,10.692,8.7
10/7/19,9:09:21 PM,0,10.692,8.7
10/7/19,9:39:21 PM,0,10.691,8.7
10/7/19,10:09:21 PM,0,10.689,8.7
10/7/19,10:39:21 PM,0,10.688,8.7
10/7/19,11:09:21 PM,0,10.688,8.7
10/7/19,11:39:21 PM,0,10.686,8.7
10/8/19,12:09:21 AM,0,10.683,8.7
10/8/19,12:39:21 AM,0,10.682,8.7
10/8/19,1:09:21 AM,0,10.677,8.7
10/8/19,1:39:21 AM,0,10.674,8.7
10/8/19,2:09:21 AM,0,10.67,8.7
10/8/19,2:39:21 AM,0,10.667,8.7
10/8/19,3:09:21 AM,0,10.661,8.7
10/8/19,3:39:21 AM,0,10.655,8.7
10/8/19,4:09:21 AM,0,10.65,8.7
10/8/19,4:39:21 AM,0,10.647,8.7
10/8/19,5:09:21 AM,0,10.646,8.7
10/8/19,5:39:21 AM,0,10.641,8.7
10/8/19,6:09:21 AM,0,10.64,8.7
10/8/19,6:39:21 AM,0,10.64,8.7
10/8/19,7:09:21 AM,0,10.637,8.7
10/8/19,7:39:21 AM,0,10.637,8.7
10/8/19,8:09:21 AM,0,10.637,8.7
10/8/19,8:39:21 AM,0,10.635,8.7
10/8/19,9:09:21 AM,0,10.634,8.7
10/8/19,9:39:21 AM,0,10.632,8.7
10/8/19,10:09:21 AM,0,10.632,8.7
10/8/19,10:39:21 AM,0,10.631,8.7
10/8/19,11:09:21 AM,0,10.628,8.7
10/8/19,11:39:21 AM,0,10.625,8.7
10/8/19,12:09:21 PM,0,10.623,8.7
10/8/19,12:39:21 PM,0,10.62,8.7
10/8/19,1:09:21 PM,0,10.619,8.7
10/8/19,1:39:21 PM,0,10.616,8.7
10/8/19,2:09:21 PM,0,10.613,8.7
10/8/19,2:39:21 PM,0,10.613,8.7
10/8/19,3:09:21 PM,0,10.611,8.7
10/8/19,3:39:21 PM,0,10.608,8.7
10/8/19,4:09:21 PM,0,10.608,8.7
10/8/19,4:39:21 PM,0,10.611,8.7
10/8/19,5:09:21 PM,0,10.611,8.7
10/8/19,5:39:21 PM,0,10.614,8.7
10/8/19,6:09:21 PM,0,10.617,8.7
10/8/19,6:39:21 PM,0,10.62,8.7
10/8/19,7:09:21 PM,0,10.622,8.7
10/8/19,7:39:21 PM,0,10.625,8.7
10/8/19,8:09:21 PM,0,10.626,8.7
10/8/19,8:39:21 PM,0,10.628,8.7
10/8/19,9:09:21 PM,0,10.628,8.7
10/8/19,9:39:21 PM,0,10.629,8.7
10/8/19,10:09:21 PM,0,10.628,8.7
10/8/19,10:39:21 PM,0,10.628,8.7
10/8/19,11:09:21 PM,0,10.629,8.7
10/8/19,11:39:21 PM,0,10.629,8.7
10/9/19,12:09:21 AM,0,10.628,8.7
10/9/19,12:39:21 AM,0,10.628,8.7
10/9/19,1:09:21 AM,0,10.626,8.7
10/9/19,1:39:21 AM,0,10.626,8.7
10/9/19,2:09:21 AM,0,10.626,8.7
10/9/19,2:39:21 AM,0,10.623,8.7
10/9/19,3:09:21 AM,0,10.622,8.7
10/9/19,3:39:21 AM,0,10.62,8.7
10/9/19,4:09:21 AM,0,10.62,8.7
10/9/19,4:39:21 AM,0,10.622,8.7
10/9/19,5:09:21 AM,0,10.62,8.7
10/9/19,5:39:21 AM,0,10.62,8.7
10/9/19,6:09:21 AM,0,10.62,8.7
10/9/19,6:39:21 AM,0,10.622,8.7
10/9/19,7:09:21 AM,0,10.622,8.7
10/9/19,7:39:21 AM,0,10.622,8.7
10/9/19,8:09:21 AM,0,10.622,8.7
10/9/19,8:39:21 AM,0,10.622,8.7
10/9/19,9:09:21 AM,0,10.622,8.7
10/9/19,9:39:21 AM,0,10.619,8.6
10/9/19,10:09:21 AM,0,10.62,8.6
10/9/19,10:39:21 AM,0,10.617,8.6
10/9/19,11:09:21 AM,0,10.616,8.6
10/9/19,11:39:21 AM,0,10.614,8.6
10/9/19,12:09:21 PM,0,10.613,8.6
10/9/19,12:39:21 PM,0,10.611,8.6
10/9/19,1:09:21 PM,0,10.607,8.6
10/9/19,1:39:21 PM,0,10.604,8.6
10/9/19,2:09:21 PM,0,10.601,8.6
10/9/19,2:39:21 PM,0,10.601,8.6
10/9/19,3:09:21 PM,0,10.601,8.6
10/9/19,3:39:21 PM,0,10.601,8.6
10/9/19,4:09:21 PM,0,10.602,8.6
10/9/19,4:39:21 PM,0,10.602,8.6
10/9/19,5:09:21 PM,0,10.607,8.6
10/9/19,5:39:21 PM,0,10.613,8.6
10/9/19,6:09:21 PM,0,10.617,8.6
10/9/19,6:39:21 PM,0,10.622,8.6
10/9/19,7:09:21 PM,0,10.625,8.6
10/9/19,7:39:21 PM,0,10.631,8.6
10/9/19,8:09:21 PM,0,10.632,8.6
10/9/19,8:39:21 PM,0,10.635,8.6
10/9/19,9:09:21 PM,0,10.637,8.6
10/9/19,9:39:21 PM,0,10.64,8.6
10/9/19,10:09:21 PM,0,10.64,8.6
10/9/19,10:39:21 PM,0,10.643,8.6
10/9/19,11:09:21 PM,0,10.644,8.6
10/9/19,11:39:21 PM,0,10.652,8.6
10/10/19,12:09:21 AM,0,10.652,8.6
10/10/19,12:39:21 AM,0,10.652,8.6
10/10/19,1:09:21 AM,0,10.655,8.6
10/10/19,1:39:21 AM,0,10.656,8.6
10/10/19,2:09:21 AM,0,10.658,8.6
10/10/19,2:39:21 AM,0,10.658,8.6
10/10/19,3:09:21 AM,0,10.658,8.6
10/10/19,3:39:21 AM,0,10.656,8.6
10/10/19,4:09:21 AM,0,10.655,8.6
10/10/19,4:39:21 AM,0,10.659,8.6
10/10/19,5:09:21 AM,0,10.653,8.6
10/10/19,5:39:21 AM,0,10.653,8.6
10/10/19,6:09:21 AM,0,10.652,8.6
10/10/19,6:39:21 AM,0,10.652,8.6
10/10/19,7:09:21 AM,0,10.65,8.6
10/10/19,7:39:21 AM,0,10.647,8.6
10/10/19,8:09:21 AM,0,10.647,8.6
10/10/19,8:39:21 AM,0,10.649,8.6
10/10/19,9:09:21 AM,0,10.65,8.6
10/10/19,9:39:21 AM,0,10.652,8.6
10/10/19,10:09:21 AM,0,10.649,8.6
10/10/19,10:39:21 AM,0,10.65,8.6
10/10/19,11:09:21 AM,0,10.646,8.6
10/10/19,11:39:21 AM,0,10.643,8.6
10/10/19,12:09:21 PM,0,10.64,8.6
10/10/19,12:39:21 PM,0,10.637,8.6
10/10/19,1:09:21 PM,0,10.634,8.6
10/10/19,1:39:21 PM,0,10.628,8.6
10/10/19,2:09:21 PM,0,10.62,8.6
10/10/19,2:39:21 PM,0,10.616,8.6
10/10/19,3:09:21 PM,0,10.613,8.6
10/10/19,3:39:21 PM,0,10.608,8.6
10/10/19,4:09:21 PM,0,10.605,8.6
10/10/19,4:39:21 PM,0,10.604,8.6
10/10/19,5:09:21 PM,0,10.601,8.6
10/10/19,5:39:21 PM,0,10.599,8.6
10/10/19,6:09:21 PM,0,10.596,8.6
10/10/19,6:39:21 PM,0,10.593,8.6
10/10/19,7:09:21 PM,0,10.592,8.6
10/10/19,7:39:21 PM,0,10.589,8.6
10/10/19,8:09:21 PM,0,10.584,8.6
10/10/19,8:39:21 PM,0,10.581,8.6
10/10/19,9:09:21 PM,0,10.58,8.6
10/10/19,9:39:21 PM,0,10.577,8.6
10/10/19,10:09:21 PM,0,10.571,8.6
10/10/19,10:39:21 PM,0,10.571,8.6
10/10/19,11:09:21 PM,0,10.572,8.6
10/10/19,11:39:21 PM,0,10.568,8.6
10/11/19,12:09:21 AM,0,10.563,8.6
10/11/19,12:39:21 AM,0,10.557,8.6
10/11/19,1:09:21 AM,0,10.551,8.6
10/11/19,1:39:21 AM,0,10.544,8.6
10/11/19,2:09:21 AM,0,10.539,8.6
10/11/19,2:39:21 AM,0,10.538,8.6
10/11/19,3:09:21 AM,0,10.535,8.6
10/11/19,3:39:21 AM,0,10.532,8.6
10/11/19,4:09:21 AM,0,10.532,8.6
10/11/19,4:39:21 AM,0,10.527,8.5
10/11/19,5:09:21 AM,0,10.532,8.5
10/11/19,5:39:21 AM,0,10.533,8.5
10/11/19,6:09:21 AM,0,10.536,8.5
10/11/19,6:39:21 AM,0,10.539,8.5
10/11/19,7:09:21 AM,0,10.541,8.5
10/11/19,7:39:21 AM,0,10.544,8.5
10/11/19,8:09:21 AM,0,10.545,8.5
10/11/19,8:39:21 AM,0,10.547,8.5
10/11/19,9:09:21 AM,0,10.551,8.5
10/11/19,9:39:21 AM,0,10.545,8.5
10/11/19,10:09:21 AM,0,10.55,8.5
10/11/19,10:39:21 AM,0,10.542,8.5
10/11/19,11:09:21 AM,0,10.545,8.5
10/11/19,11:39:21 AM,0,10.542,8.5
10/11/19,12:09:21 PM,0,10.544,8.5
10/11/19,12:39:21 PM,0,10.539,8.5
10/11/19,1:09:21 PM,0,10.535,8.5
10/11/19,1:39:21 PM,0,10.532,8.5
10/11/19,2:09:21 PM,0,10.529,8.5
10/11/19,2:39:21 PM,0,10.529,8.5
10/11/19,3:09:21 PM,0,10.526,8.5
10/11/19,3:39:21 PM,0,10.523,8.5
10/11/19,4:09:21 PM,0,10.521,8.5
10/11/19,4:39:21 PM,0,10.517,8.5
10/11/19,5:09:21 PM,0,10.515,8.5
10/11/19,5:39:21 PM,0,10.514,8.5
10/11/19,6:09:21 PM,0,10.515,8.5
10/11/19,6:39:21 PM,0,10.514,8.5
10/11/19,7:09:21 PM,0,10.512,8.5
10/11/19,7:39:21 PM,0,10.509,8.5
10/11/19,8:09:21 PM,0,10.506,8.5
10/11/19,8:39:21 PM,0,10.505,8.5
10/11/19,9:09:21 PM,0,10.502,8.5
10/11/19,9:39:21 PM,0,10.5,8.5
10/11/19,10:09:21 PM,0,10.499,8.5
10/11/19,10:39:21 PM,0,10.497,8.5
10/11/19,11:09:21 PM,0,10.493,8.5
10/11/19,11:39:21 PM,0,10.49,8.5
10/12/19,12:09:21 AM,0,10.487,8.5
10/12/19,12:39:21 AM,0,10.484,8.5
10/12/19,1:09:21 AM,0,10.481,8.5
10/12/19,1:39:21 AM,0,10.478,8.5
10/12/19,2:09:21 AM,0,10.475,8.5
10/12/19,2:39:21 AM,0,10.473,8.5
10/12/19,3:09:21 AM,0,10.472,8.5
10/12/19,3:39:21 AM,0,10.472,8.5
10/12/19,4:09:21 AM,0,10.472,8.5
10/12/19,4:39:21 AM,0,10.473,8.5
10/12/19,5:09:21 AM,0,10.47,8.5
10/12/19,5:39:21 AM,0,10.47,8.5
10/12/19,6:09:21 AM,0,10.469,8.5
10/12/19,6:39:21 AM,0,10.47,8.5
10/12/19,7:09:21 AM,0,10.469,8.5
10/12/19,7:39:21 AM,0,10.469,8.5
10/12/19,8:09:21 AM,0,10.469,8.5
10/12/19,8:39:21 AM,0,10.469,8.5
10/12/19,9:09:21 AM,0,10.47,8.5
10/12/19,9:39:21 AM,0,10.472,8.5
10/12/19,10:09:21 AM,0,10.473,8.5
10/12/19,10:39:21 AM,0,10.475,8.5
10/12/19,11:09:21 AM,0,10.476,8.5
10/12/19,11:39:21 AM,0,10.475,8.5
10/12/19,12:09:21 PM,0,10.473,8.5
10/12/19,12:39:21 PM,0,10.473,8.5
10/12/19,1:09:21 PM,0,10.473,8.5
10/12/19,1:39:21 PM,0,10.475,8.5
10/12/19,2:09:21 PM,0,10.479,8.5
10/12/19,2:39:21 PM,0,10.481,8.5
10/12/19,3:09:21 PM,0,10.485,8.5
10/12/19,3:39:21 PM,0,10.488,8.5
10/12/19,4:09:21 PM,0,10.49,8.5
10/12/19,4:39:21 PM,0,10.491,8.5
10/12/19,5:09:21 PM,0,10.496,8.5
10/12/19,5:39:21 PM,0,10.5,8.5
10/12/19,6:09:21 PM,0,10.503,8.5
10/12/19,6:39:21 PM,0,10.506,8.5
10/12/19,7:09:21 PM,0,10.509,8.5
10/12/19,7:39:21 PM,0,10.514,8.5
10/12/19,8:09:21 PM,0,10.514,8.5
10/12/19,8:39:21 PM,0,10.517,8.5
10/12/19,9:09:21 PM,0,10.518,8.5
10/12/19,9:39:21 PM,0,10.52,8.5
10/12/19,10:09:21 PM,0,10.523,8.5
10/12/19,10:39:21 PM,0,10.523,8.5
10/12/19,11:09:21 PM,0,10.523,8.5
10/12/19,11:39:21 PM,0,10.523,8.5
10/13/19,12:09:21 AM,0,10.523,8.5
10/13/19,12:39:21 AM,0,10.524,8.5
10/13/19,1:09:21 AM,0,10.527,8.5
10/13/19,1:39:21 AM,0,10.53,8.5
10/13/19,2:09:21 AM,0,10.532,8.5
10/13/19,2:39:21 AM,0,10.535,8.5
10/13/19,3:09:21 AM,0,10.533,8.5
10/13/19,3:39:21 AM,0,10.535,8.5
10/13/19,4:09:21 AM,0,10.538,8.5
10/13/19,4:39:21 AM,0,10.539,8.5
10/13/19,5:09:21 AM,0,10.539,8.5
10/13/19,5:39:21 AM,0,10.541,8.5
10/13/19,6:09:21 AM,0,10.542,8.5
10/13/19,6:39:21 AM,0,10.544,8.4
10/13/19,7:09:21 AM,0,10.545,8.4
10/13/19,7:39:21 AM,0,10.55,8.4
10/13/19,8:09:21 AM,0,10.551,8.4
10/13/19,8:39:21 AM,0,10.554,8.4
10/13/19,9:09:21 AM,0,10.557,8.4
10/13/19,9:39:21 AM,0,10.562,8.4
10/13/19,10:09:21 AM,0,10.566,8.4
10/13/19,10:39:21 AM,0,10.572,8.4
10/13/19,11:09:21 AM,0,10.575,8.4
10/13/19,11:39:21 AM,0,10.575,8.4
10/13/19,12:09:21 PM,0,10.578,8.4
10/13/19,12:39:21 PM,0,10.58,8.4
10/13/19,1:09:21 PM,0,10.581,8.4
10/13/19,1:39:21 PM,0,10.584,8.4
10/13/19,2:09:21 PM,0,10.584,8.4
10/13/19,2:39:21 PM,0,10.59,8.4
10/13/19,3:09:21 PM,0,10.592,8.4
10/13/19,3:39:21 PM,0,10.598,8.4
10/13/19,4:09:21 PM,0,10.599,8.4
10/13/19,4:39:21 PM,0,10.604,8.4
10/13/19,5:09:21 PM,0,10.608,8.4
10/13/19,5:39:21 PM,0,10.614,8.4
10/13/19,6:09:21 PM,0,10.619,8.4
10/13/19,6:39:21 PM,0,10.62,8.4
10/13/19,7:09:21 PM,0,10.623,8.4
10/13/19,7:39:21 PM,0,10.629,8.4
10/13/19,8:09:21 PM,0,10.629,8.4
10/13/19,8:39:21 PM,0,10.631,8.4
10/13/19,9:09:21 PM,0,10.634,8.4
10/13/19,9:39:21 PM,0,10.635,8.4
10/13/19,10:09:21 PM,0,10.638,8.4
10/13/19,10:39:21 PM,0,10.64,8.4
10/13/19,11:09:21 PM,0,10.641,8.4
10/13/19,11:39:21 PM,0,10.644,8.4
10/14/19,12:09:21 AM,0,10.644,8.4
10/14/19,12:39:21 AM,0,10.644,8.4
10/14/19,1:09:21 AM,0,10.644,8.4
10/14/19,1:39:21 AM,0,10.646,8.4
10/14/19,2:09:21 AM,0,10.649,8.4
10/14/19,2:39:21 AM,0,10.649,8.4
10/14/19,3:09:21 AM,0,10.649,8.4
10/14/19,3:39:21 AM,0,10.65,8.4
10/14/19,4:09:21 AM,0,10.649,8.4
10/14/19,4:39:21 AM,0,10.653,8.4
10/14/19,5:09:21 AM,0,10.653,8.4
10/14/19,5:39:21 AM,0,10.656,8.4
10/14/19,6:09:21 AM,0,10.658,8.4
10/14/19,6:39:21 AM,0,10.656,8.4
10/14/19,7:09:21 AM,0,10.659,8.4
10/14/19,7:39:21 AM,0,10.659,8.4
10/14/19,8:09:21 AM,0,10.659,8.4
10/14/19,8:39:21 AM,0,10.662,8.4
10/14/19,9:09:21 AM,0,10.664,8.4
10/14/19,9:39:21 AM,0,10.664,8.4
10/14/19,10:09:21 AM,0,10.668,8.4
10/14/19,10:39:21 AM,0,10.668,8.4
10/14/19,11:09:21 AM,0,10.67,8.4
10/14/19,11:39:21 AM,0,10.67,8.4
10/14/19,12:09:21 PM,0,10.668,8.4
10/14/19,12:39:21 PM,0,10.665,8.3
10/14/19,1:09:21 PM,0,10.664,8.3
10/14/19,1:39:21 PM,0,10.661,8.3
10/14/19,2:09:21 PM,0,10.658,8.3
10/14/19,2:39:21 PM,0,10.658,8.3
10/14/19,3:09:21 PM,0,10.656,8.3
10/14/19,3:39:21 PM,0,10.655,8.3
10/14/19,4:09:21 PM,0,10.655,8.3
10/14/19,4:39:21 PM,0,10.653,8.3
10/14/19,5:09:21 PM,0,10.653,8.3
10/14/19,5:39:21 PM,0,10.653,8.3
10/14/19,6:09:21 PM,0,10.65,8.3
10/14/19,6:39:21 PM,0,10.653,8.3
10/14/19,7:09:21 PM,0,10.655,8.3
10/14/19,7:39:21 PM,0,10.656,8.3
10/14/19,8:09:21 PM,0,10.655,8.3
10/14/19,8:39:21 PM,0,10.655,8.3
10/14/19,9:09:21 PM,0,10.656,8.3
10/14/19,9:39:21 PM,0,10.659,8.3
10/14/19,10:09:21 PM,0,10.659,8.3
10/14/19,10:39:21 PM,0,10.661,8.3
10/14/19,11:09:21 PM,0,10.662,8.3
10/14/19,11:39:21 PM,0,10.662,8.3
10/15/19,12:09:21 AM,0,10.661,8.3
10/15/19,12:39:21 AM,0,10.661,8.3
10/15/19,1:09:21 AM,0,10.658,8.3
10/15/19,1:39:21 AM,0,10.655,8.3
10/15/19,2:09:21 AM,0,10.653,8.3
10/15/19,2:39:21 AM,0,10.65,8.3
10/15/19,3:09:21 AM,0,10.647,8.3
10/15/19,3:39:21 AM,0,10.643,8.3
10/15/19,4:09:21 AM,0,10.641,8.3
10/15/19,4:39:21 AM,0,10.638,8.3
10/15/19,5:09:21 AM,0,10.637,8.3
10/15/19,5:39:21 AM,0,10.637,8.3
10/15/19,6:09:21 AM,0,10.64,8.3
10/15/19,6:39:21 AM,0,10.643,8.3
10/15/19,7:09:21 AM,0,10.64,8.3
10/15/19,7:39:21 AM,0,10.64,8.3
10/15/19,8:09:21 AM,0,10.638,8.3
10/15/19,8:39:21 AM,0,10.641,8.3
10/15/19,9:09:21 AM,0,10.641,8.3
10/15/19,9:39:21 AM,0,10.643,8.3
10/15/19,10:09:21 AM,0,10.646,8.3
10/15/19,10:39:21 AM,0,10.647,8.3
10/15/19,11:09:21 AM,0,10.649,8.3
10/15/19,11:39:21 AM,0,10.652,8.3
10/15/19,12:09:21 PM,0,10.653,8.3
10/15/19,12:39:21 PM,0,10.655,8.3
10/15/19,1:09:21 PM,0,10.655,8.3
10/15/19,1:39:21 PM,0,10.656,8.3
10/15/19,2:09:21 PM,0,10.658,8.3
10/15/19,2:39:21 PM,0,10.659,8.3
10/15/19,3:09:21 PM,0,10.659,8.2
10/15/19,3:39:21 PM,0,10.662,8.2
10/15/19,4:09:21 PM,0,10.667,8.2
10/15/19,4:39:21 PM,0,10.67,8.2
10/15/19,5:09:21 PM,0,10.673,8.2
10/15/19,5:39:21 PM,0,10.677,8.2
10/15/19,6:09:21 PM,0,10.679,8.2
10/15/19,6:39:21 PM,0,10.682,8.2
10/15/19,7:09:21 PM,0,10.683,8.2
10/15/19,7:39:21 PM,0,10.685,8.2
10/15/19,8:09:21 PM,0,10.686,8.2
10/15/19,8:39:21 PM,0,10.688,8.2
10/15/19,9:09:21 PM,0,10.688,8.2
10/15/19,9:39:21 PM,0,10.691,8.2
10/15/19,10:09:21 PM,0,10.694,8.2
10/15/19,10:39:21 PM,0,10.694,8.2
10/15/19,11:09:21 PM,0,10.695,8.2
10/15/19,11:39:21 PM,0,10.695,8.2
10/16/19,12:09:21 AM,0,10.697,8.2
10/16/19,12:39:21 AM,0,10.7,8.2
10/16/19,1:09:21 AM,0,10.701,8.2
10/16/19,1:39:21 AM,0,10.701,8.2
10/16/19,2:09:21 AM,0,10.703,8.2
10/16/19,2:39:21 AM,0,10.701,8.2
10/16/19,3:09:21 AM,0,10.704,8.2
10/16/19,3:39:21 AM,0,10.703,8.2
10/16/19,4:09:21 AM,0,10.704,8.2
10/16/19,4:39:21 AM,0,10.706,8.2
10/16/19,5:09:21 AM,0,10.706,8.2
10/16/19,5:39:21 AM,0,10.706,8.2
10/16/19,6:09:21 AM,0,10.706,8.2
10/16/19,6:39:21 AM,0,10.706,8.2
10/16/19,7:09:21 AM,0,10.706,8.2
10/16/19,7:39:21 AM,0,10.707,8.2
10/16/19,8:09:21 AM,0,10.71,8.2
10/16/19,8:39:21 AM,0,10.71,8.2
10/16/19,9:09:21 AM,0,10.712,8.2
10/16/19,9:39:21 AM,0,10.712,8.2
10/16/19,10:09:21 AM,0,10.715,8.2
10/16/19,10:39:21 AM,0,10.718,8.2
10/16/19,11:09:21 AM,0,10.713,8.2
10/16/19,11:39:21 AM,0,10.713,8.2
10/16/19,12:09:21 PM,0,10.712,8.2
10/16/19,12:39:21 PM,0,10.709,8.2
10/16/19,1:09:21 PM,0,10.704,8.2
10/16/19,1:39:21 PM,0,10.703,8.2
10/16/19,2:09:21 PM,0,10.701,8.2
10/16/19,2:39:21 PM,0,10.697,8.2
10/16/19,3:09:21 PM,0,10.695,8.2
10/16/19,3:39:21 PM,0,10.694,8.2
10/16/19,4:09:21 PM,0,10.694,8.2
10/16/19,4:39:21 PM,0,10.692,8.2
10/16/19,5:09:21 PM,0,10.689,8.2
10/16/19,5:39:21 PM,0,10.688,8.2
10/16/19,6:09:21 PM,0,10.688,8.2
10/16/19,6:39:21 PM,0,10.689,8.2
10/16/19,7:09:21 PM,0,10.691,8.2
10/16/19,7:39:21 PM,0,10.689,8.1
10/16/19,8:09:21 PM,0,10.686,8.1
10/16/19,8:39:21 PM,0,10.689,8.1
10/16/19,9:09:21 PM,0,10.689,8.1
10/16/19,9:39:21 PM,0,10.689,8.1
10/16/19,10:09:21 PM,0,10.688,8.1
10/16/19,10:39:21 PM,0,10.685,8.1
10/16/19,11:09:21 PM,0,10.688,8.1
10/16/19,11:39:21 PM,0,10.688,8.1
10/17/19,12:09:21 AM,0,10.688,8.1
10/17/19,12:39:21 AM,0,10.688,8.1
10/17/19,1:09:21 AM,0,10.685,8.1
10/17/19,1:39:21 AM,0,10.682,8.1
10/17/19,2:09:21 AM,0,10.68,8.1
10/17/19,2:39:21 AM,0,10.68,8.1
10/17/19,3:09:21 AM,0,10.68,8.1
10/17/19,3:39:21 AM,0,10.68,8.1
10/17/19,4:09:21 AM,0,10.679,8.1
10/17/19,4:39:21 AM,0,10.677,8.1
10/17/19,5:09:21 AM,0,10.677,8.1
10/17/19,5:39:21 AM,0,10.677,8.1
10/17/19,6:09:21 AM,0,10.677,8.1
10/17/19,6:39:21 AM,0,10.679,8.1
10/17/19,7:09:21 AM,0,10.68,8.1
10/17/19,7:39:21 AM,0,10.682,8.1
10/17/19,8:09:21 AM,0,10.685,8.1
10/17/19,8:39:21 AM,0,10.682,8.1
10/17/19,9:09:21 AM,0,10.68,8.1
10/17/19,9:39:21 AM,0,10.68,8.1
10/17/19,10:09:21 AM,0,10.683,8.1
10/17/19,10:39:21 AM,0,10.682,8.1
10/17/19,11:09:21 AM,0,10.679,8.1
10/17/19,11:39:21 AM,0,10.677,8.1
10/17/19,12:09:21 PM,0,10.676,8.1
10/17/19,12:39:21 PM,0,10.67,8.1
10/17/19,1:09:21 PM,0,10.668,8.1
10/17/19,1:39:21 PM,0,10.667,8.1
10/17/19,2:09:21 PM,0,10.661,8.1
10/17/19,2:39:21 PM,0,10.658,8.1
10/17/19,3:09:21 PM,0,10.655,8.1
10/17/19,3:39:21 PM,0,10.649,8.1
10/17/19,4:09:21 PM,0,10.646,8.1
10/17/19,4:39:21 PM,0,10.646,8.1
10/17/19,5:09:21 PM,0,10.641,8.1
10/17/19,5:39:21 PM,0,10.64,8.1
10/17/19,6:09:21 PM,0,10.635,8.1
10/17/19,6:39:21 PM,0,10.635,8.1
10/17/19,7:09:21 PM,0,10.638,8.1
10/17/19,7:39:21 PM,0,10.641,8.1
10/17/19,8:09:21 PM,0,10.641,8.1
10/17/19,8:39:21 PM,0,10.638,8
10/17/19,9:09:21 PM,0,10.64,8
10/17/19,9:39:21 PM,0,10.638,8
10/17/19,10:09:21 PM,0,10.635,8
10/17/19,10:39:21 PM,0,10.637,8
10/17/19,11:09:21 PM,0,10.638,8
10/17/19,11:39:21 PM,0,10.635,8
10/18/19,12:09:21 AM,0,10.637,8
10/18/19,12:39:21 AM,0,10.634,8
10/18/19,1:09:21 AM,0,10.632,8
10/18/19,1:39:21 AM,0,10.629,8
10/18/19,2:09:21 AM,0,10.625,8
10/18/19,2:39:21 AM,0,10.62,8
10/18/19,3:09:21 AM,0,10.617,8
10/18/19,3:39:21 AM,0,10.611,8
10/18/19,4:09:21 AM,0,10.61,8
10/18/19,4:39:21 AM,0,10.602,8
10/18/19,5:09:21 AM,0,10.602,8
10/18/19,5:39:21 AM,0,10.596,8
10/18/19,6:09:21 AM,0,10.592,8
10/18/19,6:39:21 AM,0,10.589,8
10/18/19,7:09:21 AM,0,10.584,8
10/18/19,7:39:21 AM,0,10.578,8
10/18/19,8:09:21 AM,0,10.574,8
10/18/19,8:39:21 AM,0,10.572,8
10/18/19,9:09:21 AM,0,10.568,8
10/18/19,9:39:21 AM,0,10.565,8
10/18/19,10:09:21 AM,0,10.563,8
10/18/19,10:39:21 AM,0,10.559,8
10/18/19,11:09:21 AM,0,10.553,8
10/18/19,11:39:21 AM,0,10.547,8
10/18/19,12:09:21 PM,0,10.542,8
10/18/19,12:39:21 PM,0,10.538,8
10/18/19,1:09:21 PM,0,10.536,8
10/18/19,1:39:21 PM,0,10.529,8
10/18/19,2:09:21 PM,0,10.523,8
10/18/19,2:39:21 PM,0,10.517,8
10/18/19,3:09:21 PM,0,10.511,8
10/18/19,3:39:21 PM,0,10.506,8
10/18/19,4:09:21 PM,0,10.505,8
10/18/19,4:39:21 PM,0,10.505,8
10/18/19,5:09:21 PM,0,10.503,8
10/18/19,5:39:21 PM,0,10.514,8
10/18/19,6:09:21 PM,0,10.52,8
10/18/19,6:39:21 PM,0,10.521,8
10/18/19,7:09:21 PM,0,10.52,8
10/18/19,7:39:21 PM,0,10.521,8
10/18/19,8:09:21 PM,0,10.52,8
10/18/19,8:39:21 PM,0,10.518,8
10/18/19,9:09:21 PM,0,10.514,8
10/18/19,9:39:21 PM,0,10.511,8
10/18/19,10:09:21 PM,0,10.509,8
10/18/19,10:39:21 PM,0,10.508,8
10/18/19,11:09:21 PM,0,10.505,8
10/18/19,11:39:21 PM,0,10.505,8
10/19/19,12:09:21 AM,0,10.508,8
10/19/19,12:39:21 AM,0,10.505,8
10/19/19,1:09:21 AM,0,10.505,8
10/19/19,1:39:21 AM,0,10.508,8
10/19/19,2:09:21 AM,0,10.511,8
10/19/19,2:39:21 AM,0,10.511,8
10/19/19,3:09:21 AM,0,10.514,8
10/19/19,3:39:21 AM,0,10.515,8
10/19/19,4:09:21 AM,0,10.518,8
10/19/19,4:39:21 AM,0,10.521,8
10/19/19,5:09:21 AM,0,10.523,8
10/19/19,5:39:21 AM,0,10.524,8
10/19/19,6:09:21 AM,0,10.524,8
10/19/19,6:39:21 AM,0,10.527,8
10/19/19,7:09:21 AM,0,10.53,8
10/19/19,7:39:21 AM,0,10.533,8
10/19/19,8:09:21 AM,0,10.535,8
10/19/19,8:39:21 AM,0,10.536,8
10/19/19,9:09:21 AM,0,10.536,8
10/19/19,9:39:21 AM,0,10.538,8
10/19/19,10:09:21 AM,0,10.538,8
10/19/19,10:39:21 AM,0,10.539,8
10/19/19,11:09:21 AM,0,10.541,8
10/19/19,11:39:21 AM,0,10.539,8
10/19/19,12:09:21 PM,0,10.538,8
10/19/19,12:39:21 PM,0,10.536,8
10/19/19,1:09:21 PM,0,10.533,8
10/19/19,1:39:21 PM,0,10.53,8
10/19/19,2:09:21 PM,0,10.529,8
10/19/19,2:39:21 PM,0,10.527,8
10/19/19,3:09:21 PM,0,10.526,8
10/19/19,3:39:21 PM,0,10.526,8
10/19/19,4:09:21 PM,0,10.529,8
10/19/19,4:39:21 PM,0,10.53,8
10/19/19,5:09:21 PM,0,10.533,8
10/19/19,5:39:21 PM,0,10.538,8
10/19/19,6:09:21 PM,0,10.542,8
10/19/19,6:39:21 PM,0,10.545,8
10/19/19,7:09:21 PM,0,10.55,8
10/19/19,7:39:21 PM,0,10.553,8
10/19/19,8:09:21 PM,0,10.554,7.9
10/19/19,8:39:21 PM,0,10.557,7.9
10/19/19,9:09:21 PM,0,10.559,7.9
10/19/19,9:39:21 PM,0,10.56,7.9
10/19/19,10:09:21 PM,0,10.562,7.9
10/19/19,10:39:21 PM,0,10.563,7.9
10/19/19,11:09:21 PM,0,10.563,7.9
10/19/19,11:39:21 PM,0,10.565,7.9
10/20/19,12:09:21 AM,0,10.568,7.9
10/20/19,12:39:21 AM,0,10.568,7.9
10/20/19,1:09:21 AM,0,10.571,7.9
10/20/19,1:39:21 AM,0,10.572,7.9
10/20/19,2:09:21 AM,0,10.574,7.9
10/20/19,2:39:21 AM,0,10.578,7.9
10/20/19,3:09:21 AM,0,10.581,7.9
10/20/19,3:39:21 AM,0,10.58,7.9
10/20/19,4:09:21 AM,0,10.583,7.9
10/20/19,4:39:21 AM,0,10.586,7.9
10/20/19,5:09:21 AM,0,10.587,7.9
10/20/19,5:39:21 AM,0,10.593,7.9
10/20/19,6:09:21 AM,0,10.598,7.9
10/20/19,6:39:21 AM,0,10.602,7.9
10/20/19,7:09:21 AM,0,10.602,7.9
10/20/19,7:39:21 AM,0,10.604,7.9
10/20/19,8:09:21 AM,0,10.607,7.9
10/20/19,8:39:21 AM,0,10.611,7.9
10/20/19,9:09:21 AM,0,10.614,7.9
10/20/19,9:39:21 AM,0,10.616,7.9
10/20/19,10:09:21 AM,0,10.616,7.9
10/20/19,10:39:21 AM,0,10.617,7.9
10/20/19,11:09:21 AM,0,10.617,7.9
10/20/19,11:39:21 AM,0,10.617,7.9
10/20/19,12:09:21 PM,0,10.62,7.9
10/20/19,12:39:21 PM,0,10.619,7.9
10/20/19,1:09:21 PM,0,10.619,7.9
10/20/19,1:39:21 PM,0,10.617,7.9
10/20/19,2:09:21 PM,0,10.617,7.9
10/20/19,2:39:21 PM,0,10.617,7.9
10/20/19,3:09:21 PM,0,10.614,7.9
10/20/19,3:39:21 PM,0,10.617,7.9
10/20/19,4:09:21 PM,0,10.619,7.9
10/20/19,4:39:21 PM,0,10.62,7.9
10/20/19,5:09:21 PM,0,10.62,7.9
10/20/19,5:39:21 PM,0,10.623,7.9
10/20/19,6:09:21 PM,0,10.622,7.9
10/20/19,6:39:21 PM,0,10.62,7.9
10/20/19,7:09:21 PM,0,10.622,7.9
10/20/19,7:39:21 PM,0,10.623,7.9
10/20/19,8:09:21 PM,0,10.625,7.9
10/20/19,8:39:21 PM,0,10.625,7.9
10/20/19,9:09:21 PM,0,10.626,7.9
10/20/19,9:39:21 PM,0,10.626,7.9
10/20/19,10:09:21 PM,0,10.628,7.9
10/20/19,10:39:21 PM,0,10.628,7.9
10/20/19,11:09:21 PM,0,10.628,7.9
10/20/19,11:39:21 PM,0,10.626,7.9
10/21/19,12:09:21 AM,0,10.625,7.9
10/21/19,12:39:21 AM,0,10.623,7.9
10/21/19,1:09:21 AM,0,10.622,7.9
10/21/19,1:39:21 AM,0,10.619,7.9
10/21/19,2:09:21 AM,0,10.614,7.9
10/21/19,2:39:21 AM,0,10.601,7.9
10/21/19,3:09:21 AM,0,10.601,7.9
10/21/19,3:39:21 AM,0,10.599,7.9
10/21/19,4:09:21 AM,0,10.592,7.9
10/21/19,4:39:21 AM,0,10.592,7.8
10/21/19,5:09:21 AM,0,10.587,7.8
10/21/19,5:39:21 AM,0,10.584,7.8
10/21/19,6:09:21 AM,0,10.581,7.8
10/21/19,6:39:21 AM,0,10.58,7.8
10/21/19,7:09:21 AM,0,10.577,7.8
10/21/19,7:39:21 AM,0,10.574,7.8
10/21/19,8:09:21 AM,0,10.571,7.8
10/21/19,8:39:21 AM,0,10.568,7.8
10/21/19,9:09:21 AM,0,10.565,7.8
10/21/19,9:39:21 AM,0,10.557,7.8
10/21/19,10:09:21 AM,0,10.559,7.8
10/21/19,10:39:21 AM,0,10.547,7.8
10/21/19,11:09:21 AM,0,10.535,7.8
10/21/19,11:39:21 AM,0,10.523,7.8
10/21/19,12:09:21 PM,0,10.524,7.8
10/21/19,12:39:21 PM,0,10.517,7.8
10/21/19,1:09:21 PM,0,10.505,7.8
10/21/19,1:39:21 PM,0,10.497,7.8
10/21/19,2:09:21 PM,0,10.491,7.8
10/21/19,2:39:21 PM,0,10.482,7.8
10/21/19,3:09:21 PM,0,10.479,7.8
10/21/19,3:39:21 PM,0,10.482,7.8
10/21/19,4:09:21 PM,0,10.482,7.8
10/21/19,4:39:21 PM,0,10.479,7.8
10/21/19,5:09:21 PM,0,10.481,7.8
10/21/19,5:39:21 PM,0,10.481,7.8
10/21/19,6:09:21 PM,0,10.481,7.8
10/21/19,6:39:21 PM,0,10.484,7.8
10/21/19,7:09:21 PM,0,10.485,7.8
10/21/19,7:39:21 PM,0,10.487,7.8
10/21/19,8:09:21 PM,0,10.487,7.8
10/21/19,8:39:21 PM,0,10.487,7.8
10/21/19,9:09:21 PM,0,10.488,7.8
10/21/19,9:39:21 PM,0,10.49,7.8
10/21/19,10:09:21 PM,0,10.49,7.8
10/21/19,10:39:21 PM,0,10.49,7.8
10/21/19,11:09:21 PM,0,10.488,7.8
10/21/19,11:39:21 PM,0,10.488,7.8
10/22/19,12:09:21 AM,0,10.488,7.8
10/22/19,12:39:21 AM,0,10.488,7.8
10/22/19,1:09:21 AM,0,10.485,7.8
10/22/19,1:39:21 AM,0,10.484,7.8
10/22/19,2:09:21 AM,0,10.482,7.8
10/22/19,2:39:21 AM,0,10.479,7.8
10/22/19,3:09:21 AM,0,10.478,7.8
10/22/19,3:39:21 AM,0,10.478,7.8
10/22/19,4:09:21 AM,0,10.478,7.8
10/22/19,4:39:21 AM,0,10.479,7.8
10/22/19,5:09:21 AM,0,10.479,7.8
10/22/19,5:39:21 AM,0,10.482,7.8
10/22/19,6:09:21 AM,0,10.482,7.8
10/22/19,6:39:21 AM,0,10.484,7.8
10/22/19,7:09:21 AM,0,10.484,7.8
10/22/19,7:39:21 AM,0,10.485,7.8
10/22/19,8:09:21 AM,0,10.487,7.8
10/22/19,8:39:21 AM,0,10.49,7.8
10/22/19,9:09:21 AM,0,10.493,7.8
10/22/19,9:39:21 AM,0,10.496,7.8
10/22/19,10:09:21 AM,0,10.496,7.8
10/22/19,10:39:21 AM,0,10.497,7.8
10/22/19,11:09:21 AM,0,10.502,7.8
10/22/19,11:39:21 AM,0,10.503,7.8
10/22/19,12:09:21 PM,0,10.503,7.8
10/22/19,12:39:21 PM,0,10.506,7.8
10/22/19,1:09:21 PM,0,10.508,7.8
10/22/19,1:39:21 PM,0,10.511,7.8
10/22/19,2:09:21 PM,0,10.514,7.8
10/22/19,2:39:21 PM,0,10.518,7.8
10/22/19,3:09:21 PM,0,10.523,7.8
10/22/19,3:39:21 PM,0,10.527,7.8
10/22/19,4:09:21 PM,0,10.533,7.8
10/22/19,4:39:21 PM,0,10.538,7.8
10/22/19,5:09:21 PM,0,10.541,7.7
10/22/19,5:39:21 PM,0,10.545,7.7
10/22/19,6:09:21 PM,0,10.55,7.7
10/22/19,6:39:21 PM,0,10.553,7.7
10/22/19,7:09:21 PM,0,10.556,7.7
10/22/19,7:39:21 PM,0,10.56,7.7
10/22/19,8:09:21 PM,0,10.563,7.7
10/22/19,8:39:21 PM,0,10.566,7.7
10/22/19,9:09:21 PM,0,10.569,7.7
10/22/19,9:39:21 PM,0,10.569,7.7
10/22/19,10:09:21 PM,0,10.572,7.7
10/22/19,10:39:21 PM,0,10.575,7.7
10/22/19,11:09:21 PM,0,10.578,7.7
10/22/19,11:39:21 PM,0,10.58,7.7
10/23/19,12:09:21 AM,0,10.581,7.7
10/23/19,12:39:21 AM,0,10.58,7.7
10/23/19,1:09:21 AM,0,10.581,7.7
10/23/19,1:39:21 AM,0,10.584,7.7
10/23/19,2:09:21 AM,0,10.584,7.7
10/23/19,2:39:21 AM,0,10.587,7.7
10/23/19,3:09:21 AM,0,10.59,7.7
10/23/19,3:39:21 AM,0,10.593,7.7
10/23/19,4:09:21 AM,0,10.595,7.7
10/23/19,4:39:21 AM,0,10.602,7.7
10/23/19,5:09:21 AM,0,10.607,7.7
10/23/19,5:39:21 AM,0,10.611,7.7
10/23/19,6:09:21 AM,0,10.613,7.7
10/23/19,6:39:21 AM,0,10.614,7.6
10/23/19,7:09:21 AM,0,10.616,7.6
10/23/19,7:39:21 AM,0,10.619,7.6
10/23/19,8:09:21 AM,0,10.623,7.6
10/23/19,8:39:21 AM,0,10.628,7.6
10/23/19,9:09:21 AM,0,10.634,7.6
10/23/19,9:39:21 AM,0,10.637,7.6
10/23/19,10:09:21 AM,0,10.64,7.6
10/23/19,10:39:21 AM,0,10.641,7.6
10/23/19,11:09:21 AM,0,10.644,7.6
10/23/19,11:39:21 AM,0,10.65,7.6
10/23/19,12:09:21 PM,0,10.652,7.6
10/23/19,12:39:21 PM,0,10.655,7.6
10/23/19,1:09:21 PM,0,10.656,7.6
10/23/19,1:39:21 PM,0,10.658,7.6
10/23/19,2:09:21 PM,0,10.659,7.6
10/23/19,2:39:21 PM,0,10.662,7.6
10/23/19,3:09:21 PM,0,10.665,7.6
10/23/19,3:39:21 PM,0,10.67,7.6
10/23/19,4:09:21 PM,0,10.674,7.6
10/23/19,4:39:21 PM,0,10.679,7.6
10/23/19,5:09:21 PM,0,10.683,7.6
10/23/19,5:39:21 PM,0,10.688,7.6
10/23/19,6:09:21 PM,0,10.692,7.6
10/23/19,6:39:21 PM,0,10.698,7.6
10/23/19,7:09:21 PM,0,10.703,7.6
10/23/19,7:39:21 PM,0,10.707,7.6
10/23/19,8:09:21 PM,0,10.712,7.6
10/23/19,8:39:21 PM,0,10.715,7.6
10/23/19,9:09:21 PM,0,10.716,7.6
10/23/19,9:39:21 PM,0,10.719,7.6
10/23/19,10:09:21 PM,0,10.721,7.6
10/23/19,10:39:21 PM,0,10.724,7.6
10/23/19,11:09:21 PM,0,10.725,7.6
10/23/19,11:39:21 PM,0,10.727,7.6
10/24/19,12:09:21 AM,0,10.728,7.6
10/24/19,12:39:21 AM,0,10.728,7.6
10/24/19,1:09:21 AM,0,10.73,7.6
10/24/19,1:39:21 AM,0,10.731,7.6
10/24/19,2:09:21 AM,0,10.734,7.6
10/24/19,2:39:21 AM,0,10.737,7.6
10/24/19,3:09:21 AM,0,10.737,7.5
10/24/19,3:39:21 AM,0,10.739,7.5
10/24/19,4:09:21 AM,0,10.74,7.5
10/24/19,4:39:21 AM,0,10.742,7.5
10/24/19,5:09:21 AM,0,10.746,7.5
10/24/19,5:39:21 AM,0,10.752,7.5
10/24/19,6:09:21 AM,0,10.754,7.5
10/24/19,6:39:21 AM,0,10.757,7.5
10/24/19,7:09:21 AM,0,10.758,7.5
10/24/19,7:39:21 AM,0,10.763,7.5
10/24/19,8:09:21 AM,0,10.766,7.5
10/24/19,8:39:21 AM,0,10.772,7.5
10/24/19,9:09:21 AM,0,10.775,7.5
10/24/19,9:39:21 AM,0,10.776,7.5
10/24/19,10:09:21 AM,0,10.776,7.5
10/24/19,10:39:21 AM,0,10.779,7.5
10/24/19,11:09:21 AM,0,10.781,7.5
10/24/19,11:39:21 AM,0,10.781,7.5
10/24/19,12:09:21 PM,0,10.782,7.5
10/24/19,12:39:21 PM,0,10.779,7.5
10/24/19,1:09:21 PM,0,10.779,7.5
10/24/19,1:39:21 PM,0,10.781,7.5
10/24/19,2:09:21 PM,0,10.779,7.5
10/24/19,2:39:21 PM,0,10.778,7.5
10/24/19,3:09:21 PM,0,10.775,7.5
10/24/19,3:39:21 PM,0,10.776,7.5
10/24/19,4:09:21 PM,0,10.776,7.5
10/24/19,4:39:21 PM,0,10.775,7.5
10/24/19,5:09:21 PM,0,10.775,7.5
10/24/19,5:39:21 PM,0,10.773,7.5
10/24/19,6:09:21 PM,0,10.773,7.5
10/24/19,6:39:21 PM,0,10.775,7.5
10/24/19,7:09:21 PM,0,10.776,7.4
10/24/19,7:39:21 PM,0,10.776,7.4
10/24/19,8:09:21 PM,0,10.775,7.4
10/24/19,8:39:21 PM,0,10.775,7.4
10/24/19,9:09:21 PM,0,10.775,7.4
10/24/19,9:39:21 PM,0,10.776,7.4
10/24/19,10:09:21 PM,0,10.773,7.4
10/24/19,10:39:21 PM,0,10.773,7.4
10/24/19,11:09:21 PM,0,10.775,7.4
10/24/19,11:39:21 PM,0,10.769,7.4
10/25/19,12:09:21 AM,0,10.766,7.4
10/25/19,12:39:21 AM,0,10.766,7.4
10/25/19,1:09:21 AM,0,10.763,7.4
10/25/19,1:39:21 AM,0,10.763,7.4
10/25/19,2:09:21 AM,0,10.76,7.4
10/25/19,2:39:21 AM,0,10.758,7.4
10/25/19,3:09:21 AM,0,10.755,7.4
10/25/19,3:39:21 AM,0,10.749,7.4
10/25/19,4:09:21 AM,0,10.746,7.3
10/25/19,4:39:21 AM,0,10.745,7.3
10/25/19,5:09:21 AM,0,10.742,7.3
10/25/19,5:39:21 AM,0,10.742,7.3
10/25/19,6:09:21 AM,0,10.739,7.3
10/25/19,6:39:21 AM,0,10.736,7.3
10/25/19,7:09:21 AM,0,10.733,7.3
10/25/19,7:39:21 AM,0,10.731,7.3
10/25/19,8:09:21 AM,0,10.73,7.3
10/25/19,8:39:21 AM,0,10.728,7.3
10/25/19,9:09:21 AM,0,10.727,7.3
10/25/19,9:39:21 AM,0,10.724,7.3
10/25/19,10:09:21 AM,0,10.719,7.3
10/25/19,10:39:21 AM,0,10.715,7.3
10/25/19,11:09:21 AM,0,10.707,7.3
10/25/19,11:39:21 AM,0,10.706,7.3
10/25/19,12:09:21 PM,0,10.704,7.3
10/25/19,12:39:21 PM,0,10.697,7.3
10/25/19,1:09:21 PM,0,10.689,7.3
10/25/19,1:39:21 PM,0,10.683,7.3
10/25/19,2:09:21 PM,0,10.676,7.3
10/25/19,2:39:21 PM,0,10.67,7.3
10/25/19,3:09:21 PM,0,10.667,7.3
10/25/19,3:39:21 PM,0,10.662,7.3
10/25/19,4:09:21 PM,0,10.661,7.3
10/25/19,4:39:21 PM,0,10.659,7.3
10/25/19,5:09:21 PM,0,10.658,7.3
10/25/19,5:39:21 PM,0,10.656,7.3
10/25/19,6:09:21 PM,0,10.655,7.3
10/25/19,6:39:21 PM,0,10.655,7.3
10/25/19,7:09:21 PM,0,10.655,7.3
10/25/19,7:39:21 PM,0,10.653,7.3
10/25/19,8:09:21 PM,0,10.652,7.3
10/25/19,8:39:21 PM,0,10.65,7.3
10/25/19,9:09:21 PM,0,10.647,7.3
10/25/19,9:39:21 PM,0,10.646,7.3
10/25/19,10:09:21 PM,0,10.646,7.3
10/25/19,10:39:21 PM,0,10.644,7.3
10/25/19,11:09:21 PM,0,10.641,7.3
10/25/19,11:39:21 PM,0,10.641,7.3
10/26/19,12:09:21 AM,0,10.638,7.3
10/26/19,12:39:21 AM,0,10.637,7.3
10/26/19,1:09:21 AM,0,10.637,7.3
10/26/19,1:39:21 AM,0,10.635,7.3
10/26/19,2:09:21 AM,0,10.632,7.3
10/26/19,2:39:21 AM,0,10.629,7.3
10/26/19,3:09:21 AM,0,10.623,7.3
10/26/19,3:39:21 AM,0,10.617,7.2
10/26/19,4:09:21 AM,0,10.611,7.2
10/26/19,4:39:21 AM,0,10.608,7.2
10/26/19,5:09:21 AM,0,10.602,7.2
10/26/19,5:39:21 AM,0,10.598,7.2
10/26/19,6:09:21 AM,0,10.596,7.2
10/26/19,6:39:21 AM,0,10.593,7.2
10/26/19,7:09:21 AM,0,10.592,7.2
10/26/19,7:39:21 AM,0,10.592,7.2
10/26/19,8:09:21 AM,0,10.589,7.2
10/26/19,8:39:21 AM,0,10.59,7.2
10/26/19,9:09:21 AM,0,10.587,7.2
10/26/19,9:39:21 AM,0,10.584,7.2
10/26/19,10:09:21 AM,0,10.583,7.2
10/26/19,10:39:21 AM,0,10.578,7.2
10/26/19,11:09:21 AM,0,10.574,7.2
10/26/19,11:39:21 AM,0,10.577,7.2
10/26/19,12:09:21 PM,0,10.577,7.2
10/26/19,12:39:21 PM,0,10.572,7.2
10/26/19,1:09:21 PM,0,10.571,7.2
10/26/19,1:39:21 PM,0,10.569,7.2
10/26/19,2:09:21 PM,0,10.568,7.2
10/26/19,2:39:21 PM,0,10.563,7.2
10/26/19,3:09:21 PM,0,10.562,7.2
10/26/19,3:39:21 PM,0,10.562,7.2
10/26/19,4:09:21 PM,0,10.563,7.2
10/26/19,4:39:21 PM,0,10.566,7.2
10/26/19,5:09:21 PM,0,10.566,7.2
10/26/19,5:39:21 PM,0,10.569,7.2
10/26/19,6:09:21 PM,0,10.571,7.2
10/26/19,6:39:21 PM,0,10.572,7.2
10/26/19,7:09:21 PM,0,10.571,7.2
10/26/19,7:39:21 PM,0,10.574,7.2
10/26/19,8:09:21 PM,0,10.574,7.2
10/26/19,8:39:21 PM,0,10.575,7.2
10/26/19,9:09:21 PM,0,10.575,7.2
10/26/19,9:39:21 PM,0,10.574,7.2
10/26/19,10:09:21 PM,0,10.574,7.2
10/26/19,10:39:21 PM,0,10.578,7.2
10/26/19,11:09:21 PM,0,10.581,7.2
10/26/19,11:39:21 PM,0,10.584,7.2
10/27/19,12:09:21 AM,0,10.584,7.2
10/27/19,12:39:21 AM,0,10.584,7.2
10/27/19,1:09:21 AM,0,10.586,7.2
10/27/19,1:39:21 AM,0,10.584,7.2
10/27/19,2:09:21 AM,0,10.583,7.2
10/27/19,2:39:21 AM,0,10.59,7.2
10/27/19,3:09:21 AM,0,10.589,7.2
10/27/19,3:39:21 AM,0,10.589,7.2
10/27/19,4:09:21 AM,0,10.598,7.2
10/27/19,4:39:21 AM,0,10.61,7.2
10/27/19,5:09:21 AM,0,10.607,7.2
10/27/19,5:39:21 AM,0,10.608,7.2
10/27/19,6:09:21 AM,0,10.616,7.2
10/27/19,6:39:21 AM,0,10.616,7.2
10/27/19,7:09:21 AM,0,10.62,7.2
10/27/19,7:39:21 AM,0,10.616,7.2
10/27/19,8:09:21 AM,0,10.619,7.2
10/27/19,8:39:21 AM,0,10.626,7.2
10/27/19,9:09:21 AM,0,10.632,7.2
10/27/19,9:39:21 AM,0,10.638,7.2
10/27/19,10:09:21 AM,0,10.638,7.2
10/27/19,10:39:21 AM,0,10.641,7.2
10/27/19,11:09:21 AM,0,10.646,7.2
10/27/19,11:39:21 AM,0,10.646,7.2
10/27/19,12:09:21 PM,0,10.647,7.2
10/27/19,12:39:21 PM,0,10.641,7.2
10/27/19,1:09:21 PM,0,10.644,7.2
10/27/19,1:39:21 PM,0,10.646,7.2
10/27/19,2:09:21 PM,0,10.649,7.2
10/27/19,2:39:21 PM,0,10.65,7.2
10/27/19,3:09:21 PM,0,10.649,7.2
10/27/19,3:39:21 PM,0,10.653,7.2
10/27/19,4:09:21 PM,0,10.656,7.2
10/27/19,4:39:21 PM,0,10.652,7.2
10/27/19,5:09:21 PM,0,10.656,7.2
10/27/19,5:39:21 PM,0,10.655,7.2
10/27/19,6:09:21 PM,0,10.658,7.1
10/27/19,6:39:21 PM,0,10.658,7.1
10/27/19,7:09:21 PM,0,10.661,7.2
10/27/19,7:39:21 PM,0,10.665,7.2
10/27/19,8:09:21 PM,0,10.664,7.2
10/27/19,8:39:21 PM,0,10.664,7.2
10/27/19,9:09:21 PM,0,10.664,7.1
10/27/19,9:39:21 PM,0,10.667,7.1
10/27/19,10:09:21 PM,0,10.671,7.1
10/27/19,10:39:21 PM,0,10.671,7.1
10/27/19,11:09:21 PM,0,10.673,7.1
10/27/19,11:39:21 PM,0,10.673,7.1
10/28/19,12:09:21 AM,0,10.673,7.1
10/28/19,12:39:21 AM,0,10.673,7.1
10/28/19,1:09:21 AM,0,10.673,7.1
10/28/19,1:39:21 AM,0,10.67,7.1
10/28/19,2:09:21 AM,0,10.673,7.1
10/28/19,2:39:21 AM,0,10.676,7.1
10/28/19,3:09:21 AM,0,10.671,7.1
10/28/19,3:39:21 AM,0,10.671,7.1
10/28/19,4:09:21 AM,0,10.671,7.1
10/28/19,4:39:21 AM,0,10.67,7.1
10/28/19,5:09:21 AM,0,10.668,7.1
10/28/19,5:39:21 AM,0,10.67,7.1
10/28/19,6:09:21 AM,0,10.668,7.1
10/28/19,6:39:21 AM,0,10.67,7.1
10/28/19,7:09:21 AM,0,10.671,7.1
10/28/19,7:39:21 AM,0,10.668,7.1
10/28/19,8:09:21 AM,0,10.668,7
10/28/19,8:39:21 AM,0,10.671,7
10/28/19,9:09:21 AM,0,10.673,7
10/28/19,9:39:21 AM,0,10.674,7
10/28/19,10:09:21 AM,0,10.677,7
10/28/19,10:39:21 AM,0,10.679,7
10/28/19,11:09:21 AM,0,10.677,7
10/28/19,11:39:21 AM,0,10.68,7
10/28/19,12:09:21 PM,0,10.679,7
10/28/19,12:39:21 PM,0,10.679,7
10/28/19,1:09:21 PM,0,10.677,7
10/28/19,1:39:21 PM,0,10.679,7
10/28/19,2:09:21 PM,0,10.677,7
10/28/19,2:39:21 PM,0,10.677,7
10/28/19,3:09:21 PM,0,10.676,7
10/28/19,3:39:21 PM,0,10.679,7
10/28/19,4:09:21 PM,0,10.679,7
10/28/19,4:39:21 PM,0,10.679,7
10/28/19,5:09:21 PM,0,10.679,7
10/28/19,5:39:21 PM,0,10.679,7
10/28/19,6:09:21 PM,0,10.68,7
10/28/19,6:39:21 PM,0,10.682,7
10/28/19,7:09:21 PM,0,10.682,7
10/28/19,7:39:21 PM,0,10.682,7
10/28/19,8:09:21 PM,0,10.682,7
10/28/19,8:39:21 PM,0,10.685,7
10/28/19,9:09:21 PM,0,10.685,7
10/28/19,9:39:21 PM,0,10.686,7
10/28/19,10:09:21 PM,0,10.688,7
10/28/19,10:39:21 PM,0,10.688,7
10/28/19,11:09:21 PM,0,10.689,6.9
10/28/19,11:39:21 PM,0,10.688,6.9
10/29/19,12:09:21 AM,0,10.688,6.9
10/29/19,12:39:21 AM,0,10.686,6.9
10/29/19,1:09:21 AM,0,10.688,6.9
10/29/19,1:39:21 AM,0,10.686,6.9
10/29/19,2:09:21 AM,0,10.686,6.9
10/29/19,2:39:21 AM,0,10.691,6.9
10/29/19,3:09:21 AM,0,10.689,6.9
10/29/19,3:39:21 AM,0,10.691,6.9
10/29/19,4:09:21 AM,0,10.689,6.9
10/29/19,4:39:21 AM,0,10.689,6.9
10/29/19,5:09:21 AM,0,10.691,6.9
10/29/19,5:39:21 AM,0,10.694,6.9
10/29/19,6:09:21 AM,0,10.697,6.9
10/29/19,6:39:21 AM,0,10.701,6.9
10/29/19,7:09:21 AM,0,10.7,6.9
10/29/19,7:39:21 AM,0,10.704,6.9
10/29/19,8:09:21 AM,0,10.704,6.9
10/29/19,8:39:21 AM,0,10.706,6.9
10/29/19,9:09:21 AM,0,10.709,6.8
10/29/19,9:39:21 AM,0,10.71,6.8
10/29/19,10:09:21 AM,0,10.71,6.8
10/29/19,10:39:21 AM,0,10.716,6.8
10/29/19,11:09:21 AM,0,10.719,6.8
10/29/19,11:39:21 AM,0,10.722,6.8
10/29/19,12:09:21 PM,0,10.725,6.8
10/29/19,12:39:21 PM,0,10.725,6.8
10/29/19,1:09:21 PM,0,10.725,6.8
10/29/19,1:39:21 PM,0,10.725,6.8
10/29/19,2:09:21 PM,0,10.722,6.8
10/29/19,2:39:21 PM,0,10.722,6.8
10/29/19,3:09:21 PM,0,10.721,6.8
10/29/19,3:39:21 PM,0,10.722,6.8
10/29/19,4:09:21 PM,0,10.725,6.8
10/29/19,4:39:21 PM,0,10.727,6.8
10/29/19,5:09:21 PM,0,10.725,6.8
10/29/19,5:39:21 PM,0,10.728,6.8
10/29/19,6:09:21 PM,0,10.73,6.8
10/29/19,6:39:21 PM,0,10.733,6.8
10/29/19,7:09:21 PM,0,10.734,6.8
10/29/19,7:39:21 PM,0,10.74,6.8
10/29/19,8:09:21 PM,0,10.742,6.8
10/29/19,8:39:21 PM,0,10.743,6.8
10/29/19,9:09:21 PM,0,10.74,6.8
10/29/19,9:39:21 PM,0,10.74,6.8
10/29/19,10:09:21 PM,0,10.742,6.8
10/29/19,10:39:21 PM,0,10.743,6.8
10/29/19,11:09:21 PM,0,10.745,6.8
10/29/19,11:39:21 PM,0,10.745,6.8
10/30/19,12:09:21 AM,0,10.743,6.7
10/30/19,12:39:21 AM,0,10.743,6.7
10/30/19,1:09:21 AM,0,10.745,6.7
10/30/19,1:39:21 AM,0,10.743,6.7
10/30/19,2:09:21 AM,0,10.745,6.7
10/30/19,2:39:21 AM,0,10.745,6.7
10/30/19,3:09:21 AM,0,10.742,6.7
10/30/19,3:39:21 AM,0,10.742,6.7
10/30/19,4:09:21 AM,0,10.745,6.7
10/30/19,4:39:21 AM,0,10.745,6.7
10/30/19,5:09:21 AM,0,10.746,6.7
10/30/19,5:39:21 AM,0,10.746,6.7
10/30/19,6:09:21 AM,0,10.748,6.7
10/30/19,6:39:21 AM,0,10.746,6.7
10/30/19,7:09:21 AM,0,10.745,6.7
10/30/19,7:39:21 AM,0,10.749,6.7
10/30/19,8:09:21 AM,0,10.749,6.7
10/30/19,8:39:21 AM,0,10.752,6.7
10/30/19,9:09:21 AM,0,10.751,6.7
10/30/19,9:39:21 AM,0,10.752,6.7
10/30/19,10:09:21 AM,0,10.751,6.7
10/30/19,10:39:21 AM,0,10.752,6.7
10/30/19,11:09:21 AM,0,10.752,6.7
10/30/19,11:39:21 AM,0,10.752,6.7
10/30/19,12:09:21 PM,0,10.751,6.7
10/30/19,12:39:21 PM,0,10.749,6.7
10/30/19,1:09:21 PM,0,10.746,6.7
10/30/19,1:39:21 PM,0,10.746,6.7
10/30/19,2:09:21 PM,0,10.743,6.7
10/30/19,2:39:21 PM,0,10.74,6.7
10/30/19,3:09:21 PM,0,10.739,6.7
10/30/19,3:39:21 PM,0,10.737,6.7
10/30/19,4:09:21 PM,0,10.737,6.7
10/30/19,4:39:21 PM,0,10.737,6.7
10/30/19,5:09:21 PM,0,10.736,6.7
10/30/19,5:39:21 PM,0,10.734,6.7
10/30/19,6:09:21 PM,0,10.736,6.7
10/30/19,6:39:21 PM,0,10.736,6.7
10/30/19,7:09:21 PM,0,10.736,6.7
10/30/19,7:39:21 PM,0,10.734,6.7
10/30/19,8:09:21 PM,0,10.733,6.7
10/30/19,8:39:21 PM,0,10.731,6.6
10/30/19,9:09:21 PM,0,10.73,6.7
10/30/19,9:39:21 PM,0,10.728,6.6
10/30/19,10:09:21 PM,0,10.725,6.6
10/30/19,10:39:21 PM,0,10.722,6.6
10/30/19,11:09:21 PM,0,10.722,6.6
10/30/19,11:39:21 PM,0,10.719,6.6
10/31/19,12:09:21 AM,0,10.718,6.6
10/31/19,12:39:21 AM,0,10.715,6.6
10/31/19,1:09:21 AM,0,10.715,6.6
10/31/19,1:39:21 AM,0,10.713,6.6
10/31/19,2:09:21 AM,0,10.713,6.6
10/31/19,2:39:21 AM,0,10.71,6.6
10/31/19,3:09:21 AM,0,10.709,6.6
10/31/19,3:39:21 AM,0,10.706,6.6
10/31/19,4:09:21 AM,0,10.703,6.6
10/31/19,4:39:21 AM,0,10.701,6.7
10/31/19,5:09:21 AM,0,10.698,6.6
10/31/19,5:39:21 AM,0,10.697,6.6
10/31/19,6:09:21 AM,0,10.697,6.6
10/31/19,6:39:21 AM,0,10.694,6.6
10/31/19,7:09:21 AM,0,10.692,6.6
10/31/19,7:39:21 AM,0,10.692,6.6
10/31/19,8:09:21 AM,0,10.691,6.6
10/31/19,8:39:21 AM,0,10.689,6.6
10/31/19,9:09:21 AM,0,10.688,6.6
10/31/19,9:39:21 AM,0,10.688,6.6
10/31/19,10:09:21 AM,0,10.688,6.6
10/31/19,10:39:21 AM,0,10.683,6.6
10/31/19,11:09:21 AM,0,10.679,6.6
10/31/19,11:39:21 AM,0,10.679,6.6
10/31/19,12:09:21 PM,0,10.676,6.6
10/31/19,12:39:21 PM,0,10.673,6.6
10/31/19,1:09:21 PM,0,10.667,6.6
10/31/19,1:39:21 PM,0,10.661,6.6
10/31/19,2:09:21 PM,0,10.658,6.6
10/31/19,2:39:21 PM,0,10.653,6.6
10/31/19,3:09:21 PM,0,10.652,6.6
10/31/19,3:39:21 PM,0,10.647,6.6
10/31/19,4:09:21 PM,0,10.646,6.6
10/31/19,4:39:21 PM,0,10.646,6.6
10/31/19,5:09:21 PM,0,10.646,6.6
10/31/19,5:39:21 PM,0,10.641,6.6
10/31/19,6:09:21 PM,0,10.641,6.6
10/31/19,6:39:21 PM,0,10.641,6.6
10/31/19,7:09:21 PM,0,10.643,6.6
10/31/19,7:39:21 PM,0,10.643,6.6
10/31/19,8:09:21 PM,0,10.64,6.6
10/31/19,8:39:21 PM,0,10.638,6.6
10/31/19,9:09:21 PM,0,10.634,6.5
10/31/19,9:39:21 PM,0,10.632,6.5
10/31/19,10:09:21 PM,0,10.629,6.5
10/31/19,10:39:21 PM,0,10.628,6.5
10/31/19,11:09:21 PM,0,10.626,6.5
10/31/19,11:39:21 PM,0,10.622,6.5
11/1/19,12:09:21 AM,0,10.619,6.5
11/1/19,12:39:21 AM,0,10.619,6.5
11/1/19,1:09:21 AM,0,10.619,6.5
11/1/19,1:39:21 AM,0,10.616,6.5
11/1/19,2:09:21 AM,0,10.614,6.5
11/1/19,2:39:21 AM,0,10.616,6.5
11/1/19,3:09:21 AM,0,10.614,6.5
11/1/19,3:39:21 AM,0,10.613,6.5
11/1/19,4:09:21 AM,0,10.614,6.5
11/1/19,4:39:21 AM,0,10.614,6.5
11/1/19,5:09:21 AM,0,10.616,6.5
11/1/19,5:39:21 AM,0,10.617,6.5
11/1/19,6:09:21 AM,0,10.619,6.5
11/1/19,6:39:21 AM,0,10.622,6.5
11/1/19,7:09:21 AM,0,10.623,6.5
11/1/19,7:39:21 AM,0,10.626,6.5
11/1/19,8:09:21 AM,0,10.629,6.5
11/1/19,8:39:21 AM,0,10.632,6.5
11/1/19,9:09:21 AM,0,10.637,6.5
11/1/19,9:39:21 AM,0,10.638,6.5
11/1/19,10:09:21 AM,0,10.64,6.5
11/1/19,10:39:21 AM,0,10.643,6.5
11/1/19,11:09:21 AM,0,10.646,6.5
11/1/19,11:39:21 AM,0,10.647,6.5
11/1/19,12:09:21 PM,0,10.649,6.5
11/1/19,12:39:21 PM,0,10.65,6.5
11/1/19,1:09:21 PM,0,10.652,6.5
11/1/19,1:39:21 PM,0,10.652,6.5
11/1/19,2:09:21 PM,0,10.653,6.5
11/1/19,2:39:21 PM,0,10.653,6.5
11/1/19,3:09:21 PM,0,10.655,6.5
11/1/19,3:39:21 PM,0,10.656,6.5
11/1/19,4:09:21 PM,0,10.656,6.5
11/1/19,4:39:21 PM,0,10.659,6.5
11/1/19,5:09:21 PM,0,10.661,6.5
11/1/19,5:39:21 PM,0,10.662,6.5
11/1/19,6:09:21 PM,0,10.664,6.5
11/1/19,6:39:21 PM,0,10.664,6.5
11/1/19,7:09:21 PM,0,10.664,6.5
11/1/19,7:39:21 PM,0,10.664,6.5
11/1/19,8:09:21 PM,0,10.665,6.5
11/1/19,8:39:21 PM,0,10.662,6.5
11/1/19,9:09:21 PM,0,10.661,6.5
11/1/19,9:39:21 PM,0,10.659,6.5
11/1/19,10:09:21 PM,0,10.658,6.5
11/1/19,10:39:21 PM,0,10.656,6.5
11/1/19,11:09:21 PM,0,10.653,6.5
11/1/19,11:39:21 PM,0,10.653,6.5
11/2/19,12:09:21 AM,0,10.652,6.5
11/2/19,12:39:21 AM,0,10.652,6.5
11/2/19,1:09:21 AM,0,10.653,6.5
11/2/19,1:39:21 AM,0,10.658,6.5
11/2/19,2:09:21 AM,0,10.658,6.5
11/2/19,2:39:21 AM,0,10.658,6.5
11/2/19,3:09:21 AM,0,10.659,6.5
11/2/19,3:39:21 AM,0,10.659,6.5
11/2/19,4:09:21 AM,0,10.659,6.5
11/2/19,4:39:21 AM,0,10.661,6.5
11/2/19,5:09:21 AM,0,10.662,6.5
11/2/19,5:39:21 AM,0,10.662,6.4
11/2/19,6:09:21 AM,0,10.664,6.4
11/2/19,6:39:21 AM,0,10.664,6.4
11/2/19,7:09:21 AM,0,10.662,6.4
11/2/19,7:39:21 AM,0,10.662,6.4
11/2/19,8:09:21 AM,0,10.662,6.4
11/2/19,8:39:21 AM,0,10.665,6.4
11/2/19,9:09:21 AM,0,10.667,6.4
11/2/19,9:39:21 AM,0,10.668,6.4
11/2/19,10:09:21 AM,0,10.67,6.4
11/2/19,10:39:21 AM,0,10.671,6.4
11/2/19,11:09:21 AM,0,10.673,6.4
11/2/19,11:39:21 AM,0,10.674,6.4
11/2/19,12:09:21 PM,0,10.674,6.4
11/2/19,12:39:21 PM,0,10.676,6.4
11/2/19,1:09:21 PM,0,10.674,6.4
11/2/19,1:39:21 PM,0,10.673,6.4
11/2/19,2:09:21 PM,0,10.673,6.4
11/2/19,2:39:21 PM,0,10.671,6.4
11/2/19,3:09:21 PM,0,10.671,6.4
11/2/19,3:39:21 PM,0,10.673,6.4
11/2/19,4:09:21 PM,0,10.674,6.4
11/2/19,4:39:21 PM,0,10.674,6.4
11/2/19,5:09:21 PM,0,10.673,6.4
11/2/19,5:39:21 PM,0,10.673,6.4
11/2/19,6:09:21 PM,0,10.674,6.4
11/2/19,6:39:21 PM,0,10.677,6.4
11/2/19,7:09:21 PM,0,10.677,6.4
11/2/19,7:39:21 PM,0,10.677,6.4
11/2/19,8:09:21 PM,0,10.674,6.4
11/2/19,8:39:21 PM,0,10.674,6.4
11/2/19,9:09:21 PM,0,10.673,6.4
11/2/19,9:39:21 PM,0,10.671,6.4
11/2/19,10:09:21 PM,0,10.673,6.4
11/2/19,10:39:21 PM,0,10.67,6.4
11/2/19,11:09:21 PM,0,10.671,6.4
11/2/19,11:39:21 PM,0,10.671,6.4
11/3/19,12:09:21 AM,0,10.671,6.4
11/3/19,12:39:21 AM,0,10.671,6.4
11/3/19,1:09:21 AM,0,10.668,6.4
11/3/19,1:39:21 AM,0,10.667,6.4
11/3/19,2:09:21 AM,0,10.665,6.4
11/3/19,2:39:21 AM,0,10.662,6.4
11/3/19,3:09:21 AM,0,10.659,6.4
11/3/19,3:39:21 AM,0,10.658,6.4
11/3/19,4:09:21 AM,0,10.656,6.4
11/3/19,4:39:21 AM,0,10.656,6.4
11/3/19,5:09:21 AM,0,10.655,6.4
11/3/19,5:39:21 AM,0,10.655,6.4
11/3/19,6:09:21 AM,0,10.653,6.4
11/3/19,6:39:21 AM,0,10.649,6.4
11/3/19,7:09:21 AM,0,10.649,6.4
11/3/19,7:39:21 AM,0,10.646,6.4
11/3/19,8:09:21 AM,0,10.646,6.4
11/3/19,8:39:21 AM,0,10.646,6.4
11/3/19,9:09:21 AM,0,10.644,6.4
11/3/19,9:39:21 AM,0,10.644,6.4
11/3/19,10:09:21 AM,0,10.643,6.4
11/3/19,10:39:21 AM,0,10.643,6.4
11/3/19,11:09:21 AM,0,10.644,6.4
11/3/19,11:39:21 AM,0,10.644,6.4
11/3/19,12:09:21 PM,0,10.64,6.4
11/3/19,12:39:21 PM,0,10.635,6.4
11/3/19,1:09:21 PM,0,10.632,6.4
11/3/19,1:39:21 PM,0,10.626,6.4
11/3/19,2:09:21 PM,0,10.623,6.4
11/3/19,2:39:21 PM,0,10.62,6.4
11/3/19,3:09:21 PM,0,10.619,6.4
11/3/19,3:39:21 PM,0,10.617,6.4
11/3/19,4:09:21 PM,0,10.616,6.4
11/3/19,4:39:21 PM,0,10.616,6.4
11/3/19,5:09:21 PM,0,10.614,6.4
11/3/19,5:39:21 PM,0,10.614,6.4
11/3/19,6:09:21 PM,0,10.613,6.4
11/3/19,6:39:21 PM,0,10.613,6.4
11/3/19,7:09:21 PM,0,10.611,6.3
11/3/19,7:39:21 PM,0,10.613,6.3
11/3/19,8:09:21 PM,0,10.611,6.3
11/3/19,8:39:21 PM,0,10.61,6.3
11/3/19,9:09:21 PM,0,10.608,6.3
11/3/19,9:39:21 PM,0,10.607,6.3
11/3/19,10:09:21 PM,0,10.607,6.3
11/3/19,10:39:21 PM,0,10.607,6.3
11/3/19,11:09:21 PM,0,10.605,6.3
11/3/19,11:39:21 PM,0,10.604,6.3
11/4/19,12:09:21 AM,0,10.601,6.3
11/4/19,12:39:21 AM,0,10.601,6.3
11/4/19,1:09:21 AM,0,10.601,6.3
11/4/19,1:39:21 AM,0,10.599,6.3
11/4/19,2:09:21 AM,0,10.598,6.3
11/4/19,2:39:21 AM,0,10.598,6.3
11/4/19,3:09:21 AM,0,10.599,6.3
11/4/19,3:39:21 AM,0,10.599,6.3
11/4/19,4:09:21 AM,0,10.598,6.3
11/4/19,4:39:21 AM,0,10.598,6.3
11/4/19,5:09:21 AM,0,10.599,6.3
11/4/19,5:39:21 AM,0,10.602,6.3
11/4/19,6:09:21 AM,0,10.605,6.3
11/4/19,6:39:21 AM,0,10.607,6.3
11/4/19,7:09:21 AM,0,10.608,6.3
11/4/19,7:39:21 AM,0,10.611,6.3
11/4/19,8:09:21 AM,0,10.617,6.3
11/4/19,8:39:21 AM,0,10.623,6.3
11/4/19,9:09:21 AM,0,10.626,6.3
11/4/19,9:39:21 AM,0,10.628,6.3
11/4/19,10:09:21 AM,0,10.629,6.3
11/4/19,10:39:21 AM,0,10.631,6.3
11/4/19,11:09:21 AM,0,10.632,6.3
11/4/19,11:39:21 AM,0,10.635,6.3
11/4/19,12:09:21 PM,0,10.637,6.3
11/4/19,12:39:21 PM,0,10.638,6.3
11/4/19,1:09:21 PM,0,10.64,6.3
11/4/19,1:39:21 PM,0,10.638,6.3
11/4/19,2:09:21 PM,0,10.638,6.3
11/4/19,2:39:21 PM,0,10.64,6.3
11/4/19,3:09:21 PM,0,10.64,6.3
11/4/19,3:39:21 PM,0,10.64,6.3
11/4/19,4:09:21 PM,0,10.641,6.3
11/4/19,4:39:21 PM,0,10.644,6.3
11/4/19,5:09:21 PM,0,10.649,6.3
11/4/19,5:39:21 PM,0,10.655,6.3
11/4/19,6:09:21 PM,0,10.659,6.3
11/4/19,6:39:21 PM,0,10.667,6.3
11/4/19,7:09:21 PM,0,10.674,6.3
11/4/19,7:39:21 PM,0,10.679,6.3
11/4/19,8:09:21 PM,0,10.683,6.3
11/4/19,8:39:21 PM,0,10.685,6.3
11/4/19,9:09:21 PM,0,10.686,6.2
11/4/19,9:39:21 PM,0,10.688,6.2
11/4/19,10:09:21 PM,0,10.691,6.2
11/4/19,10:39:21 PM,0,10.694,6.2
11/4/19,11:09:21 PM,0,10.695,6.2
11/4/19,11:39:21 PM,0,10.697,6.2
11/5/19,12:09:21 AM,0,10.697,6.2
11/5/19,12:39:21 AM,0,10.698,6.2
11/5/19,1:09:21 AM,0,10.7,6.2
11/5/19,1:39:21 AM,0,10.701,6.2
11/5/19,2:09:21 AM,0,10.703,6.2
11/5/19,2:39:21 AM,0,10.706,6.2
11/5/19,3:09:21 AM,0,10.707,6.2
11/5/19,3:39:21 AM,0,10.707,6.2
11/5/19,4:09:21 AM,0,10.709,6.2
11/5/19,4:39:21 AM,0,10.712,6.2
11/5/19,5:09:21 AM,0,10.713,6.2
11/5/19,5:39:21 AM,0,10.716,6.2
11/5/19,6:09:21 AM,0,10.718,6.2
11/5/19,6:39:21 AM,0,10.719,6.2
11/5/19,7:09:21 AM,0,10.719,6.2
11/5/19,7:39:21 AM,0,10.721,6.2
11/5/19,8:09:21 AM,0,10.722,6.2
11/5/19,8:39:21 AM,0,10.725,6.2
11/5/19,9:09:21 AM,0,10.73,6.2
11/5/19,9:39:21 AM,0,10.731,6.2
11/5/19,10:09:21 AM,0,10.73,6.2
11/5/19,10:39:21 AM,0,10.73,6.2
11/5/19,11:09:21 AM,0,10.73,6.2
11/5/19,11:39:21 AM,0,10.733,6.2
11/5/19,12:09:21 PM,0,10.733,6.2
11/5/19,12:39:21 PM,0,10.731,6.2
11/5/19,1:09:21 PM,0,10.728,6.2
11/5/19,1:39:21 PM,0,10.725,6.2
11/5/19,2:09:21 PM,0,10.722,6.2
11/5/19,2:39:21 PM,0,10.724,6.2
11/5/19,3:09:21 PM,0,10.724,6.2
11/5/19,3:39:21 PM,0,10.722,6.2
11/5/19,4:09:21 PM,0,10.724,6.2
11/5/19,4:39:21 PM,0,10.725,6.2
11/5/19,5:09:21 PM,0,10.725,6.2
11/5/19,5:39:21 PM,0,10.727,6.2
11/5/19,6:09:21 PM,0,10.727,6.2
11/5/19,6:39:21 PM,0,10.73,6.2
11/5/19,7:09:21 PM,0,10.734,6.2
11/5/19,7:39:21 PM,0,10.731,6.2
11/5/19,8:09:21 PM,0,10.728,6.2
11/5/19,8:39:21 PM,0,10.73,6.2
11/5/19,9:09:21 PM,0,10.733,6.2
11/5/19,9:39:21 PM,0,10.734,6.2
11/5/19,10:09:21 PM,0,10.736,6.2
11/5/19,10:39:21 PM,0,10.736,6.2
11/5/19,11:09:21 PM,0,10.731,6.1
11/5/19,11:39:21 PM,0,10.733,6.1
11/6/19,12:09:21 AM,0,10.733,6.1
11/6/19,12:39:21 AM,0,10.734,6.1
11/6/19,1:09:21 AM,0,10.736,6.1
11/6/19,1:39:21 AM,0,10.734,6.1
11/6/19,2:09:21 AM,0,10.733,6.1
11/6/19,2:39:21 AM,0,10.731,6.1
11/6/19,3:09:21 AM,0,10.733,6.1
11/6/19,3:39:21 AM,0,10.733,6.1
11/6/19,4:09:21 AM,0,10.733,6.1
11/6/19,4:39:21 AM,0,10.733,6.1
11/6/19,5:09:21 AM,0,10.734,6.1
11/6/19,5:39:21 AM,0,10.736,6.1
11/6/19,6:09:21 AM,0,10.742,6.1
11/6/19,6:39:21 AM,0,10.743,6.1
11/6/19,7:09:21 AM,0,10.746,6.1
11/6/19,7:39:21 AM,0,10.748,6.1
11/6/19,8:09:21 AM,0,10.752,6.1
11/6/19,8:39:21 AM,0,10.758,6.1
11/6/19,9:09:21 AM,0,10.763,6.1
11/6/19,9:39:21 AM,0,10.767,6.1
11/6/19,10:09:21 AM,0,10.77,6.1
11/6/19,10:39:21 AM,0,10.775,6.1
11/6/19,11:09:21 AM,0,10.776,6.1
11/6/19,11:39:21 AM,0,10.781,6.1
11/6/19,12:09:21 PM,0,10.784,6.1
11/6/19,12:39:21 PM,0,10.782,6.1
11/6/19,1:09:21 PM,0,10.782,6.1
11/6/19,1:39:21 PM,0,10.784,6.1
11/6/19,2:09:21 PM,0,10.785,6.1
11/6/19,2:39:21 PM,0,9.971,-2.6
11/6/19,3:09:21 PM,0,9.987,-0.9
11/6/19,3:39:21 PM,0,10.002,1.4
11/6/19,4:09:21 PM,0,9.998,14.1
11/6/19,4:39:21 PM,0,10.004,16.7
11/6/19,5:09:21 PM,0,10.008,18.6
11/6/19,5:39:21 PM,0,10.01,19.4
11/6/19,6:09:21 PM,0,10.013,19.7
11/6/19,6:39:21 PM,0,10.017,19.9
11/6/19,7:09:21 PM,0,10.019,20
11/6/19,7:39:21 PM,0,10.02,20.3
11/6/19,8:09:21 PM,0,10.023,21.1
11/6/19,8:39:21 PM,0,10.023,21.4
11/6/19,9:09:21 PM,0,10.025,21.6
11/6/19,9:39:21 PM,0,10.026,21.7
11/6/19,10:09:21 PM,0,10.029,21.7
11/6/19,10:39:21 PM,0,10.029,21.6
11/6/19,11:09:21 PM,0,10.031,21.5
11/6/19,11:39:21 PM,0,10.031,21.5
11/7/19,12:09:21 AM,0,10.029,21.4
11/7/19,12:39:21 AM,0,10.029,21.3
11/7/19,1:09:21 AM,0,10.031,21.2
11/7/19,1:39:21 AM,0,10.031,21.1
11/7/19,2:09:21 AM,0,10.028,21
11/7/19,2:39:21 AM,0,10.028,20.9
11/7/19,3:09:21 AM,0,10.028,20.8
11/7/19,3:39:21 AM,0,10.026,20.8
11/7/19,4:09:21 AM,0,10.026,20.7
11/7/19,4:39:21 AM,0,10.025,20.6
11/7/19,5:09:21 AM,0,10.022,20.5
11/7/19,5:39:21 AM,0,10.023,20.5
11/7/19,6:09:21 AM,0,10.023,20.4
11/7/19,6:39:21 AM,0,10.023,20.4
11/7/19,7:09:21 AM,0,10.023,20.1
11/7/19,7:39:21 AM,0,10.022,19.4
11/7/19,8:09:21 AM,0,10.023,19.3
11/7/19,8:39:21 AM,0,10.025,19.7
11/7/19,9:09:21 AM,0,10.025,20.2
11/7/19,9:39:21 AM,0,10.025,20.5
11/7/19,10:09:21 AM,0,10.023,20.8
11/7/19,10:39:21 AM,0,10.023,21.2
11/7/19,11:09:21 AM,0,10.022,21.5
11/7/19,11:39:21 AM,0,10.022,21.7
11/7/19,12:09:21 PM,0,10.02,21.7
11/7/19,12:39:21 PM,0,10.017,21.7
11/7/19,1:09:21 PM,0,10.014,21.6
11/7/19,1:39:21 PM,0,10.011,21.6
11/7/19,2:09:21 PM,0,10.011,21.6
11/7/19,2:39:21 PM,0,10.01,21.5
11/7/19,3:09:21 PM,0,10.008,21.4
11/7/19,3:39:21 PM,0,10.008,21.4
11/7/19,4:09:21 PM,0,10.01,21.3
11/7/19,4:39:21 PM,0,10.01,21.3
11/7/19,5:09:21 PM,0,10.013,21.3
11/7/19,5:39:21 PM,0,10.011,21
11/7/19,6:09:21 PM,0,10.011,20.3
11/7/19,6:39:21 PM,0,10.013,20.3
11/7/19,7:09:21 PM,0,10.016,20.3
11/7/19,7:39:21 PM,0,10.016,20.6
11/7/19,8:09:21 PM,0,10.016,21.2
11/7/19,8:39:21 PM,0,10.016,21.5
11/7/19,9:09:21 PM,0,10.013,21.6
11/7/19,9:39:21 PM,0,10.014,21.5
11/7/19,10:09:21 PM,0,10.014,21.5
11/7/19,10:39:21 PM,0,10.014,21.3
11/7/19,11:09:21 PM,0,10.013,21.2
11/7/19,11:39:21 PM,0,10.011,21.1
11/8/19,12:09:21 AM,0,10.011,21
11/8/19,12:39:21 AM,0,10.01,20.9
11/8/19,1:09:21 AM,0,10.007,20.8
11/8/19,1:39:21 AM,0,10.008,20.7
11/8/19,2:09:21 AM,0,10.004,20.6
11/8/19,2:39:21 AM,0,9.998,20.5
11/8/19,3:09:21 AM,0,9.993,20.4
11/8/19,3:39:21 AM,0,9.99,20.3
11/8/19,4:09:21 AM,0,9.986,20.3
11/8/19,4:39:21 AM,0,9.983,20.2
11/8/19,5:09:21 AM,0,9.978,20.1
11/8/19,5:39:21 AM,0,9.975,20.1
11/8/19,6:09:21 AM,0,9.974,20
11/8/19,6:39:21 AM,0,9.972,20
11/8/19,7:09:21 AM,0,9.969,19.9
11/8/19,7:39:21 AM,0,9.966,19.3
11/8/19,8:09:21 AM,0,9.963,19.1
11/8/19,8:39:21 AM,0,9.959,19.3
11/8/19,9:09:21 AM,0,9.953,19.7
11/8/19,9:39:21 AM,0,9.945,20.2
11/8/19,10:09:21 AM,0,9.941,21
11/8/19,10:39:21 AM,0,9.938,21.7
11/8/19,11:09:21 AM,0,9.932,21.8
11/8/19,11:39:21 AM,0,9.924,21.7
11/8/19,12:09:21 PM,0,9.917,21.6
11/8/19,12:39:21 PM,0,9.911,21.5
11/8/19,1:09:21 PM,0,9.902,21.6
11/8/19,1:39:21 PM,0,9.894,21.8
11/8/19,2:09:21 PM,0,9.885,21.9
11/8/19,2:39:21 PM,0,9.881,21.9
11/8/19,3:09:21 PM,0,9.878,21.9
11/8/19,3:39:21 PM,0,9.872,21.9
11/8/19,4:09:21 PM,0,9.864,21.8
11/8/19,4:39:21 PM,0,9.86,21.8
11/8/19,5:09:21 PM,0,9.857,21.8
11/8/19,5:39:21 PM,0,9.852,21.4
11/8/19,6:09:21 PM,0,9.848,21.1
11/8/19,6:39:21 PM,0,9.849,21
11/8/19,7:09:21 PM,0,9.845,21
11/8/19,7:39:21 PM,0,9.836,21.2
11/8/19,8:09:21 PM,0,9.833,21.8
11/8/19,8:39:21 PM,0,9.827,22.1
11/8/19,9:09:21 PM,0,9.824,22.3
11/8/19,9:39:21 PM,0,9.819,22.3
11/8/19,10:09:21 PM,0,9.816,22.3
11/8/19,10:39:21 PM,0,9.815,22.2
11/8/19,11:09:21 PM,0,9.81,22.2
11/8/19,11:39:21 PM,0,9.806,22.1
11/9/19,12:09:21 AM,0,9.804,22.1
11/9/19,12:39:21 AM,0,9.8,22.1
11/9/19,1:09:21 AM,0,9.797,22
11/9/19,1:39:21 AM,0,9.798,22
11/9/19,2:09:21 AM,0,9.797,22
11/9/19,2:39:21 AM,0,9.794,22
11/9/19,3:09:21 AM,0,9.791,21.9
11/9/19,3:39:21 AM,0,9.791,21.9
11/9/19,4:09:21 AM,0,9.792,21.9
11/9/19,4:39:21 AM,0,9.792,21.9
11/9/19,5:09:21 AM,0,9.792,21.9
11/9/19,5:39:21 AM,0,9.795,21.9
11/9/19,6:09:21 AM,0,9.797,21.9
11/9/19,6:39:21 AM,0,9.798,21.9
11/9/19,7:09:21 AM,0,9.798,21.9
11/9/19,7:39:21 AM,0,9.797,21.8
11/9/19,8:09:21 AM,0,9.798,21.8
11/9/19,8:39:21 AM,0,9.801,21.8
11/9/19,9:09:21 AM,0,9.801,21.7
11/9/19,9:39:21 AM,0,9.804,21.7
11/9/19,10:09:21 AM,0,9.806,21.7
11/9/19,10:39:21 AM,0,9.804,21.7
11/9/19,11:09:21 AM,0,9.803,21.6
11/9/19,11:39:21 AM,0,9.807,21.6
11/9/19,12:09:21 PM,0,9.81,21.6
11/9/19,12:39:21 PM,0,9.807,21.6
11/9/19,1:09:21 PM,0,9.806,21.6
11/9/19,1:39:21 PM,0,9.806,21.6
11/9/19,2:09:21 PM,0,9.801,21.6
11/9/19,2:39:21 PM,0,9.8,21.6
11/9/19,3:09:21 PM,0,9.803,21.6
11/9/19,3:39:21 PM,0,9.801,21.6
11/9/19,4:09:21 PM,0,9.807,21.7
11/9/19,4:39:21 PM,0,9.81,21.7
11/9/19,5:09:21 PM,0,9.812,21.7
11/9/19,5:39:21 PM,0,9.818,21.7
11/9/19,6:09:21 PM,0,9.818,21.7
11/9/19,6:39:21 PM,0,9.822,21.7
11/9/19,7:09:21 PM,0,9.822,21.7
11/9/19,7:39:21 PM,0,9.825,21.7
11/9/19,8:09:21 PM,0,9.828,21.8
11/9/19,8:39:21 PM,0,9.831,21.8
11/9/19,9:09:21 PM,0,9.83,21.8
11/9/19,9:39:21 PM,0,9.833,21.8
11/9/19,10:09:21 PM,0,9.837,21.8
11/9/19,10:39:21 PM,0,9.842,21.8
11/9/19,11:09:21 PM,0,9.845,21.9
11/9/19,11:39:21 PM,0,9.845,21.9
11/10/19,12:09:21 AM,0,9.849,21.9
11/10/19,12:39:21 AM,0,9.851,21.9
11/10/19,1:09:21 AM,0,9.861,21.9
11/10/19,1:39:21 AM,0,9.861,21.8
11/10/19,2:09:21 AM,0,9.86,21.8
11/10/19,2:39:21 AM,0,9.866,21.8
11/10/19,3:09:21 AM,0,9.872,21.8
11/10/19,3:39:21 AM,0,9.878,21.7
11/10/19,4:09:21 AM,0,9.884,21.7
11/10/19,4:39:21 AM,0,9.885,21.7
11/10/19,5:09:21 AM,0,9.89,21.7
11/10/19,5:39:21 AM,0,9.891,21.7
11/10/19,6:09:21 AM,0,9.893,21.7
11/10/19,6:39:21 AM,0,9.902,21.7
11/10/19,7:09:21 AM,0,9.906,21.7
11/10/19,7:39:21 AM,0,9.908,21.6
11/10/19,8:09:21 AM,0,9.918,21.6
11/10/19,8:39:21 AM,0,9.924,21.6
11/10/19,9:09:21 AM,0,9.933,21.5
11/10/19,9:39:21 AM,0,9.938,21.5
11/10/19,10:09:21 AM,0,9.939,21.4
11/10/19,10:39:21 AM,0,9.942,21.4
11/10/19,11:09:21 AM,0,9.942,21.4
11/10/19,11:39:21 AM,0,9.944,21.4
11/10/19,12:09:21 PM,0,9.948,21.4
11/10/19,12:39:21 PM,0,9.947,21.3
11/10/19,1:09:21 PM,0,9.95,21.3
11/10/19,1:39:21 PM,0,9.953,21.4
11/10/19,2:09:21 PM,0,9.956,21.5
11/10/19,2:39:21 PM,0,9.957,21.5
11/10/19,3:09:21 PM,0,9.956,21.5
11/10/19,3:39:21 PM,0,9.956,21.5
11/10/19,4:09:21 PM,0,9.959,21.5
11/10/19,4:39:21 PM,0,9.959,21.4
11/10/19,5:09:21 PM,0,9.963,21.4
11/10/19,5:39:21 PM,0,9.971,21.4
11/10/19,6:09:21 PM,0,9.972,21.3
11/10/19,6:39:21 PM,0,9.975,21.3
11/10/19,7:09:21 PM,0,9.978,21.3
11/10/19,7:39:21 PM,0,9.98,21.2
11/10/19,8:09:21 PM,0,9.983,21.2
11/10/19,8:39:21 PM,0,9.983,21.2
11/10/19,9:09:21 PM,0,9.984,21.2
11/10/19,9:39:21 PM,0,9.987,21.2
11/10/19,10:09:21 PM,0,9.989,21.1
11/10/19,10:39:21 PM,0,9.992,21.1
11/10/19,11:09:21 PM,0,9.998,21
11/10/19,11:39:21 PM,0,10.002,21
11/11/19,12:09:21 AM,0,10.002,20.9
11/11/19,12:39:21 AM,0,10.002,20.9
11/11/19,1:09:21 AM,0,10.002,20.8
11/11/19,1:39:21 AM,0,10.007,20.8
11/11/19,2:09:21 AM,0,10.004,20.8
11/11/19,2:39:21 AM,0,10.002,20.8
11/11/19,3:09:21 AM,0,10.007,20.8
11/11/19,3:39:21 AM,0,10.008,20.7
11/11/19,4:09:21 AM,0,10.011,20.7
11/11/19,4:39:21 AM,0,10.011,20.7
11/11/19,5:09:21 AM,0,10.016,20.7
11/11/19,5:39:21 AM,0,10.016,20.6
11/11/19,6:09:21 AM,0,10.019,20.6
11/11/19,6:39:21 AM,0,10.022,20.6
11/11/19,7:09:21 AM,0,10.022,20.2
11/11/19,7:39:21 AM,0,10.023,19.5
11/11/19,8:09:21 AM,0,10.023,19.2
11/11/19,8:39:21 AM,0,10.028,19.5
11/11/19,9:09:21 AM,0,10.031,19.9
11/11/19,9:39:21 AM,0,10.034,20.3
11/11/19,10:09:21 AM,0,10.035,20.7
11/11/19,10:39:21 AM,0,10.035,20.9
11/11/19,11:09:21 AM,0,10.037,21
11/11/19,11:39:21 AM,0,10.037,21.1
11/11/19,12:09:21 PM,0,10.038,21.3
11/11/19,12:39:21 PM,0,10.035,21.4
11/11/19,1:09:21 PM,0,10.034,21.5
11/11/19,1:39:21 PM,0,10.032,21.6
11/11/19,2:09:21 PM,0,10.031,21.7
11/11/19,2:39:21 PM,0,10.029,21.8
11/11/19,3:09:21 PM,0,10.028,21.8
11/11/19,3:39:21 PM,0,10.029,21.8
11/11/19,4:09:21 PM,0,10.031,21.9
11/11/19,4:39:21 PM,0,10.032,21.9
11/11/19,5:09:21 PM,0,10.032,21.6
11/11/19,5:39:21 PM,0,10.034,21.5
11/11/19,6:09:21 PM,0,10.035,21.3
11/11/19,6:39:21 PM,0,10.035,21.2
11/11/19,7:09:21 PM,0,10.038,21.2
11/11/19,7:39:21 PM,0,10.04,21.4
11/11/19,8:09:21 PM,0,10.04,21.9
11/11/19,8:39:21 PM,0,10.04,22.2
11/11/19,9:09:21 PM,0,10.04,22.4
11/11/19,9:39:21 PM,0,10.041,22.4
11/11/19,10:09:21 PM,0,10.043,22.3
11/11/19,10:39:21 PM,0,10.043,22.2
11/11/19,11:09:21 PM,0,10.041,22.1
11/11/19,11:39:21 PM,0,10.04,22
11/12/19,12:09:21 AM,0,10.035,21.8
11/12/19,12:39:21 AM,0,10.035,21.7
11/12/19,1:09:21 AM,0,10.034,21.5
11/12/19,1:39:21 AM,0,10.032,21.4
11/12/19,2:09:21 AM,0,10.029,21.3
11/12/19,2:39:21 AM,0,10.026,21.2
11/12/19,3:09:21 AM,0,10.026,21.1
11/12/19,3:39:21 AM,0,10.025,21
11/12/19,4:09:21 AM,0,10.023,20.9
11/12/19,4:39:21 AM,0,10.017,20.8
11/12/19,5:09:21 AM,0,10.013,20.7
11/12/19,5:39:21 AM,0,10.011,20.7
11/12/19,6:09:21 AM,0,10.008,20.6
11/12/19,6:39:21 AM,0,10.004,20.5
11/12/19,7:09:21 AM,0,10.001,20.2
11/12/19,7:39:21 AM,0,10.001,19.4
11/12/19,8:09:21 AM,0,9.998,19.2
11/12/19,8:39:21 AM,0,9.996,19.4
11/12/19,9:09:21 AM,0,9.998,20
11/12/19,9:39:21 AM,0,9.993,20.6
11/12/19,10:09:21 AM,0,9.986,21.4
11/12/19,10:39:21 AM,0,9.981,22.1
11/12/19,11:09:21 AM,0,9.978,22.7
11/12/19,11:39:21 AM,0,9.975,23.2
11/12/19,12:09:21 PM,0,9.972,23.2
11/12/19,12:39:21 PM,0,9.962,23
11/12/19,1:09:21 PM,0,9.954,22.7
11/12/19,1:39:21 PM,0,9.945,22.6
11/12/19,2:09:21 PM,0,9.939,22.6
11/12/19,2:39:21 PM,0,9.929,22.6
11/12/19,3:09:21 PM,0,9.918,22.5
11/12/19,3:39:21 PM,0,9.914,22.4
11/12/19,4:09:21 PM,0,9.903,22.3
11/12/19,4:39:21 PM,0,9.896,22.3
11/12/19,5:09:21 PM,0,9.888,22.1
11/12/19,5:39:21 PM,0,9.882,21.6
11/12/19,6:09:21 PM,0,9.879,21.4
11/12/19,6:39:21 PM,0,9.881,21.4
11/12/19,7:09:21 PM,0,9.881,21.4
11/12/19,7:39:21 PM,0,9.875,21.5
11/12/19,8:09:21 PM,0,9.872,22
11/12/19,8:39:21 PM,0,9.867,22.2
11/12/19,9:09:21 PM,0,9.861,22.3
11/12/19,9:39:21 PM,0,9.858,22.2
11/12/19,10:09:21 PM,0,9.855,22
11/12/19,10:39:21 PM,0,9.852,21.8
11/12/19,11:09:21 PM,0,9.848,21.6
11/12/19,11:39:21 PM,0,9.843,21.5
11/13/19,12:09:21 AM,0,9.84,21.3
11/13/19,12:39:21 AM,0,9.834,21.2
11/13/19,1:09:21 AM,0,9.828,21.1
11/13/19,1:39:21 AM,0,9.825,21
11/13/19,2:09:21 AM,0,9.822,21
11/13/19,2:39:21 AM,0,9.818,20.9
11/13/19,3:09:21 AM,0,9.815,20.8
11/13/19,3:39:21 AM,0,9.815,20.7
11/13/19,4:09:21 AM,0,9.815,20.7
11/13/19,4:39:21 AM,0,9.81,20.7
11/13/19,5:09:21 AM,0,9.812,20.7
11/13/19,5:39:21 AM,0,9.81,20.7
11/13/19,6:09:21 AM,0,9.809,20.7
11/13/19,6:39:21 AM,0,9.81,20.7
11/13/19,7:09:21 AM,0,9.81,20.4
11/13/19,7:39:21 AM,0,9.81,19.9
11/13/19,8:09:21 AM,0,9.812,19.7
11/13/19,8:39:21 AM,0,9.813,19.8
11/13/19,9:09:21 AM,0,9.818,20.2
11/13/19,9:39:21 AM,0,9.818,20.7
11/13/19,10:09:21 AM,0,9.819,21.4
11/13/19,10:39:21 AM,0,9.819,21.9
11/13/19,11:09:21 AM,0,9.821,22.1
11/13/19,11:39:21 AM,0,9.821,22.2
11/13/19,12:09:21 PM,0,9.821,22.1
11/13/19,12:39:21 PM,0,9.822,21.9
11/13/19,1:09:21 PM,0,9.821,21.7
11/13/19,1:39:21 PM,0,9.821,21.5
11/13/19,2:09:21 PM,0,9.822,21.4
11/13/19,2:39:21 PM,0,9.824,21.3
11/13/19,3:09:21 PM,0,9.825,21.2
11/13/19,3:39:21 PM,0,9.828,21.1
11/13/19,4:09:21 PM,0,9.831,21
11/13/19,4:39:21 PM,0,9.836,21
11/13/19,5:09:21 PM,0,9.837,21
11/13/19,5:39:21 PM,0,9.84,21
11/13/19,6:09:21 PM,0,9.845,21
11/13/19,6:39:21 PM,0,9.851,21.2
11/13/19,7:09:21 PM,0,9.855,21.2
11/13/19,7:39:21 PM,0,9.86,21.4
11/13/19,8:09:21 PM,0,9.863,21.8
11/13/19,8:39:21 PM,0,9.867,22.1
11/13/19,9:09:21 PM,0,9.87,22.3
11/13/19,9:39:21 PM,0,9.872,22.4
11/13/19,10:09:21 PM,0,9.876,22.5
11/13/19,10:39:21 PM,0,9.878,22.5
11/13/19,11:09:21 PM,0,9.881,22.5
11/13/19,11:39:21 PM,0,9.884,22.5
11/14/19,12:09:21 AM,0,9.885,22.5
11/14/19,12:39:21 AM,0,9.887,22.4
11/14/19,1:09:21 AM,0,9.888,22.4
11/14/19,1:39:21 AM,0,9.89,22.3
11/14/19,2:09:21 AM,0,9.893,22.3
11/14/19,2:39:21 AM,0,9.894,22.2
11/14/19,3:09:21 AM,0,9.896,22.1
11/14/19,3:39:21 AM,0,9.899,22.1
11/14/19,4:09:21 AM,0,9.897,22
11/14/19,4:39:21 AM,0,9.899,22
11/14/19,5:09:21 AM,0,9.899,21.9
11/14/19,5:39:21 AM,0,9.9,21.9
11/14/19,6:09:21 AM,0,9.903,21.8
11/14/19,6:39:21 AM,0,9.903,21.8
11/14/19,7:09:21 AM,0,9.902,21.6
11/14/19,7:39:21 AM,0,9.9,21.1
11/14/19,8:09:21 AM,0,9.903,20.8
11/14/19,8:39:21 AM,0,9.905,20.8
11/14/19,9:09:21 AM,0,9.905,21
11/14/19,9:39:21 AM,0,9.905,21.3
11/14/19,10:09:21 AM,0,9.899,21.6
11/14/19,10:39:21 AM,0,9.9,21.7
11/14/19,11:09:21 AM,0,9.896,21.6
11/14/19,11:39:21 AM,0,9.896,21.4
11/14/19,12:09:21 PM,0,9.89,21.3
11/14/19,12:39:21 PM,0,9.887,21.2
11/14/19,1:09:21 PM,0,9.885,21.2
11/14/19,1:39:21 PM,0,9.879,21.2
11/14/19,2:09:21 PM,0,9.878,21.2
11/14/19,2:39:21 PM,0,9.87,21.1
11/14/19,3:09:21 PM,0,9.867,21.1
11/14/19,3:39:21 PM,0,9.866,20.7
11/14/19,4:09:21 PM,0,9.864,20.8
11/14/19,4:39:21 PM,0,9.869,20.9
11/14/19,5:09:21 PM,0,9.873,20.9
11/14/19,5:39:21 PM,0,9.873,20.8
11/14/19,6:09:21 PM,0,9.875,20.7
11/14/19,6:39:21 PM,0,9.879,20.6
11/14/19,7:09:21 PM,0,9.884,20.6
11/14/19,7:39:21 PM,0,9.882,20.7
11/14/19,8:09:21 PM,0,9.882,21.1
11/14/19,8:39:21 PM,0,9.887,21.6
11/14/19,9:09:21 PM,0,9.887,21.9
11/14/19,9:39:21 PM,0,9.894,22.2
11/14/19,10:09:21 PM,0,9.899,22.3
11/14/19,10:39:21 PM,0,9.902,22.4
11/14/19,11:09:21 PM,0,9.903,22.4
11/14/19,11:39:21 PM,0,9.909,22.5
11/15/19,12:09:21 AM,0,9.914,22.5
11/15/19,12:39:21 AM,0,9.917,22.5
11/15/19,1:09:21 AM,0,9.92,22.4
11/15/19,1:39:21 AM,0,9.924,22.4
11/15/19,2:09:21 AM,0,9.929,22.4
11/15/19,2:39:21 AM,0,9.929,22.3
11/15/19,3:09:21 AM,0,9.933,22.3
11/15/19,3:39:21 AM,0,9.935,22.2
11/15/19,4:09:21 AM,0,9.939,22.2
11/15/19,4:39:21 AM,0,9.941,22.1
11/15/19,5:09:21 AM,0,9.942,22.1
11/15/19,5:39:21 AM,0,9.945,22
11/15/19,6:09:21 AM,0,9.948,22
11/15/19,6:39:21 AM,0,9.954,22
11/15/19,7:09:21 AM,0,9.956,21.8
11/15/19,7:39:21 AM,0,9.957,21
11/15/19,8:09:21 AM,0,9.96,20.5
11/15/19,8:39:21 AM,0,9.963,20.4
11/15/19,9:09:21 AM,0,9.966,20.6
11/15/19,9:39:21 AM,0,9.971,21.1
11/15/19,10:09:21 AM,0,9.98,21.7
11/15/19,10:39:21 AM,0,9.978,21.9
11/15/19,11:09:21 AM,0,9.98,22
11/15/19,11:39:21 AM,0,9.984,22
11/15/19,12:09:21 PM,0,9.983,21.9
11/15/19,12:39:21 PM,0,9.983,21.9
11/15/19,1:09:21 PM,0,9.981,21.8
11/15/19,1:39:21 PM,0,9.977,21.7
11/15/19,2:09:21 PM,0,9.977,22.3
11/15/19,2:39:21 PM,0,9.974,21.6